antecedent_str,consequent_str,support,confidence,lift,leverage,conviction,antecedent_items,consequent_items,antecedent_len,consequent_len
"Cheese, Sugar, Tomato Sauce, Milk","Coffee, Pasta",0.02,0.8474576271186441,14.412544678888507,0.01861232,6.170088888888892,"['Cheese', 'Sugar', 'Tomato Sauce', 'Milk']","['Coffee', 'Pasta']",4,2
"Coffee, Pasta","Cheese, Sugar, Tomato Sauce, Milk",0.02,0.34013605442176875,14.412544678888507,0.01861232,1.4796989690721651,"['Coffee', 'Pasta']","['Cheese', 'Sugar', 'Tomato Sauce', 'Milk']",2,4
"Diapers, Tomato Sauce","Pasta, Baby Wipes",0.0248,0.6262626262626262,14.105014105014103,0.023041759999999998,2.556875675675675,"['Diapers', 'Tomato Sauce']","['Pasta', 'Baby Wipes']",2,2
"Pasta, Baby Wipes","Diapers, Tomato Sauce",0.0248,0.5585585585585585,14.105014105014103,0.023041759999999998,2.1755999999999998,"['Pasta', 'Baby Wipes']","['Diapers', 'Tomato Sauce']",2,2
"Cheese, Coffee, Tomato Sauce","Pasta, Sugar, Milk",0.02,0.574712643678161,13.815207780725025,0.01855232,2.253535135135136,"['Cheese', 'Coffee', 'Tomato Sauce']","['Pasta', 'Sugar', 'Milk']",3,3
"Pasta, Sugar, Milk","Cheese, Coffee, Tomato Sauce",0.02,0.4807692307692308,13.815207780725023,0.01855232,1.8589037037037042,"['Pasta', 'Sugar', 'Milk']","['Cheese', 'Coffee', 'Tomato Sauce']",3,3
"Pasta, Diapers","Tomato Sauce, Baby Wipes",0.0248,0.7045454545454545,13.65398167723749,0.02298368,3.20996923076923,"['Pasta', 'Diapers']","['Tomato Sauce', 'Baby Wipes']",2,2
"Tomato Sauce, Baby Wipes","Pasta, Diapers",0.0248,0.48062015503875966,13.65398167723749,0.02298368,1.8576,"['Tomato Sauce', 'Baby Wipes']","['Pasta', 'Diapers']",2,2
"Sugar, Tomato Sauce, Milk","Cheese, Coffee, Pasta",0.02,0.45871559633027525,13.652249890782002,0.01853504,1.7853830508474577,"['Sugar', 'Tomato Sauce', 'Milk']","['Cheese', 'Coffee', 'Pasta']",3,3
"Cheese, Coffee, Pasta","Sugar, Tomato Sauce, Milk",0.02,0.5952380952380952,13.652249890782,0.01853504,2.3628705882352943,"['Cheese', 'Coffee', 'Pasta']","['Sugar', 'Tomato Sauce', 'Milk']",3,3
"Coffee, Tomato Sauce","Cheese, Pasta, Sugar, Milk",0.02,0.3067484662576688,12.997816366850373,0.01846128,1.4084353982300886,"['Coffee', 'Tomato Sauce']","['Cheese', 'Pasta', 'Sugar', 'Milk']",2,4
"Cheese, Pasta, Sugar, Milk","Coffee, Tomato Sauce",0.02,0.8474576271186441,12.99781636685037,0.01846128,6.128133333333336,"['Cheese', 'Pasta', 'Sugar', 'Milk']","['Coffee', 'Tomato Sauce']",4,2
"Cheese, Sugar, Tomato Sauce","Coffee, Pasta, Milk",0.02,0.574712643678161,12.176115332164429,0.01835744,2.240367567567568,"['Cheese', 'Sugar', 'Tomato Sauce']","['Coffee', 'Pasta', 'Milk']",3,3
"Coffee, Pasta, Milk","Cheese, Sugar, Tomato Sauce",0.02,0.42372881355932207,12.176115332164429,0.01835744,1.6749058823529412,"['Coffee', 'Pasta', 'Milk']","['Cheese', 'Sugar', 'Tomato Sauce']",3,3
"Cheese, Coffee, Tomato Sauce, Milk","Pasta, Sugar",0.02,0.7142857142857143,12.065637065637066,0.018342400000000002,3.2928,"['Cheese', 'Coffee', 'Tomato Sauce', 'Milk']","['Pasta', 'Sugar']",4,2
"Pasta, Sugar","Cheese, Coffee, Tomato Sauce, Milk",0.02,0.33783783783783783,12.065637065637064,0.018342400000000002,1.4679183673469387,"['Pasta', 'Sugar']","['Cheese', 'Coffee', 'Tomato Sauce', 'Milk']",2,4
"Cheese, Sugar, Tomato Sauce","Coffee, Pasta",0.0244,0.7011494252873565,11.924309953866606,0.02235376,3.1494000000000018,"['Cheese', 'Sugar', 'Tomato Sauce']","['Coffee', 'Pasta']",3,2
"Coffee, Pasta","Cheese, Sugar, Tomato Sauce",0.0244,0.41496598639455784,11.924309953866606,0.02235376,1.649818604651163,"['Coffee', 'Pasta']","['Cheese', 'Sugar', 'Tomato Sauce']",2,3
"Cheese, Pasta, Sugar","Coffee, Tomato Sauce, Milk",0.02,0.6024096385542169,11.858457451854663,0.01831344,2.3873818181818187,"['Cheese', 'Pasta', 'Sugar']","['Coffee', 'Tomato Sauce', 'Milk']",3,3
"Coffee, Tomato Sauce, Milk","Cheese, Pasta, Sugar",0.02,0.3937007874015748,11.858457451854663,0.01831344,1.5945922077922077,"['Coffee', 'Tomato Sauce', 'Milk']","['Cheese', 'Pasta', 'Sugar']",3,3
"Cheese, Coffee, Tomato Sauce","Pasta, Sugar",0.0244,0.7011494252873565,11.843740292016156,0.02233984,3.14806153846154,"['Cheese', 'Coffee', 'Tomato Sauce']","['Pasta', 'Sugar']",3,2
"Pasta, Sugar","Cheese, Coffee, Tomato Sauce",0.0244,0.41216216216216217,11.843740292016156,0.02233984,1.6419494252873565,"['Pasta', 'Sugar']","['Cheese', 'Coffee', 'Tomato Sauce']",2,3
"Sugar, Tomato Sauce, Milk","Coffee, Pasta",0.0292,0.6697247706422018,11.389877051738127,0.02663632,2.849744444444444,"['Sugar', 'Tomato Sauce', 'Milk']","['Coffee', 'Pasta']",3,2
"Coffee, Pasta","Sugar, Tomato Sauce, Milk",0.0292,0.4965986394557823,11.389877051738127,0.02663632,1.8998756756756756,"['Coffee', 'Pasta']","['Sugar', 'Tomato Sauce', 'Milk']",2,3
"Coffee, Diapers","Sugar, Baby Wipes",0.026,0.6310679611650485,11.350143186421736,0.02370928,2.5598210526315786,"['Coffee', 'Diapers']","['Sugar', 'Baby Wipes']",2,2
"Sugar, Baby Wipes","Coffee, Diapers",0.026,0.4676258992805755,11.350143186421736,0.02370928,1.8009891891891892,"['Sugar', 'Baby Wipes']","['Coffee', 'Diapers']",2,2
"Cheese, Pasta, Sugar","Coffee, Tomato Sauce",0.0244,0.7349397590361446,11.2720821938059,0.022235360000000003,3.526745454545455,"['Cheese', 'Pasta', 'Sugar']","['Coffee', 'Tomato Sauce']",3,2
"Coffee, Tomato Sauce","Cheese, Pasta, Sugar",0.0244,0.3742331288343559,11.2720821938059,0.022235360000000003,1.5449843137254904,"['Coffee', 'Tomato Sauce']","['Cheese', 'Pasta', 'Sugar']",2,3
"Coffee, Baby Wipes","Sugar, Diapers",0.026,0.5,11.26126126126126,0.0236912,1.9112,"['Coffee', 'Baby Wipes']","['Sugar', 'Diapers']",2,2
"Sugar, Diapers","Coffee, Baby Wipes",0.026,0.5855855855855855,11.261261261261259,0.0236912,2.287565217391304,"['Sugar', 'Diapers']","['Coffee', 'Baby Wipes']",2,2
"Cheese, Coffee, Pasta, Milk","Sugar, Tomato Sauce",0.02,0.7352941176470589,10.941876750700281,0.01817216,3.523911111111112,"['Cheese', 'Coffee', 'Pasta', 'Milk']","['Sugar', 'Tomato Sauce']",4,2
"Sugar, Tomato Sauce","Cheese, Coffee, Pasta, Milk",0.02,0.2976190476190476,10.941876750700281,0.01817216,1.3850033898305085,"['Sugar', 'Tomato Sauce']","['Cheese', 'Coffee', 'Pasta', 'Milk']",2,4
"Cheese, Coffee, Pasta","Sugar, Tomato Sauce",0.0244,0.7261904761904763,10.806405895691611,0.02214208,3.4067478260869573,"['Cheese', 'Coffee', 'Pasta']","['Sugar', 'Tomato Sauce']",3,2
"Sugar, Tomato Sauce","Cheese, Coffee, Pasta",0.0244,0.36309523809523814,10.806405895691611,0.02214208,1.5173383177570094,"['Sugar', 'Tomato Sauce']","['Cheese', 'Coffee', 'Pasta']",2,3
"Pasta, Sugar, Milk","Coffee, Tomato Sauce",0.0292,0.701923076923077,10.765691363850875,0.02648768,3.136103225806452,"['Pasta', 'Sugar', 'Milk']","['Coffee', 'Tomato Sauce']",3,2
"Coffee, Tomato Sauce","Pasta, Sugar, Milk",0.0292,0.44785276073619634,10.765691363850873,0.02648768,1.7357688888888891,"['Coffee', 'Tomato Sauce']","['Pasta', 'Sugar', 'Milk']",2,3
"Cheese, Tomato Sauce, Bread","Pasta, Butter",0.0292,0.6822429906542057,10.727091048022102,0.026477920000000002,2.946905882352942,"['Cheese', 'Tomato Sauce', 'Bread']","['Pasta', 'Butter']",3,2
"Pasta, Butter","Cheese, Tomato Sauce, Bread",0.0292,0.45911949685534587,10.7270910480221,0.026477920000000002,1.7697069767441858,"['Pasta', 'Butter']","['Cheese', 'Tomato Sauce', 'Bread']",2,3
"Diapers, Jam, Bread","Baby Wipes, Butter",0.0208,0.7027027027027026,10.71193144363876,0.01885824,3.1429818181818177,"['Diapers', 'Jam', 'Bread']","['Baby Wipes', 'Butter']",3,2
"Baby Wipes, Butter","Diapers, Jam, Bread",0.0208,0.31707317073170727,10.71193144363876,0.01885824,1.420942857142857,"['Baby Wipes', 'Butter']","['Diapers', 'Jam', 'Bread']",2,3
"Bread, Jam, Baby Wipes","Diapers, Butter",0.0208,0.5148514851485149,10.637427379101547,0.01884464,1.961461224489796,"['Bread', 'Jam', 'Baby Wipes']","['Diapers', 'Butter']",3,2
"Diapers, Butter","Bread, Jam, Baby Wipes",0.0208,0.4297520661157025,10.637427379101547,0.01884464,1.682776811594203,"['Diapers', 'Butter']","['Bread', 'Jam', 'Baby Wipes']",2,3
"Bread, Jam, Tomato Sauce","Pasta, Butter",0.0284,0.669811320754717,10.531624540168506,0.02570336,2.8359542857142865,"['Bread', 'Jam', 'Tomato Sauce']","['Pasta', 'Butter']",3,2
"Pasta, Butter","Bread, Jam, Tomato Sauce",0.0284,0.44654088050314467,10.531624540168506,0.02570336,1.730209090909091,"['Pasta', 'Butter']","['Bread', 'Jam', 'Tomato Sauce']",2,3
"Cheese, Tomato Sauce, Butter","Pasta, Bread",0.0292,0.73,10.488505747126437,0.026416000000000002,3.4459259259259256,"['Cheese', 'Tomato Sauce', 'Butter']","['Pasta', 'Bread']",3,2
"Pasta, Bread","Cheese, Tomato Sauce, Butter",0.0292,0.4195402298850575,10.488505747126437,0.026416000000000002,1.6538613861386138,"['Pasta', 'Bread']","['Cheese', 'Tomato Sauce', 'Butter']",2,3
"Coffee, Jam, Bread","Sugar, Milk, Butter",0.0248,0.5438596491228069,10.379000937458148,0.02241056,2.077430769230769,"['Coffee', 'Jam', 'Bread']","['Sugar', 'Milk', 'Butter']",3,3
"Sugar, Milk, Butter","Coffee, Jam, Bread",0.0248,0.47328244274809156,10.379000937458148,0.02241056,1.8119768115942025,"['Sugar', 'Milk', 'Butter']","['Coffee', 'Jam', 'Bread']",3,3
"Pasta, Bread","Jam, Tomato Sauce, Butter",0.0284,0.4080459770114943,9.808797524314768,0.025504640000000002,1.619044660194175,"['Pasta', 'Bread']","['Jam', 'Tomato Sauce', 'Butter']",2,3
"Jam, Tomato Sauce, Butter","Pasta, Bread",0.0284,0.6826923076923077,9.808797524314766,0.025504640000000002,2.932169696969697,"['Jam', 'Tomato Sauce', 'Butter']","['Pasta', 'Bread']",3,2
"Sugar, Cookies, Milk","Coffee, Tea",0.0216,0.5192307692307693,9.759976865240024,0.019386880000000002,1.9693440000000002,"['Sugar', 'Cookies', 'Milk']","['Coffee', 'Tea']",3,2
"Coffee, Tea","Sugar, Cookies, Milk",0.0216,0.406015037593985,9.759976865240024,0.019386880000000002,1.613508860759494,"['Coffee', 'Tea']","['Sugar', 'Cookies', 'Milk']",2,3
"Diapers, Bread, Butter","Jam, Baby Wipes",0.0208,0.5148514851485149,9.750975097509752,0.01866688,1.952391836734694,"['Diapers', 'Bread', 'Butter']","['Jam', 'Baby Wipes']",3,2
"Jam, Baby Wipes","Diapers, Bread, Butter",0.0208,0.3939393939393939,9.750975097509752,0.01866688,1.58334,"['Jam', 'Baby Wipes']","['Diapers', 'Bread', 'Butter']",2,3
"Milk, Sugar, Jam, Bread","Coffee, Butter",0.0248,0.8493150684931506,9.739851702903104,0.022253759999999997,6.057672727272726,"['Milk', 'Sugar', 'Jam', 'Bread']","['Coffee', 'Butter']",4,2
"Coffee, Butter","Milk, Sugar, Jam, Bread",0.0248,0.28440366972477066,9.739851702903104,0.022253759999999997,1.3566307692307693,"['Coffee', 'Butter']","['Milk', 'Sugar', 'Jam', 'Bread']",2,4
"Tea, Sugar, Milk","Coffee, Cookies",0.0216,0.6067415730337079,9.723422644770961,0.019378560000000003,2.384182857142857,"['Tea', 'Sugar', 'Milk']","['Coffee', 'Cookies']",3,2
"Coffee, Cookies","Tea, Sugar, Milk",0.0216,0.3461538461538462,9.723422644770961,0.019378560000000003,1.4749647058823532,"['Coffee', 'Cookies']","['Tea', 'Sugar', 'Milk']",2,3
"Coffee, Tomato Sauce, Milk","Pasta, Sugar",0.0292,0.5748031496062992,9.709512662268567,0.02619264,2.212622222222222,"['Coffee', 'Tomato Sauce', 'Milk']","['Pasta', 'Sugar']",3,2
"Pasta, Sugar","Coffee, Tomato Sauce, Milk",0.0292,0.4932432432432432,9.709512662268567,0.02619264,1.8730879999999999,"['Pasta', 'Sugar']","['Coffee', 'Tomato Sauce', 'Milk']",2,3
"Sugar, Jam, Milk, Butter","Coffee, Bread",0.0248,0.8732394366197183,9.659728281191574,0.022232639999999998,7.17573333333333,"['Sugar', 'Jam', 'Milk', 'Butter']","['Coffee', 'Bread']",4,2
"Coffee, Bread","Sugar, Jam, Milk, Butter",0.0248,0.2743362831858407,9.659728281191573,0.022232639999999998,1.3389121951219511,"['Coffee', 'Bread']","['Sugar', 'Jam', 'Milk', 'Butter']",2,4
"Diapers, Jam","Bread, Baby Wipes, Butter",0.0208,0.52,9.558823529411766,0.018623999999999998,1.97,"['Diapers', 'Jam']","['Bread', 'Baby Wipes', 'Butter']",2,3
"Bread, Baby Wipes, Butter","Diapers, Jam",0.0208,0.3823529411764706,9.558823529411764,0.018623999999999998,1.5542857142857143,"['Bread', 'Baby Wipes', 'Butter']","['Diapers', 'Jam']",3,2
"Jam, Baby Wipes, Butter","Diapers, Bread",0.0208,0.5306122448979592,9.543385699603583,0.01862048,2.0119826086956523,"['Jam', 'Baby Wipes', 'Butter']","['Diapers', 'Bread']",3,2
"Diapers, Bread","Jam, Baby Wipes, Butter",0.0208,0.37410071942446044,9.543385699603583,0.01862048,1.5350712643678162,"['Diapers', 'Bread']","['Jam', 'Baby Wipes', 'Butter']",2,3
"Tomato Sauce, Bread","Cheese, Pasta, Butter",0.0292,0.33181818181818185,9.426652892561984,0.0261024,1.4439183673469387,"['Tomato Sauce', 'Bread']","['Cheese', 'Pasta', 'Butter']",2,3
"Cheese, Pasta, Butter","Tomato Sauce, Bread",0.0292,0.8295454545454545,9.426652892561982,0.0261024,5.350399999999998,"['Cheese', 'Pasta', 'Butter']","['Tomato Sauce', 'Bread']",3,2
"Tomato Sauce, Butter","Pasta, Jam, Bread",0.0284,0.3364928909952607,9.347024749868353,0.0253616,1.4528857142857143,"['Tomato Sauce', 'Butter']","['Pasta', 'Jam', 'Bread']",2,3
"Pasta, Jam, Bread","Tomato Sauce, Butter",0.0284,0.788888888888889,9.347024749868352,0.0253616,4.337052631578949,"['Pasta', 'Jam', 'Bread']","['Tomato Sauce', 'Butter']",3,2
"Pasta, Sugar","Coffee, Tomato Sauce",0.036,0.608108108108108,9.326811474050738,0.03214016,2.3853517241379305,"['Pasta', 'Sugar']","['Coffee', 'Tomato Sauce']",2,2
"Coffee, Tomato Sauce","Pasta, Sugar",0.036,0.5521472392638037,9.326811474050738,0.03214016,2.1006904109589044,"['Coffee', 'Tomato Sauce']","['Pasta', 'Sugar']",2,2
"Milk, Sugar, Bread","Coffee, Jam, Butter",0.0248,0.4246575342465753,9.312665224705599,0.022136959999999997,1.658838095238095,"['Milk', 'Sugar', 'Bread']","['Coffee', 'Jam', 'Butter']",3,3
"Coffee, Jam, Butter","Milk, Sugar, Bread",0.0248,0.5438596491228069,9.312665224705597,0.022136959999999997,2.0642769230769225,"['Coffee', 'Jam', 'Butter']","['Milk', 'Sugar', 'Bread']",3,3
"Cheese, Pasta, Bread","Tomato Sauce, Butter",0.0292,0.7849462365591399,9.300310859705448,0.02606032,4.257540000000001,"['Cheese', 'Pasta', 'Bread']","['Tomato Sauce', 'Butter']",3,2
"Tomato Sauce, Butter","Cheese, Pasta, Bread",0.0292,0.3459715639810426,9.300310859705448,0.02606032,1.4721072463768115,"['Tomato Sauce', 'Butter']","['Cheese', 'Pasta', 'Bread']",2,3
"Pasta, Cookies","Tea, Tomato Sauce",0.0256,0.5614035087719298,9.29476007900546,0.02284576,2.1422879999999997,"['Pasta', 'Cookies']","['Tea', 'Tomato Sauce']",2,2
"Tea, Tomato Sauce","Pasta, Cookies",0.0256,0.423841059602649,9.29476007900546,0.02284576,1.656487356321839,"['Tea', 'Tomato Sauce']","['Pasta', 'Cookies']",2,2
"Diapers, Jam, Butter","Bread, Baby Wipes",0.0208,0.7123287671232876,9.275114155251142,0.018557439999999998,3.2092190476190474,"['Diapers', 'Jam', 'Butter']","['Bread', 'Baby Wipes']",3,2
"Bread, Baby Wipes","Diapers, Jam, Butter",0.0208,0.27083333333333337,9.275114155251142,0.018557439999999998,1.3313828571428572,"['Bread', 'Baby Wipes']","['Diapers', 'Jam', 'Butter']",2,3
"Coffee, Pasta, Milk","Sugar, Tomato Sauce",0.0292,0.6186440677966102,9.206012913640032,0.02602816,2.446008888888889,"['Coffee', 'Pasta', 'Milk']","['Sugar', 'Tomato Sauce']",3,2
"Sugar, Tomato Sauce","Coffee, Pasta, Milk",0.0292,0.43452380952380953,9.206012913640032,0.02602816,1.6849515789473684,"['Sugar', 'Tomato Sauce']","['Coffee', 'Pasta', 'Milk']",2,3
"Coffee, Pasta","Sugar, Tomato Sauce",0.036,0.6122448979591837,9.110787172011662,0.032048639999999996,2.405642105263158,"['Coffee', 'Pasta']","['Sugar', 'Tomato Sauce']",2,2
"Sugar, Tomato Sauce","Coffee, Pasta",0.036,0.5357142857142857,9.110787172011662,0.032048639999999996,2.0272,"['Sugar', 'Tomato Sauce']","['Coffee', 'Pasta']",2,2
"Jam, Bread, Cookies","Tea, Butter",0.026,0.6632653061224489,9.11078717201166,0.02314624,2.75350303030303,"['Jam', 'Bread', 'Cookies']","['Tea', 'Butter']",3,2
"Tea, Butter","Jam, Bread, Cookies",0.026,0.3571428571428571,9.11078717201166,0.02314624,1.4945777777777776,"['Tea', 'Butter']","['Jam', 'Bread', 'Cookies']",2,3
"Pasta, Tea","Cookies, Tomato Sauce",0.0256,0.5203252032520326,9.096594462448122,0.022785760000000002,1.9654983050847459,"['Pasta', 'Tea']","['Cookies', 'Tomato Sauce']",2,2
"Cookies, Tomato Sauce","Pasta, Tea",0.0256,0.44755244755244755,9.09659446244812,0.022785760000000002,1.7210683544303795,"['Cookies', 'Tomato Sauce']","['Pasta', 'Tea']",2,2
"Pasta, Jam, Butter","Tomato Sauce, Bread",0.0284,0.788888888888889,8.964646464646465,0.025232,4.320000000000002,"['Pasta', 'Jam', 'Butter']","['Tomato Sauce', 'Bread']",3,2
"Tomato Sauce, Bread","Pasta, Jam, Butter",0.0284,0.32272727272727275,8.964646464646465,0.025232,1.4233557046979866,"['Tomato Sauce', 'Bread']","['Pasta', 'Jam', 'Butter']",2,3
"Pasta, Bread, Butter","Jam, Tomato Sauce",0.0284,0.5338345864661654,8.838320967982872,0.025186720000000003,2.015593548387097,"['Pasta', 'Bread', 'Butter']","['Jam', 'Tomato Sauce']",3,2
"Jam, Tomato Sauce","Pasta, Bread, Butter",0.0284,0.47019867549668876,8.838320967982872,0.025186720000000003,1.7870849999999998,"['Jam', 'Tomato Sauce']","['Pasta', 'Bread', 'Butter']",2,3
"Cheese, Sugar, Milk","Coffee, Pasta, Tomato Sauce",0.02,0.4310344827586207,8.832673827020916,0.01773568,1.671806060606061,"['Cheese', 'Sugar', 'Milk']","['Coffee', 'Pasta', 'Tomato Sauce']",3,3
"Coffee, Pasta, Tomato Sauce","Cheese, Sugar, Milk",0.02,0.40983606557377045,8.832673827020916,0.01773568,1.6158222222222223,"['Coffee', 'Pasta', 'Tomato Sauce']","['Cheese', 'Sugar', 'Milk']",3,3
"Sugar, Jam, Milk","Coffee, Bread, Butter",0.0248,0.6326530612244898,8.786848072562359,0.0219776,2.5262222222222226,"['Sugar', 'Jam', 'Milk']","['Coffee', 'Bread', 'Butter']",3,3
"Coffee, Bread, Butter","Sugar, Jam, Milk",0.0248,0.34444444444444444,8.786848072562359,0.0219776,1.4656271186440677,"['Coffee', 'Bread', 'Butter']","['Sugar', 'Jam', 'Milk']",3,3
"Tea, Bread","Butter, Jam, Cookies",0.026,0.3403141361256545,8.681483064429962,0.02300512,1.4564507936507938,"['Tea', 'Bread']","['Butter', 'Jam', 'Cookies']",2,3
"Butter, Jam, Cookies","Tea, Bread",0.026,0.6632653061224489,8.68148306442996,0.02300512,2.7428121212121206,"['Butter', 'Jam', 'Cookies']","['Tea', 'Bread']",3,2
"Sugar, Milk, Butter","Coffee, Bread",0.0408,0.7786259541984734,8.613118962372493,0.036063040000000005,4.108882758620691,"['Sugar', 'Milk', 'Butter']","['Coffee', 'Bread']",3,2
"Coffee, Bread","Sugar, Milk, Butter",0.0408,0.4513274336283186,8.613118962372493,0.036063040000000005,1.7270774193548388,"['Coffee', 'Bread']","['Sugar', 'Milk', 'Butter']",2,3
"Milk, Tomato Sauce, Bread","Pasta, Butter",0.0208,0.5473684210526316,8.606421714664018,0.0183832,2.0687906976744186,"['Milk', 'Tomato Sauce', 'Bread']","['Pasta', 'Butter']",3,2
"Pasta, Butter","Milk, Tomato Sauce, Bread",0.0208,0.3270440251572327,8.606421714664018,0.0183832,1.4295140186915887,"['Pasta', 'Butter']","['Milk', 'Tomato Sauce', 'Bread']",2,3
"Milk, Sugar, Bread, Butter","Coffee, Jam",0.0248,0.5585585585585585,8.566849057646603,0.02190512,2.117608163265306,"['Milk', 'Sugar', 'Bread', 'Butter']","['Coffee', 'Jam']",4,2
"Coffee, Jam","Milk, Sugar, Bread, Butter",0.0248,0.3803680981595092,8.566849057646603,0.02190512,1.5422059405940596,"['Coffee', 'Jam']","['Milk', 'Sugar', 'Bread', 'Butter']",2,4
"Baby Wipes, Butter","Diapers, Bread",0.0312,0.4756097560975609,8.554132303912967,0.02755264,1.8009488372093023,"['Baby Wipes', 'Butter']","['Diapers', 'Bread']",2,2
"Diapers, Bread","Baby Wipes, Butter",0.0312,0.5611510791366906,8.554132303912965,0.02755264,2.129206557377049,"['Diapers', 'Bread']","['Baby Wipes', 'Butter']",2,2
"Tea, Jam, Bread","Cookies, Butter",0.026,0.6565656565656565,8.504736484011094,0.02294288,2.686976470588234,"['Tea', 'Jam', 'Bread']","['Cookies', 'Butter']",3,2
"Cookies, Butter","Tea, Jam, Bread",0.026,0.33678756476683935,8.504736484011094,0.02294288,1.448103125,"['Cookies', 'Butter']","['Tea', 'Jam', 'Bread']",2,3
"Sugar, Jam, Bread","Coffee, Milk, Butter",0.0248,0.5585585585585585,8.463008463008462,0.0218696,2.1157959183673465,"['Sugar', 'Jam', 'Bread']","['Coffee', 'Milk', 'Butter']",3,3
"Coffee, Milk, Butter","Sugar, Jam, Bread",0.0248,0.37575757575757573,8.463008463008462,0.0218696,1.5308155339805825,"['Coffee', 'Milk', 'Butter']","['Sugar', 'Jam', 'Bread']",3,3
"Diapers, Butter","Jam, Baby Wipes",0.0216,0.4462809917355372,8.45229151014275,0.019044480000000003,1.7106149253731346,"['Diapers', 'Butter']","['Jam', 'Baby Wipes']",2,2
"Jam, Baby Wipes","Diapers, Butter",0.0216,0.4090909090909091,8.45229151014275,0.019044480000000003,1.6104000000000003,"['Jam', 'Baby Wipes']","['Diapers', 'Butter']",2,2
"Diapers, Butter","Bread, Baby Wipes",0.0312,0.6446280991735537,8.393595041322314,0.027482879999999998,2.597841860465116,"['Diapers', 'Butter']","['Bread', 'Baby Wipes']",2,2
"Bread, Baby Wipes","Diapers, Butter",0.0312,0.40625,8.393595041322314,0.027482879999999998,1.6026947368421052,"['Bread', 'Baby Wipes']","['Diapers', 'Butter']",2,2
"Cheese, Coffee, Sugar, Tomato Sauce","Pasta, Milk",0.02,0.78125,8.346688034188034,0.01760384,4.143542857142857,"['Cheese', 'Coffee', 'Sugar', 'Tomato Sauce']","['Pasta', 'Milk']",4,2
"Pasta, Milk","Cheese, Coffee, Sugar, Tomato Sauce",0.02,0.21367521367521367,8.346688034188034,0.01760384,1.2391826086956523,"['Pasta', 'Milk']","['Cheese', 'Coffee', 'Sugar', 'Tomato Sauce']",2,4
"Tea, Jam, Butter","Cookies, Bread",0.026,0.6499999999999999,8.333333333333332,0.022879999999999998,2.634285714285714,"['Tea', 'Jam', 'Butter']","['Cookies', 'Bread']",3,2
"Cookies, Bread","Tea, Jam, Butter",0.026,0.3333333333333333,8.333333333333332,0.022879999999999998,1.4399999999999997,"['Cookies', 'Bread']","['Tea', 'Jam', 'Butter']",2,3
"Coffee, Jam, Bread","Sugar, Butter",0.0316,0.6929824561403509,8.329116059379219,0.027806080000000004,2.986148571428572,"['Coffee', 'Jam', 'Bread']","['Sugar', 'Butter']",3,2
"Sugar, Butter","Coffee, Jam, Bread",0.0316,0.37980769230769235,8.329116059379217,0.027806080000000004,1.538877519379845,"['Sugar', 'Butter']","['Coffee', 'Jam', 'Bread']",2,3
"Coffee, Tea","Sugar, Cookies",0.03,0.5639097744360902,8.292790800530739,0.0263824,2.1371724137931034,"['Coffee', 'Tea']","['Sugar', 'Cookies']",2,2
"Sugar, Cookies","Coffee, Tea",0.03,0.4411764705882352,8.292790800530737,0.0263824,1.6942736842105262,"['Sugar', 'Cookies']","['Coffee', 'Tea']",2,2
"Coffee, Milk, Jam, Bread","Sugar, Butter",0.0248,0.6888888888888889,8.27991452991453,0.0218048,2.946857142857143,"['Coffee', 'Milk', 'Jam', 'Bread']","['Sugar', 'Butter']",4,2
"Sugar, Butter","Coffee, Milk, Jam, Bread",0.0248,0.2980769230769231,8.27991452991453,0.0218048,1.3733698630136988,"['Sugar', 'Butter']","['Coffee', 'Milk', 'Jam', 'Bread']",2,4
"Jam, Diapers","Baby Wipes, Butter",0.0216,0.54,8.231707317073171,0.018976,2.031304347826087,"['Jam', 'Diapers']","['Baby Wipes', 'Butter']",2,2
"Baby Wipes, Butter","Jam, Diapers",0.0216,0.32926829268292684,8.231707317073171,0.018976,1.4312727272727275,"['Baby Wipes', 'Butter']","['Jam', 'Diapers']",2,2
"Cheese, Coffee, Tomato Sauce","Pasta, Milk",0.0268,0.7701149425287357,8.227723744965125,0.02354272,3.942840000000001,"['Cheese', 'Coffee', 'Tomato Sauce']","['Pasta', 'Milk']",3,2
"Pasta, Milk","Cheese, Coffee, Tomato Sauce",0.0268,0.2863247863247863,8.227723744965123,0.02354272,1.3524359281437126,"['Pasta', 'Milk']","['Cheese', 'Coffee', 'Tomato Sauce']",2,3
"Coffee, Water, Bread","Sugar, Butter",0.0216,0.6835443037974683,8.215676728334957,0.018970880000000002,2.897088,"['Coffee', 'Water', 'Bread']","['Sugar', 'Butter']",3,2
"Sugar, Butter","Coffee, Water, Bread",0.0216,0.25961538461538464,8.215676728334955,0.018970880000000002,1.3079688311688311,"['Sugar', 'Butter']","['Coffee', 'Water', 'Bread']",2,3
"Coffee, Tea, Milk","Sugar, Cookies",0.0216,0.5567010309278351,8.186779866585809,0.018961600000000002,2.1024186046511626,"['Coffee', 'Tea', 'Milk']","['Sugar', 'Cookies']",3,2
"Sugar, Cookies","Coffee, Tea, Milk",0.0216,0.3176470588235294,8.186779866585809,0.018961600000000002,1.4086551724137932,"['Sugar', 'Cookies']","['Coffee', 'Tea', 'Milk']",2,3
"Tea, Sugar","Coffee, Cookies",0.03,0.5102040816326531,8.176347462061749,0.02633088,1.9142666666666668,"['Tea', 'Sugar']","['Coffee', 'Cookies']",2,2
"Coffee, Cookies","Tea, Sugar",0.03,0.4807692307692308,8.176347462061749,0.02633088,1.8126814814814818,"['Coffee', 'Cookies']","['Tea', 'Sugar']",2,2
"Sugar, Jam, Bread","Coffee, Butter",0.0316,0.7117117117117118,8.16183155632697,0.027728320000000004,3.1662750000000006,"['Sugar', 'Jam', 'Bread']","['Coffee', 'Butter']",3,2
"Coffee, Butter","Sugar, Jam, Bread",0.0316,0.3623853211009175,8.16183155632697,0.027728320000000004,1.4987107913669067,"['Coffee', 'Butter']","['Sugar', 'Jam', 'Bread']",2,3
"Pasta, Butter","Tomato Sauce, Bread",0.0456,0.7169811320754716,8.147512864493997,0.0400032,3.2223999999999995,"['Pasta', 'Butter']","['Tomato Sauce', 'Bread']",2,2
"Tomato Sauce, Bread","Pasta, Butter",0.0456,0.5181818181818182,8.147512864493995,0.0400032,1.9434716981132076,"['Tomato Sauce', 'Bread']","['Pasta', 'Butter']",2,2
"Pasta, Sugar, Tomato Sauce, Milk","Cheese, Coffee",0.02,0.5813953488372093,8.120046771469404,0.01753696,2.2178444444444447,"['Pasta', 'Sugar', 'Tomato Sauce', 'Milk']","['Cheese', 'Coffee']",4,2
"Cheese, Coffee","Pasta, Sugar, Tomato Sauce, Milk",0.02,0.2793296089385475,8.120046771469404,0.01753696,1.339863565891473,"['Cheese', 'Coffee']","['Pasta', 'Sugar', 'Tomato Sauce', 'Milk']",2,4
"Sugar, Jam, Butter","Coffee, Milk, Bread",0.0248,0.5636363636363636,8.098223615464995,0.0217376,2.1321666666666665,"['Sugar', 'Jam', 'Butter']","['Coffee', 'Milk', 'Bread']",3,3
"Coffee, Milk, Bread","Sugar, Jam, Butter",0.0248,0.3563218390804598,8.098223615464995,0.0217376,1.4852142857142856,"['Coffee', 'Milk', 'Bread']","['Sugar', 'Jam', 'Butter']",3,3
"Pasta, Jam","Tomato Sauce, Bread, Butter",0.0284,0.5590551181102362,8.078831186564107,0.024884640000000003,2.1109214285714284,"['Pasta', 'Jam']","['Tomato Sauce', 'Bread', 'Butter']",2,3
"Tomato Sauce, Bread, Butter","Pasta, Jam",0.0284,0.41040462427745666,8.078831186564107,0.024884640000000003,1.6099176470588235,"['Tomato Sauce', 'Bread', 'Butter']","['Pasta', 'Jam']",3,2
"Wine, Tea","Cheese, Cookies",0.02,0.5,8.064516129032258,0.01752,1.876,"['Wine', 'Tea']","['Cheese', 'Cookies']",2,2
"Cheese, Cookies","Wine, Tea",0.02,0.3225806451612903,8.064516129032258,0.01752,1.417142857142857,"['Cheese', 'Cookies']","['Wine', 'Tea']",2,2
"Coffee, Pasta, Sugar","Cheese, Tomato Sauce, Milk",0.02,0.46296296296296297,8.037551440329219,0.01751168,1.7548137931034484,"['Coffee', 'Pasta', 'Sugar']","['Cheese', 'Tomato Sauce', 'Milk']",3,3
"Cheese, Tomato Sauce, Milk","Coffee, Pasta, Sugar",0.02,0.34722222222222227,8.037551440329219,0.01751168,1.4657361702127663,"['Cheese', 'Tomato Sauce', 'Milk']","['Coffee', 'Pasta', 'Sugar']",3,3
"Milk, Sugar, Bread","Coffee, Butter",0.0408,0.6986301369863014,8.011813497549328,0.035707520000000006,3.0288363636363638,"['Milk', 'Sugar', 'Bread']","['Coffee', 'Butter']",3,2
"Coffee, Butter","Milk, Sugar, Bread",0.0408,0.46788990825688076,8.011813497549328,0.035707520000000006,1.7695586206896554,"['Coffee', 'Butter']","['Milk', 'Sugar', 'Bread']",2,3
"Tomato Sauce, Butter","Pasta, Milk, Bread",0.0208,0.24644549763033174,8.001477195789992,0.018200479999999998,1.2861710691823898,"['Tomato Sauce', 'Butter']","['Pasta', 'Milk', 'Bread']",2,3
"Pasta, Milk, Bread","Tomato Sauce, Butter",0.0208,0.6753246753246752,8.00147719578999,0.018200479999999998,2.820047999999999,"['Pasta', 'Milk', 'Bread']","['Tomato Sauce', 'Butter']",3,2
"Sugar, Jam, Butter","Coffee, Bread",0.0316,0.7181818181818183,7.944489139179406,0.027622400000000005,3.227612903225807,"['Sugar', 'Jam', 'Butter']","['Coffee', 'Bread']",3,2
"Coffee, Bread","Sugar, Jam, Butter",0.0316,0.34955752212389385,7.944489139179406,0.027622400000000005,1.469768707482993,"['Coffee', 'Bread']","['Sugar', 'Jam', 'Butter']",2,3
"Cheese, Tomato Sauce, Milk","Coffee, Pasta",0.0268,0.4652777777777778,7.912887377173092,0.023413120000000003,1.7601662337662338,"['Cheese', 'Tomato Sauce', 'Milk']","['Coffee', 'Pasta']",3,2
"Coffee, Pasta","Cheese, Tomato Sauce, Milk",0.0268,0.4557823129251701,7.912887377173091,0.023413120000000003,1.7316600000000002,"['Coffee', 'Pasta']","['Cheese', 'Tomato Sauce', 'Milk']",2,3
"Diapers, Butter","Beer, Bread",0.024,0.49586776859504134,7.846008996756982,0.02094112,1.8582426229508195,"['Diapers', 'Butter']","['Beer', 'Bread']",2,2
"Beer, Bread","Diapers, Butter",0.024,0.37974683544303794,7.846008996756982,0.02094112,1.5342122448979592,"['Beer', 'Bread']","['Diapers', 'Butter']",2,2
"Tomato Sauce, Milk, Butter","Pasta, Bread",0.0208,0.5416666666666667,7.7825670498084305,0.01812736,2.029963636363637,"['Tomato Sauce', 'Milk', 'Butter']","['Pasta', 'Bread']",3,2
"Pasta, Bread","Tomato Sauce, Milk, Butter",0.0208,0.2988505747126437,7.7825670498084305,0.01812736,1.3714622950819675,"['Pasta', 'Bread']","['Tomato Sauce', 'Milk', 'Butter']",2,3
"Pasta, Milk, Butter","Tomato Sauce, Bread",0.0208,0.6842105263157895,7.775119617224881,0.0181248,2.8880000000000003,"['Pasta', 'Milk', 'Butter']","['Tomato Sauce', 'Bread']",3,2
"Tomato Sauce, Bread","Pasta, Milk, Butter",0.0208,0.23636363636363636,7.77511961722488,0.0181248,1.2697142857142856,"['Tomato Sauce', 'Bread']","['Pasta', 'Milk', 'Butter']",2,3
"Beer, Butter","Diapers, Bread",0.024,0.43165467625899284,7.763573314010663,0.02090864,1.66166582278481,"['Beer', 'Butter']","['Diapers', 'Bread']",2,2
"Diapers, Bread","Beer, Butter",0.024,0.43165467625899284,7.763573314010663,0.02090864,1.66166582278481,"['Diapers', 'Bread']","['Beer', 'Butter']",2,2
"Pasta, Bread","Tomato Sauce, Butter",0.0456,0.6551724137931035,7.762706324562838,0.03972576,2.6552400000000005,"['Pasta', 'Bread']","['Tomato Sauce', 'Butter']",2,2
"Tomato Sauce, Butter","Pasta, Bread",0.0456,0.5402843601895735,7.762706324562838,0.03972576,2.023859793814433,"['Tomato Sauce', 'Butter']","['Pasta', 'Bread']",2,2
"Tea, Bread, Butter","Jam, Cookies",0.026,0.4452054794520548,7.729261796042619,0.02263616,1.6986469135802469,"['Tea', 'Bread', 'Butter']","['Jam', 'Cookies']",3,2
"Jam, Cookies","Tea, Bread, Butter",0.026,0.4513888888888889,7.729261796042618,0.02263616,1.7163341772151897,"['Jam', 'Cookies']","['Tea', 'Bread', 'Butter']",2,3
"Jam, Tomato Sauce","Pasta, Butter",0.0296,0.4900662251655629,7.7054437919113665,0.02575856,1.8363168831168835,"['Jam', 'Tomato Sauce']","['Pasta', 'Butter']",2,2
"Pasta, Butter","Jam, Tomato Sauce",0.0296,0.46540880503144655,7.7054437919113665,0.02575856,1.757604705882353,"['Pasta', 'Butter']","['Jam', 'Tomato Sauce']",2,2
"Tea, Jam","Cookies, Bread, Butter",0.026,0.47101449275362317,7.696315241072274,0.022621759999999998,1.774717808219178,"['Tea', 'Jam']","['Cookies', 'Bread', 'Butter']",2,3
"Cookies, Bread, Butter","Tea, Jam",0.026,0.42483660130718953,7.696315241072274,0.022621759999999998,1.6426636363636364,"['Cookies', 'Bread', 'Butter']","['Tea', 'Jam']",3,2
"Coffee, Jam, Butter","Sugar, Bread",0.0316,0.6929824561403509,7.665735134295918,0.027477760000000004,2.9626971428571434,"['Coffee', 'Jam', 'Butter']","['Sugar', 'Bread']",3,2
"Sugar, Bread","Coffee, Jam, Butter",0.0316,0.34955752212389385,7.665735134295917,0.027477760000000004,1.467308843537415,"['Sugar', 'Bread']","['Coffee', 'Jam', 'Butter']",2,3
"Coffee, Cookies, Milk","Tea, Sugar",0.0216,0.45,7.653061224489797,0.018777600000000002,1.7112727272727273,"['Coffee', 'Cookies', 'Milk']","['Tea', 'Sugar']",3,2
"Tea, Sugar","Coffee, Cookies, Milk",0.0216,0.3673469387755102,7.653061224489796,0.018777600000000002,1.504774193548387,"['Tea', 'Sugar']","['Coffee', 'Cookies', 'Milk']",2,3
"Coffee, Sugar, Tomato Sauce","Cheese, Pasta, Milk",0.02,0.4132231404958678,7.652280379553107,0.0173864,1.6121971830985913,"['Coffee', 'Sugar', 'Tomato Sauce']","['Cheese', 'Pasta', 'Milk']",3,3
"Cheese, Pasta, Milk","Coffee, Sugar, Tomato Sauce",0.02,0.3703703703703704,7.652280379553107,0.0173864,1.5113647058823532,"['Cheese', 'Pasta', 'Milk']","['Coffee', 'Sugar', 'Tomato Sauce']",3,3
"Coffee, Jam, Milk, Butter","Sugar, Bread",0.0248,0.6888888888888889,7.6204523107177975,0.021545599999999998,2.9237142857142855,"['Coffee', 'Jam', 'Milk', 'Butter']","['Sugar', 'Bread']",4,2
"Sugar, Bread","Coffee, Jam, Milk, Butter",0.0248,0.2743362831858407,7.6204523107177975,0.021545599999999998,1.3284390243902438,"['Sugar', 'Bread']","['Coffee', 'Jam', 'Milk', 'Butter']",2,4
"Coffee, Tomato Sauce","Cheese, Pasta, Milk",0.0268,0.41104294478527614,7.611906384912522,0.0232792,1.6062291666666668,"['Coffee', 'Tomato Sauce']","['Cheese', 'Pasta', 'Milk']",2,3
"Cheese, Pasta, Milk","Coffee, Tomato Sauce",0.0268,0.4962962962962963,7.611906384912521,0.0232792,1.8558529411764704,"['Cheese', 'Pasta', 'Milk']","['Coffee', 'Tomato Sauce']",3,2
"Cheese, Coffee, Pasta, Sugar","Tomato Sauce, Milk",0.02,0.8064516129032259,7.551045064636946,0.01735136,4.614866666666668,"['Cheese', 'Coffee', 'Pasta', 'Sugar']","['Tomato Sauce', 'Milk']",4,2
"Jam, Baby Wipes","Diapers, Bread",0.022,0.41666666666666663,7.494004796163069,0.01906432,1.6189714285714285,"['Jam', 'Baby Wipes']","['Diapers', 'Bread']",2,2
"Diapers, Bread","Jam, Baby Wipes",0.022,0.39568345323741005,7.494004796163069,0.01906432,1.5673904761904762,"['Diapers', 'Bread']","['Jam', 'Baby Wipes']",2,2
"Coffee, Jam","Sugar, Milk, Butter",0.0256,0.392638036809816,7.49309230553084,0.02218352,1.5601898989898992,"['Coffee', 'Jam']","['Sugar', 'Milk', 'Butter']",2,3
"Sugar, Milk, Butter","Coffee, Jam",0.0256,0.48854961832061067,7.493092305530839,0.02218352,1.8277432835820893,"['Sugar', 'Milk', 'Butter']","['Coffee', 'Jam']",3,2
"Sugar, Jam, Milk","Coffee, Butter",0.0256,0.653061224489796,7.489234225800413,0.022181760000000002,2.631011764705883,"['Sugar', 'Jam', 'Milk']","['Coffee', 'Butter']",3,2
"Coffee, Butter","Sugar, Jam, Milk",0.0256,0.29357798165137616,7.489234225800413,0.022181760000000002,1.3600935064935065,"['Coffee', 'Butter']","['Sugar', 'Jam', 'Milk']",2,3
"Coffee, Pasta","Cheese, Sugar, Milk",0.0204,0.34693877551020413,7.477128782547504,0.017671680000000002,1.4602000000000002,"['Coffee', 'Pasta']","['Cheese', 'Sugar', 'Milk']",2,3
"Cheese, Sugar, Milk","Coffee, Pasta",0.0204,0.43965517241379315,7.477128782547503,0.017671680000000002,1.6796800000000003,"['Cheese', 'Sugar', 'Milk']","['Coffee', 'Pasta']",3,2
"Cheese, Coffee, Pasta","Tomato Sauce, Milk",0.0268,0.7976190476190477,7.468343142500446,0.02321152,4.413458823529413,"['Cheese', 'Coffee', 'Pasta']","['Tomato Sauce', 'Milk']",3,2
"Tomato Sauce, Milk","Cheese, Coffee, Pasta",0.0268,0.250936329588015,7.468343142500446,0.02321152,1.290144,"['Tomato Sauce', 'Milk']","['Cheese', 'Coffee', 'Pasta']",2,3
"Coffee, Water, Butter","Sugar, Bread",0.0216,0.675,7.466814159292037,0.0187072,2.798769230769231,"['Coffee', 'Water', 'Butter']","['Sugar', 'Bread']",3,2
"Sugar, Bread","Coffee, Water, Butter",0.0216,0.23893805309734517,7.466814159292037,0.0187072,1.2719069767441862,"['Sugar', 'Bread']","['Coffee', 'Water', 'Butter']",2,3
"Cheese, Sugar","Coffee, Pasta, Tomato Sauce, Milk",0.02,0.29239766081871343,7.383779313603874,0.01729136,1.3572595041322315,"['Cheese', 'Sugar']","['Coffee', 'Pasta', 'Tomato Sauce', 'Milk']",2,4
"Coffee, Pasta, Tomato Sauce, Milk","Cheese, Sugar",0.02,0.505050505050505,7.383779313603873,0.01729136,1.8822122448979588,"['Coffee', 'Pasta', 'Tomato Sauce', 'Milk']","['Cheese', 'Sugar']",4,2
"Coffee, Bread","Sugar, Jam, Milk",0.026,0.28761061946902655,7.337005598699657,0.02245632,1.3487006211180124,"['Coffee', 'Bread']","['Sugar', 'Jam', 'Milk']",2,3
"Sugar, Jam, Milk","Coffee, Bread",0.026,0.6632653061224489,7.3370055986996565,0.02245632,2.701236363636363,"['Sugar', 'Jam', 'Milk']","['Coffee', 'Bread']",3,2
"Coffee, Pasta, Tomato Sauce","Cheese, Sugar",0.0244,0.5,7.309941520467836,0.02106208,1.8632,"['Coffee', 'Pasta', 'Tomato Sauce']","['Cheese', 'Sugar']",3,2
"Cheese, Sugar","Coffee, Pasta, Tomato Sauce",0.0244,0.35672514619883045,7.309941520467836,0.02106208,1.4786836363636364,"['Cheese', 'Sugar']","['Coffee', 'Pasta', 'Tomato Sauce']",2,3
"Coffee, Baby Wipes","Diapers, Milk",0.0236,0.45384615384615384,7.273175542406312,0.0203552,1.716732394366197,"['Coffee', 'Baby Wipes']","['Diapers', 'Milk']",2,2
"Diapers, Milk","Coffee, Baby Wipes",0.0236,0.3782051282051282,7.273175542406312,0.0203552,1.5246185567010309,"['Diapers', 'Milk']","['Coffee', 'Baby Wipes']",2,2
"Coffee, Milk, Bread, Butter","Sugar, Jam",0.0248,0.4492753623188406,7.246376811594203,0.0213776,1.7032105263157893,"['Coffee', 'Milk', 'Bread', 'Butter']","['Sugar', 'Jam']",4,2
"Sugar, Jam","Coffee, Milk, Bread, Butter",0.0248,0.39999999999999997,7.246376811594202,0.0213776,1.5746666666666664,"['Sugar', 'Jam']","['Coffee', 'Milk', 'Bread', 'Butter']",2,4
"Coffee, Jam, Milk","Sugar, Bread, Butter",0.0248,0.5,7.225433526011561,0.02136768,1.8616,"['Coffee', 'Jam', 'Milk']","['Sugar', 'Bread', 'Butter']",3,3
"Sugar, Bread, Butter","Coffee, Jam, Milk",0.0248,0.3583815028901734,7.22543352601156,0.02136768,1.481254054054054,"['Sugar', 'Bread', 'Butter']","['Coffee', 'Jam', 'Milk']",3,3
"Jam, Diapers","Bread, Baby Wipes",0.022,0.5499999999999999,7.161458333333333,0.018928,2.0515555555555554,"['Jam', 'Diapers']","['Bread', 'Baby Wipes']",2,2
"Bread, Baby Wipes","Jam, Diapers",0.022,0.2864583333333333,7.161458333333333,0.018928,1.3454014598540145,"['Bread', 'Baby Wipes']","['Jam', 'Diapers']",2,2
"Pasta, Milk","Cheese, Sugar, Tomato Sauce",0.0232,0.24786324786324784,7.122507122507122,0.019942719999999997,1.2832772727272728,"['Pasta', 'Milk']","['Cheese', 'Sugar', 'Tomato Sauce']",2,3
"Cheese, Sugar, Tomato Sauce","Pasta, Milk",0.0232,0.6666666666666666,7.1225071225071215,0.019942719999999997,2.7192,"['Cheese', 'Sugar', 'Tomato Sauce']","['Pasta', 'Milk']",3,2
"Sugar, Jam","Coffee, Bread, Butter",0.0316,0.5096774193548388,7.0788530465949835,0.027136000000000004,1.8926315789473689,"['Sugar', 'Jam']","['Coffee', 'Bread', 'Butter']",2,3
"Coffee, Bread, Butter","Sugar, Jam",0.0316,0.43888888888888894,7.078853046594983,0.027136000000000004,1.6716831683168316,"['Coffee', 'Bread', 'Butter']","['Sugar', 'Jam']",3,2
"Coffee, Bread","Sugar, Butter",0.0532,0.588495575221239,7.073264125255276,0.04567872,2.2279225806451617,"['Coffee', 'Bread']","['Sugar', 'Butter']",2,2
"Sugar, Butter","Coffee, Bread",0.0532,0.6394230769230769,7.0732641252552755,0.04567872,2.5226239999999995,"['Sugar', 'Butter']","['Coffee', 'Bread']",2,2
"Coffee, Milk, Bread","Sugar, Butter",0.0408,0.5862068965517242,7.045755968169762,0.035009280000000004,2.2156000000000007,"['Coffee', 'Milk', 'Bread']","['Sugar', 'Butter']",3,2
"Sugar, Butter","Coffee, Milk, Bread",0.0408,0.4903846153846154,7.045755968169762,0.035009280000000004,1.825690566037736,"['Sugar', 'Butter']","['Coffee', 'Milk', 'Bread']",2,3
"Cheese, Coffee, Milk","Pasta, Sugar, Tomato Sauce",0.02,0.352112676056338,7.04225352112676,0.01716,1.4663043478260869,"['Cheese', 'Coffee', 'Milk']","['Pasta', 'Sugar', 'Tomato Sauce']",3,3
"Pasta, Sugar, Tomato Sauce","Cheese, Coffee, Milk",0.02,0.39999999999999997,7.042253521126759,0.01716,1.5719999999999998,"['Pasta', 'Sugar', 'Tomato Sauce']","['Cheese', 'Coffee', 'Milk']",3,3
"Jam, Tomato Sauce","Pasta, Bread",0.0296,0.4900662251655629,7.041181396056939,0.02539616,1.8245506493506496,"['Jam', 'Tomato Sauce']","['Pasta', 'Bread']",2,2
"Pasta, Bread","Jam, Tomato Sauce",0.0296,0.4252873563218391,7.041181396056939,0.02539616,1.6349040000000001,"['Pasta', 'Bread']","['Jam', 'Tomato Sauce']",2,2
"Sugar, Water, Bread","Coffee, Butter",0.0216,0.6136363636363636,7.037114261884904,0.01853056,2.3625411764705886,"['Sugar', 'Water', 'Bread']","['Coffee', 'Butter']",3,2
"Coffee, Butter","Sugar, Water, Bread",0.0216,0.24770642201834864,7.037114261884904,0.01853056,1.2824780487804879,"['Coffee', 'Butter']","['Sugar', 'Water', 'Bread']",2,3
"Cheese, Tea","Wine, Cookies",0.02,0.3067484662576688,7.035515281139192,0.01715728,1.3795858407079646,"['Cheese', 'Tea']","['Wine', 'Cookies']",2,2
"Wine, Cookies","Cheese, Tea",0.02,0.45871559633027525,7.035515281139191,0.01715728,1.7270033898305084,"['Wine', 'Cookies']","['Cheese', 'Tea']",2,2
"Coffee, Bread","Sugar, Water, Butter",0.0216,0.23893805309734517,7.02758979698074,0.018526400000000002,1.2692790697674419,"['Coffee', 'Bread']","['Sugar', 'Water', 'Butter']",2,3
"Sugar, Water, Butter","Coffee, Bread",0.0216,0.6352941176470588,7.027589796980739,0.018526400000000002,2.494064516129032,"['Sugar', 'Water', 'Butter']","['Coffee', 'Bread']",3,2
"Soda, Diapers","Beer, Baby Wipes",0.0228,0.5277777777777778,7.018321513002364,0.01955136,1.9584,"['Soda', 'Diapers']","['Beer', 'Baby Wipes']",2,2
"Beer, Baby Wipes","Soda, Diapers",0.0228,0.30319148936170215,7.018321513002364,0.01955136,1.3731175572519083,"['Beer', 'Baby Wipes']","['Soda', 'Diapers']",2,2
"Coffee, Jam","Sugar, Bread, Butter",0.0316,0.48466257668711665,7.003794460796484,0.027088160000000003,1.8061952380952384,"['Coffee', 'Jam']","['Sugar', 'Bread', 'Butter']",2,3
"Sugar, Bread, Butter","Coffee, Jam",0.0316,0.4566473988439307,7.003794460796484,0.027088160000000003,1.7204297872340426,"['Sugar', 'Bread', 'Butter']","['Coffee', 'Jam']",3,2
"Tea, Butter","Cookies, Bread",0.0396,0.543956043956044,6.973795435333898,0.0339216,2.0217349397590367,"['Tea', 'Butter']","['Cookies', 'Bread']",2,2
"Cookies, Bread","Tea, Butter",0.0396,0.5076923076923078,6.973795435333898,0.0339216,1.8833750000000005,"['Cookies', 'Bread']","['Tea', 'Butter']",2,2
"Sugar, Baby Wipes","Diapers, Milk",0.024,0.43165467625899284,6.917542888765912,0.02053056,1.6497012658227848,"['Sugar', 'Baby Wipes']","['Diapers', 'Milk']",2,2
"Diapers, Milk","Sugar, Baby Wipes",0.024,0.38461538461538464,6.917542888765911,0.02053056,1.5346499999999998,"['Diapers', 'Milk']","['Sugar', 'Baby Wipes']",2,2
"Pasta, Jam","Tomato Sauce, Butter",0.0296,0.5826771653543308,6.903757883345151,0.025312480000000002,2.1939849056603777,"['Pasta', 'Jam']","['Tomato Sauce', 'Butter']",2,2
"Tomato Sauce, Butter","Pasta, Jam",0.0296,0.35071090047393366,6.903757883345151,0.025312480000000002,1.461906569343066,"['Tomato Sauce', 'Butter']","['Pasta', 'Jam']",2,2
"Cheese, Coffee","Pasta, Sugar, Milk",0.0204,0.28491620111731847,6.848947142243233,0.017421440000000003,1.3402625000000001,"['Cheese', 'Coffee']","['Pasta', 'Sugar', 'Milk']",2,3
"Pasta, Sugar, Milk","Cheese, Coffee",0.0204,0.4903846153846154,6.848947142243232,0.017421440000000003,1.821766037735849,"['Pasta', 'Sugar', 'Milk']","['Cheese', 'Coffee']",3,2
"Coffee, Milk, Butter","Sugar, Bread",0.0408,0.6181818181818182,6.838294448913918,0.034833600000000006,2.382285714285714,"['Coffee', 'Milk', 'Butter']","['Sugar', 'Bread']",3,2
"Sugar, Bread","Coffee, Milk, Butter",0.0408,0.4513274336283186,6.838294448913918,0.034833600000000006,1.7022903225806452,"['Sugar', 'Bread']","['Coffee', 'Milk', 'Butter']",2,3
"Wine, Coffee","Cheese, Sugar",0.02,0.4672897196261683,6.831721047166202,0.01707248,1.7487929824561406,"['Wine', 'Coffee']","['Cheese', 'Sugar']",2,2
"Cheese, Sugar","Wine, Coffee",0.02,0.29239766081871343,6.831721047166202,0.01707248,1.3527371900826446,"['Cheese', 'Sugar']","['Wine', 'Coffee']",2,2
"Milk, Sugar, Bread","Coffee, Jam",0.026,0.4452054794520548,6.8283048995713935,0.022192319999999998,1.684948148148148,"['Milk', 'Sugar', 'Bread']","['Coffee', 'Jam']",3,2
"Coffee, Jam","Milk, Sugar, Bread",0.026,0.39877300613496935,6.828304899571393,0.022192319999999998,1.566130612244898,"['Coffee', 'Jam']","['Milk', 'Sugar', 'Bread']",2,3
"Pasta, Sugar, Tomato Sauce","Cheese, Coffee",0.0244,0.488,6.815642458100559,0.02082,1.81328125,"['Pasta', 'Sugar', 'Tomato Sauce']","['Cheese', 'Coffee']",3,2
"Cheese, Coffee","Pasta, Sugar, Tomato Sauce",0.0244,0.34078212290502796,6.815642458100559,0.02082,1.4411016949152542,"['Cheese', 'Coffee']","['Pasta', 'Sugar', 'Tomato Sauce']",2,3
"Cheese, Tomato Sauce, Milk","Pasta, Sugar",0.0232,0.40277777777777773,6.803678678678677,0.019790079999999998,1.5752930232558136,"['Cheese', 'Tomato Sauce', 'Milk']","['Pasta', 'Sugar']",3,2
"Pasta, Sugar","Cheese, Tomato Sauce, Milk",0.0232,0.39189189189189183,6.803678678678677,0.019790079999999998,1.5497244444444445,"['Pasta', 'Sugar']","['Cheese', 'Tomato Sauce', 'Milk']",2,3
"Coffee, Butter","Sugar, Bread",0.0532,0.6100917431192661,6.748802468133475,0.045317119999999995,2.332856470588235,"['Coffee', 'Butter']","['Sugar', 'Bread']",2,2
"Sugar, Bread","Coffee, Butter",0.0532,0.588495575221239,6.748802468133475,0.045317119999999995,2.2182021505376346,"['Sugar', 'Bread']","['Coffee', 'Butter']",2,2
"Cheese, Sugar, Milk","Coffee, Tomato Sauce",0.0204,0.43965517241379315,6.743177491009098,0.017374720000000003,1.6682584615384617,"['Cheese', 'Sugar', 'Milk']","['Coffee', 'Tomato Sauce']",3,2
"Coffee, Tomato Sauce","Cheese, Sugar, Milk",0.0204,0.3128834355828221,6.743177491009098,0.017374720000000003,1.3878285714285714,"['Coffee', 'Tomato Sauce']","['Cheese', 'Sugar', 'Milk']",2,3
"Cookies, Butter","Tea, Bread",0.0396,0.5129533678756477,6.71404931774408,0.03370192,1.8963276595744682,"['Cookies', 'Butter']","['Tea', 'Bread']",2,2
"Tea, Bread","Cookies, Butter",0.0396,0.518324607329843,6.714049317744079,0.03370192,1.915813043478261,"['Tea', 'Bread']","['Cookies', 'Butter']",2,2
"Pasta, Jam","Tomato Sauce, Bread",0.0296,0.5826771653543308,6.621331424481032,0.025129600000000002,2.1853584905660384,"['Pasta', 'Jam']","['Tomato Sauce', 'Bread']",2,2
"Tomato Sauce, Bread","Pasta, Jam",0.0296,0.3363636363636364,6.621331424481032,0.025129600000000002,1.4303013698630138,"['Tomato Sauce', 'Bread']","['Pasta', 'Jam']",2,2
"Beer, Baby Wipes","Coffee, Diapers",0.0204,0.2712765957446809,6.584383391861186,0.01730176,1.3157255474452556,"['Beer', 'Baby Wipes']","['Coffee', 'Diapers']",2,2
"Coffee, Diapers","Beer, Baby Wipes",0.0204,0.49514563106796117,6.584383391861185,0.01730176,1.8318153846153846,"['Coffee', 'Diapers']","['Beer', 'Baby Wipes']",2,2
"Jam, Cookies","Tea, Butter",0.0276,0.4791666666666667,6.581959706959707,0.02340672,1.7802240000000003,"['Jam', 'Cookies']","['Tea', 'Butter']",2,2
"Tea, Butter","Jam, Cookies",0.0276,0.3791208791208791,6.581959706959707,0.02340672,1.5178477876106196,"['Tea', 'Butter']","['Jam', 'Cookies']",2,2
"Cheese, Pasta, Sugar","Tomato Sauce, Milk",0.0232,0.6987951807228915,6.543026036731193,0.019654239999999996,2.965423999999999,"['Cheese', 'Pasta', 'Sugar']","['Tomato Sauce', 'Milk']",3,2
"Tomato Sauce, Milk","Cheese, Pasta, Sugar",0.0232,0.21722846441947563,6.543026036731193,0.019654239999999996,1.2350985645933015,"['Tomato Sauce', 'Milk']","['Cheese', 'Pasta', 'Sugar']",2,3
"Sugar, Tomato Sauce, Milk","Cheese, Coffee",0.0204,0.46788990825688076,6.5347752549843685,0.01727824,1.7447517241379313,"['Sugar', 'Tomato Sauce', 'Milk']","['Cheese', 'Coffee']",3,2
"Cheese, Coffee","Sugar, Tomato Sauce, Milk",0.0204,0.28491620111731847,6.5347752549843685,0.01727824,1.337465625,"['Cheese', 'Coffee']","['Sugar', 'Tomato Sauce', 'Milk']",2,3
"Coffee, Diapers","Milk, Baby Wipes",0.0236,0.5728155339805825,6.509267431597529,0.0199744,2.134909090909091,"['Coffee', 'Diapers']","['Milk', 'Baby Wipes']",2,2
"Milk, Baby Wipes","Coffee, Diapers",0.0236,0.2681818181818182,6.509267431597529,0.0199744,1.3101614906832297,"['Milk', 'Baby Wipes']","['Coffee', 'Diapers']",2,2
"Coffee, Tomato Sauce","Pasta, Milk",0.0396,0.6073619631901842,6.488909863142993,0.033497280000000004,2.308487500000001,"['Coffee', 'Tomato Sauce']","['Pasta', 'Milk']",2,2
"Pasta, Milk","Coffee, Tomato Sauce",0.0396,0.4230769230769231,6.488909863142992,0.033497280000000004,1.62032,"['Pasta', 'Milk']","['Coffee', 'Tomato Sauce']",2,2
"Tea, Jam","Cookies, Butter",0.0276,0.5,6.476683937823834,0.02333856,1.8456,"['Tea', 'Jam']","['Cookies', 'Butter']",2,2
"Cookies, Butter","Tea, Jam",0.0276,0.35751295336787564,6.476683937823834,0.02333856,1.4705354838709677,"['Cookies', 'Butter']","['Tea', 'Jam']",2,2
"Beer, Baby Wipes","Sugar, Diapers",0.0216,0.2872340425531915,6.469235192639449,0.018261120000000002,1.3406925373134329,"['Beer', 'Baby Wipes']","['Sugar', 'Diapers']",2,2
"Sugar, Diapers","Beer, Baby Wipes",0.0216,0.4864864864864865,6.469235192639448,0.018261120000000002,1.8009263157894737,"['Sugar', 'Diapers']","['Beer', 'Baby Wipes']",2,2
"Pasta, Milk","Coffee, Sugar, Tomato Sauce",0.0292,0.31196581196581197,6.445574627392809,0.02466976,1.3830708074534162,"['Pasta', 'Milk']","['Coffee', 'Sugar', 'Tomato Sauce']",2,3
"Coffee, Sugar, Tomato Sauce","Pasta, Milk",0.0292,0.6033057851239669,6.4455746273928085,0.02466976,2.284883333333333,"['Coffee', 'Sugar', 'Tomato Sauce']","['Pasta', 'Milk']",3,2
"Tea, Jam","Cookies, Bread",0.0276,0.5,6.410256410256411,0.0232944,1.844,"['Tea', 'Jam']","['Cookies', 'Bread']",2,2
"Cookies, Bread","Tea, Jam",0.0276,0.35384615384615387,6.410256410256411,0.0232944,1.4621904761904763,"['Cookies', 'Bread']","['Tea', 'Jam']",2,2
"Diapers, Bread","Beer, Baby Wipes",0.0268,0.4820143884892087,6.409765804377775,0.02261888,1.7853777777777782,"['Diapers', 'Bread']","['Beer', 'Baby Wipes']",2,2
"Beer, Baby Wipes","Diapers, Bread",0.0268,0.35638297872340424,6.409765804377774,0.02261888,1.4673322314049588,"['Beer', 'Baby Wipes']","['Diapers', 'Bread']",2,2
"Cheese, Pasta, Milk","Sugar, Tomato Sauce",0.0232,0.4296296296296296,6.393298059964726,0.019571199999999997,1.6354285714285712,"['Cheese', 'Pasta', 'Milk']","['Sugar', 'Tomato Sauce']",3,2
"Sugar, Tomato Sauce","Cheese, Pasta, Milk",0.0232,0.34523809523809523,6.393298059964726,0.019571199999999997,1.4447999999999999,"['Sugar', 'Tomato Sauce']","['Cheese', 'Pasta', 'Milk']",2,3
"Cheese, Coffee","Wine, Sugar",0.02,0.2793296089385475,6.348400203148808,0.0168496,1.3265426356589147,"['Cheese', 'Coffee']","['Wine', 'Sugar']",2,2
"Wine, Sugar","Cheese, Coffee",0.02,0.4545454545454546,6.348400203148807,0.0168496,1.7020666666666668,"['Wine', 'Sugar']","['Cheese', 'Coffee']",2,2
"Coffee, Pasta, Sugar","Tomato Sauce, Milk",0.0292,0.6759259259259259,6.328894437508669,0.02458624,2.75616,"['Coffee', 'Pasta', 'Sugar']","['Tomato Sauce', 'Milk']",3,2
"Tomato Sauce, Milk","Coffee, Pasta, Sugar",0.0292,0.27340823970037453,6.328894437508669,0.02458624,1.3168329896907216,"['Tomato Sauce', 'Milk']","['Coffee', 'Pasta', 'Sugar']",2,3
"Coffee, Pasta, Milk","Cheese, Sugar",0.0204,0.4322033898305085,6.31876300921796,0.017171520000000003,1.6407283582089551,"['Coffee', 'Pasta', 'Milk']","['Cheese', 'Sugar']",3,2
"Cheese, Sugar","Coffee, Pasta, Milk",0.0204,0.2982456140350877,6.31876300921796,0.017171520000000003,1.35774,"['Cheese', 'Sugar']","['Coffee', 'Pasta', 'Milk']",2,3
"Diapers, Milk","Beer, Baby Wipes",0.0296,0.4743589743589744,6.30796508456083,0.024907520000000002,1.7593756097560977,"['Diapers', 'Milk']","['Beer', 'Baby Wipes']",2,2
"Beer, Baby Wipes","Diapers, Milk",0.0296,0.39361702127659576,6.30796508456083,0.024907520000000002,1.546217543859649,"['Beer', 'Baby Wipes']","['Diapers', 'Milk']",2,2
"Coffee, Pasta","Tomato Sauce, Milk",0.0396,0.6734693877551021,6.305893143774364,0.03332016,2.7354250000000007,"['Coffee', 'Pasta']","['Tomato Sauce', 'Milk']",2,2
"Tomato Sauce, Milk","Coffee, Pasta",0.0396,0.3707865168539326,6.305893143774364,0.03332016,1.4958357142857144,"['Tomato Sauce', 'Milk']","['Coffee', 'Pasta']",2,2
"Jam, Cookies","Tea, Bread",0.0276,0.4791666666666667,6.271815008726004,0.02319936,1.7733120000000002,"['Jam', 'Cookies']","['Tea', 'Bread']",2,2
"Tea, Bread","Jam, Cookies",0.0276,0.3612565445026178,6.271815008726003,0.02319936,1.4753967213114754,"['Tea', 'Bread']","['Jam', 'Cookies']",2,2
"Sugar, Jam","Coffee, Milk, Butter",0.0256,0.4129032258064516,6.256109481915933,0.021508,1.5908791208791206,"['Sugar', 'Jam']","['Coffee', 'Milk', 'Butter']",2,3
"Coffee, Milk, Butter","Sugar, Jam",0.0256,0.3878787878787879,6.256109481915933,0.021508,1.5323762376237624,"['Coffee', 'Milk', 'Butter']","['Sugar', 'Jam']",3,2
"Coffee, Jam, Milk","Sugar, Butter",0.0256,0.5161290322580646,6.2034739454094305,0.02147328,1.8947200000000004,"['Coffee', 'Jam', 'Milk']","['Sugar', 'Butter']",3,2
"Sugar, Butter","Coffee, Jam, Milk",0.0256,0.3076923076923077,6.20347394540943,0.02147328,1.3728,"['Sugar', 'Butter']","['Coffee', 'Jam', 'Milk']",2,3
"Diapers, Water","Beer, Baby Wipes",0.0296,0.46540880503144655,6.188946875418172,0.02481728,1.72992,"['Diapers', 'Water']","['Beer', 'Baby Wipes']",2,2
"Beer, Baby Wipes","Diapers, Water",0.0296,0.39361702127659576,6.188946875418172,0.02481728,1.544238596491228,"['Beer', 'Baby Wipes']","['Diapers', 'Water']",2,2
"Beer, Baby Wipes, Butter",Diapers,0.022,0.9649122807017543,6.185335132703553,0.0184432,24.053999999999924,"['Beer', 'Baby Wipes', 'Butter']",['Diapers'],3,1
"Coffee, Pasta","Cheese, Sugar",0.0248,0.4217687074829932,6.166209173727971,0.020778079999999997,1.61112,"['Coffee', 'Pasta']","['Cheese', 'Sugar']",2,2
"Cheese, Sugar","Coffee, Pasta",0.0248,0.36257309941520466,6.166209173727971,0.020778079999999997,1.4765614678899082,"['Cheese', 'Sugar']","['Coffee', 'Pasta']",2,2
"Sugar, Diapers","Milk, Baby Wipes",0.024,0.5405405405405406,6.142506142506143,0.0200928,1.9849411764705884,"['Sugar', 'Diapers']","['Milk', 'Baby Wipes']",2,2
"Milk, Baby Wipes","Sugar, Diapers",0.024,0.27272727272727276,6.142506142506143,0.0200928,1.31395,"['Milk', 'Baby Wipes']","['Sugar', 'Diapers']",2,2
"Beer, Sugar, Baby Wipes",Diapers,0.0216,0.9473684210526316,6.0728744939271255,0.018043200000000002,16.036000000000016,"['Beer', 'Sugar', 'Baby Wipes']",['Diapers'],3,1
"Cheese, Coffee, Milk","Pasta, Sugar",0.0204,0.3591549295774648,6.066806242862581,0.01703744,1.4680615384615383,"['Cheese', 'Coffee', 'Milk']","['Pasta', 'Sugar']",3,2
"Pasta, Sugar","Cheese, Coffee, Milk",0.0204,0.3445945945945946,6.066806242862581,0.01703744,1.4391092783505155,"['Pasta', 'Sugar']","['Cheese', 'Coffee', 'Milk']",2,3
"Beer, Bread, Baby Wipes",Diapers,0.0268,0.9436619718309859,6.0491152040447815,0.0223696,14.98099999999999,"['Beer', 'Bread', 'Baby Wipes']",['Diapers'],3,1
"Diapers, Butter","Beer, Baby Wipes",0.022,0.45454545454545453,6.044487427466151,0.01836032,1.6954666666666667,"['Diapers', 'Butter']","['Beer', 'Baby Wipes']",2,2
"Beer, Baby Wipes","Diapers, Butter",0.022,0.29255319148936165,6.04448742746615,0.01836032,1.3451187969924812,"['Beer', 'Baby Wipes']","['Diapers', 'Butter']",2,2
"Sugar, Jam","Coffee, Milk, Bread",0.026,0.4193548387096774,6.025213199851687,0.021684799999999997,1.6023555555555555,"['Sugar', 'Jam']","['Coffee', 'Milk', 'Bread']",2,3
"Coffee, Milk, Bread","Sugar, Jam",0.026,0.3735632183908046,6.025213199851687,0.021684799999999997,1.4973577981651376,"['Coffee', 'Milk', 'Bread']","['Sugar', 'Jam']",3,2
"Jam, Sugar","Coffee, Butter",0.0324,0.5225806451612903,5.992897306895531,0.0269936,1.911945945945946,"['Jam', 'Sugar']","['Coffee', 'Butter']",2,2
"Coffee, Butter","Jam, Sugar",0.0324,0.37155963302752293,5.992897306895531,0.0269936,1.4925839416058393,"['Coffee', 'Butter']","['Jam', 'Sugar']",2,2
"Wine, Pasta","Cheese, Tomato Sauce",0.0276,0.7840909090909091,5.97630266075388,0.022981759999999997,4.0239157894736834,"['Wine', 'Pasta']","['Cheese', 'Tomato Sauce']",2,2
"Cheese, Tomato Sauce","Wine, Pasta",0.0276,0.21036585365853658,5.97630266075388,0.022981759999999997,1.2218316602316601,"['Cheese', 'Tomato Sauce']","['Wine', 'Pasta']",2,2
"Sugar, Butter","Coffee, Jam",0.0324,0.3894230769230769,5.9727465785748,0.026975359999999997,1.531011023622047,"['Sugar', 'Butter']","['Coffee', 'Jam']",2,2
"Coffee, Jam","Sugar, Butter",0.0324,0.49693251533742333,5.9727465785747995,0.026975359999999997,1.822419512195122,"['Coffee', 'Jam']","['Sugar', 'Butter']",2,2
"Beer, Coffee, Baby Wipes",Diapers,0.0204,0.9272727272727274,5.944055944055945,0.016968,11.605000000000013,"['Beer', 'Coffee', 'Baby Wipes']",['Diapers'],3,1
"Beer, Milk, Baby Wipes",Diapers,0.0296,0.925,5.92948717948718,0.024608,11.25333333333334,"['Beer', 'Milk', 'Baby Wipes']",['Diapers'],3,1
"Beer, Baby Wipes",Diapers,0.0692,0.9202127659574467,5.8987997817785045,0.0574688,10.578133333333321,"['Beer', 'Baby Wipes']",['Diapers'],2,1
Diapers,"Beer, Baby Wipes",0.0692,0.44358974358974357,5.8987997817785045,0.0574688,1.6620829493087557,['Diapers'],"['Beer', 'Baby Wipes']",1,2
"Beer, Soda, Baby Wipes",Diapers,0.0228,0.9193548387096775,5.893300248138958,0.018931200000000002,10.46560000000001,"['Beer', 'Soda', 'Baby Wipes']",['Diapers'],3,1
"Coffee, Tomato Sauce, Milk","Cheese, Sugar",0.0204,0.40157480314960636,5.870976654234011,0.01692528,1.5567526315789475,"['Coffee', 'Tomato Sauce', 'Milk']","['Cheese', 'Sugar']",3,2
"Cheese, Sugar","Coffee, Tomato Sauce, Milk",0.0204,0.2982456140350877,5.87097665423401,0.01692528,1.35261,"['Cheese', 'Sugar']","['Coffee', 'Tomato Sauce', 'Milk']",2,3
"Wine, Jam","Cheese, Butter",0.02,0.5319148936170213,5.858093542037679,0.01658592,1.9423818181818182,"['Wine', 'Jam']","['Cheese', 'Butter']",2,2
"Cheese, Butter","Wine, Jam",0.02,0.22026431718061673,5.858093542037679,0.01658592,1.2342644067796609,"['Cheese', 'Butter']","['Wine', 'Jam']",2,2
"Coffee, Bread","Sugar, Jam",0.0328,0.3628318584070797,5.852126748501286,0.027195200000000003,1.472138888888889,"['Coffee', 'Bread']","['Sugar', 'Jam']",2,2
"Sugar, Jam","Coffee, Bread",0.0328,0.5290322580645161,5.852126748501285,0.027195200000000003,1.9313424657534246,"['Sugar', 'Jam']","['Coffee', 'Bread']",2,2
"Cheese, Coffee","Pasta, Sugar",0.0248,0.3463687150837989,5.850822889929035,0.02056128,1.4393435897435896,"['Cheese', 'Coffee']","['Pasta', 'Sugar']",2,2
"Pasta, Sugar","Cheese, Coffee",0.0248,0.41891891891891886,5.850822889929034,0.02056128,1.5977116279069765,"['Pasta', 'Sugar']","['Cheese', 'Coffee']",2,2
"Coffee, Jam, Milk","Sugar, Bread",0.026,0.5241935483870968,5.798601198972309,0.02151616,1.911701694915254,"['Coffee', 'Jam', 'Milk']","['Sugar', 'Bread']",3,2
"Sugar, Bread","Coffee, Jam, Milk",0.026,0.28761061946902655,5.798601198972309,0.02151616,1.3341018633540374,"['Sugar', 'Bread']","['Coffee', 'Jam', 'Milk']",2,3
"Beer, Water, Baby Wipes",Diapers,0.0296,0.9024390243902438,5.784865540963102,0.0244832,8.650999999999993,"['Beer', 'Water', 'Baby Wipes']",['Diapers'],3,1
"Coffee, Tomato Sauce","Cheese, Sugar",0.0256,0.392638036809816,5.740322175582105,0.02114032,1.5338464646464647,"['Coffee', 'Tomato Sauce']","['Cheese', 'Sugar']",2,2
"Cheese, Sugar","Coffee, Tomato Sauce",0.0256,0.3742690058479532,5.740322175582104,0.02114032,1.4939327102803737,"['Cheese', 'Sugar']","['Coffee', 'Tomato Sauce']",2,2
"Coffee, Jam","Sugar, Bread",0.0328,0.5030674846625768,5.564905803789567,0.026905920000000003,1.8304296296296299,"['Coffee', 'Jam']","['Sugar', 'Bread']",2,2
"Sugar, Bread","Coffee, Jam",0.0328,0.3628318584070797,5.564905803789567,0.026905920000000003,1.4671166666666668,"['Sugar', 'Bread']","['Coffee', 'Jam']",2,2
"Pasta, Tomato Sauce, Butter","Cheese, Bread",0.0292,0.5289855072463768,5.556570454268663,0.02394496,1.9209600000000002,"['Pasta', 'Tomato Sauce', 'Butter']","['Cheese', 'Bread']",3,2
"Cheese, Bread","Pasta, Tomato Sauce, Butter",0.0292,0.3067226890756302,5.556570454268663,0.02394496,1.3628024242424241,"['Cheese', 'Bread']","['Pasta', 'Tomato Sauce', 'Butter']",2,3
"Wine, Bread","Cheese, Butter",0.0304,0.5033112582781457,5.54307553169764,0.02491568,1.8305226666666667,"['Wine', 'Bread']","['Cheese', 'Butter']",2,2
"Cheese, Butter","Wine, Bread",0.0304,0.33480176211453744,5.54307553169764,0.02491568,1.4125112582781456,"['Cheese', 'Butter']","['Wine', 'Bread']",2,2
"Coffee, Tea, Sugar","Cookies, Milk",0.0216,0.5454545454545454,5.47645125958379,0.01765584,1.9808799999999998,"['Coffee', 'Tea', 'Sugar']","['Cookies', 'Milk']",3,2
"Cookies, Milk","Coffee, Tea, Sugar",0.0216,0.2168674698795181,5.47645125958379,0.01765584,1.2263569230769231,"['Cookies', 'Milk']","['Coffee', 'Tea', 'Sugar']",2,3
"Cheese, Butter","Pasta, Tomato Sauce, Bread",0.0292,0.32158590308370044,5.469148011627559,0.02386096,1.387353246753247,"['Cheese', 'Butter']","['Pasta', 'Tomato Sauce', 'Bread']",2,3
"Pasta, Tomato Sauce, Bread","Cheese, Butter",0.0292,0.4965986394557823,5.469148011627558,0.02386096,1.8061135135135136,"['Pasta', 'Tomato Sauce', 'Bread']","['Cheese', 'Butter']",3,2
"Sugar, Tomato Sauce","Pasta, Milk",0.0344,0.511904761904762,5.46906796906797,0.02811008,1.8570146341463416,"['Sugar', 'Tomato Sauce']","['Pasta', 'Milk']",2,2
"Pasta, Milk","Sugar, Tomato Sauce",0.0344,0.3675213675213675,5.469067969067969,0.02811008,1.4748324324324324,"['Pasta', 'Milk']","['Sugar', 'Tomato Sauce']",2,2
"Wine, Butter","Cheese, Bread",0.0304,0.5205479452054794,5.467940600897893,0.02484032,1.8871542857142858,"['Wine', 'Butter']","['Cheese', 'Bread']",2,2
"Cheese, Bread","Wine, Butter",0.0304,0.31932773109243695,5.467940600897893,0.02484032,1.3833382716049383,"['Cheese', 'Bread']","['Wine', 'Butter']",2,2
"Tomato Sauce, Milk","Pasta, Sugar",0.0344,0.32209737827715357,5.440834092519486,0.02807744,1.3878099447513812,"['Tomato Sauce', 'Milk']","['Pasta', 'Sugar']",2,2
"Pasta, Sugar","Tomato Sauce, Milk",0.0344,0.581081081081081,5.440834092519485,0.02807744,2.132154838709677,"['Pasta', 'Sugar']","['Tomato Sauce', 'Milk']",2,2
"Coffee, Sugar, Jam, Bread","Milk, Butter",0.0248,0.7560975609756097,5.3700110864745,0.02018176,3.5227199999999983,"['Coffee', 'Sugar', 'Jam', 'Bread']","['Milk', 'Butter']",4,2
"Coffee, Tea","Cookies, Milk",0.0284,0.5338345864661654,5.3597850046803766,0.023101280000000002,1.9315032258064517,"['Coffee', 'Tea']","['Cookies', 'Milk']",2,2
"Cookies, Milk","Coffee, Tea",0.0284,0.28514056224899603,5.3597850046803766,0.023101280000000002,1.3244561797752807,"['Cookies', 'Milk']","['Coffee', 'Tea']",2,2
"Cheese, Coffee, Milk","Sugar, Tomato Sauce",0.0204,0.3591549295774648,5.34456740442656,0.01658304,1.4555780219780219,"['Cheese', 'Coffee', 'Milk']","['Sugar', 'Tomato Sauce']",3,2
"Sugar, Tomato Sauce","Cheese, Coffee, Milk",0.0204,0.3035714285714286,5.344567404426559,0.01658304,1.3543384615384617,"['Sugar', 'Tomato Sauce']","['Cheese', 'Coffee', 'Milk']",2,3
"Sugar, Tomato Sauce","Cheese, Coffee",0.0256,0.380952380952381,5.320563979781857,0.02078848,1.499723076923077,"['Sugar', 'Tomato Sauce']","['Cheese', 'Coffee']",2,2
"Cheese, Coffee","Sugar, Tomato Sauce",0.0256,0.3575418994413408,5.320563979781857,0.02078848,1.4519234782608696,"['Cheese', 'Coffee']","['Sugar', 'Tomato Sauce']",2,2
"Coffee, Sugar, Jam, Butter","Milk, Bread",0.0248,0.7654320987654322,5.300776307239835,0.020121439999999997,3.647557894736843,"['Coffee', 'Sugar', 'Jam', 'Butter']","['Milk', 'Bread']",4,2
"Bread, Jam, Tomato Sauce","Cheese, Butter",0.0204,0.4811320754716982,5.298811403873327,0.01655008,1.7522763636363636,"['Bread', 'Jam', 'Tomato Sauce']","['Cheese', 'Butter']",3,2
"Cheese, Butter","Bread, Jam, Tomato Sauce",0.0204,0.22466960352422907,5.298811403873327,0.01655008,1.2350863636363636,"['Cheese', 'Butter']","['Bread', 'Jam', 'Tomato Sauce']",2,3
"Milk, Butter","Coffee, Jam, Bread",0.034,0.24147727272727273,5.2955542264752795,0.027579520000000003,1.2582352059925093,"['Milk', 'Butter']","['Coffee', 'Jam', 'Bread']",2,3
"Coffee, Jam, Bread","Milk, Butter",0.034,0.7456140350877193,5.295554226475279,0.027579520000000003,3.3775448275862066,"['Coffee', 'Jam', 'Bread']","['Milk', 'Butter']",3,2
"Coffee, Sugar, Butter","Milk, Jam, Bread",0.0248,0.39743589743589747,5.229419703103914,0.0200576,1.5334468085106385,"['Coffee', 'Sugar', 'Butter']","['Milk', 'Jam', 'Bread']",3,3
"Milk, Jam, Bread","Coffee, Sugar, Butter",0.0248,0.3263157894736842,5.229419703103914,0.0200576,1.39175,"['Milk', 'Jam', 'Bread']","['Coffee', 'Sugar', 'Butter']",3,3
"Milk, Bread","Coffee, Jam, Butter",0.034,0.23545706371191139,5.163532098945425,0.027415360000000003,1.248327536231884,"['Milk', 'Bread']","['Coffee', 'Jam', 'Butter']",2,3
"Coffee, Jam, Butter","Milk, Bread",0.034,0.7456140350877193,5.163532098945424,0.027415360000000003,3.3633931034482756,"['Coffee', 'Jam', 'Butter']","['Milk', 'Bread']",3,2
"Jam, Tomato Sauce, Butter","Cheese, Bread",0.0204,0.4903846153846154,5.1510989010989015,0.01643968,1.775456603773585,"['Jam', 'Tomato Sauce', 'Butter']","['Cheese', 'Bread']",3,2
"Cheese, Bread","Jam, Tomato Sauce, Butter",0.0204,0.21428571428571427,5.1510989010989015,0.01643968,1.2197818181818183,"['Cheese', 'Bread']","['Jam', 'Tomato Sauce', 'Butter']",2,3
"Milk, Jam, Bread","Coffee, Butter",0.034,0.44736842105263164,5.13037180106229,0.027372800000000003,1.6517333333333337,"['Milk', 'Jam', 'Bread']","['Coffee', 'Butter']",3,2
"Coffee, Butter","Milk, Jam, Bread",0.034,0.389908256880734,5.13037180106229,0.027372800000000003,1.5145263157894737,"['Coffee', 'Butter']","['Milk', 'Jam', 'Bread']",2,3
"Pasta, Tomato Sauce, Milk","Cheese, Coffee, Sugar",0.02,0.25641025641025644,5.087505087505088,0.0160688,1.277048275862069,"['Pasta', 'Tomato Sauce', 'Milk']","['Cheese', 'Coffee', 'Sugar']",3,3
"Cheese, Coffee, Sugar","Pasta, Tomato Sauce, Milk",0.02,0.3968253968253968,5.087505087505087,0.0160688,1.5285789473684208,"['Cheese', 'Coffee', 'Sugar']","['Pasta', 'Tomato Sauce', 'Milk']",3,3
"Yogurt, Pasta","Cheese, Tomato Sauce",0.0272,0.6601941747572815,5.031967795406109,0.021794559999999998,2.5567542857142853,"['Yogurt', 'Pasta']","['Cheese', 'Tomato Sauce']",2,2
"Cheese, Tomato Sauce","Yogurt, Pasta",0.0272,0.20731707317073167,5.031967795406109,0.021794559999999998,1.2095630769230767,"['Cheese', 'Tomato Sauce']","['Yogurt', 'Pasta']",2,2
"Wine, Tomato Sauce","Cheese, Pasta",0.0276,0.6052631578947368,5.010456605088881,0.02209152,2.2273066666666668,"['Wine', 'Tomato Sauce']","['Cheese', 'Pasta']",2,2
"Cheese, Pasta","Wine, Tomato Sauce",0.0276,0.22847682119205298,5.010456605088881,0.02209152,1.2370334763948498,"['Cheese', 'Pasta']","['Wine', 'Tomato Sauce']",2,2
"Coffee, Cookies","Tea, Milk",0.0284,0.4551282051282052,4.990440845704004,0.022709120000000003,1.6679152941176474,"['Coffee', 'Cookies']","['Tea', 'Milk']",2,2
"Tea, Milk","Coffee, Cookies",0.0284,0.31140350877192985,4.990440845704004,0.022709120000000003,1.3616101910828025,"['Tea', 'Milk']","['Coffee', 'Cookies']",2,2
"Cheese, Jam, Bread","Tomato Sauce, Butter",0.0204,0.4180327868852459,4.952995105275425,0.016281280000000002,1.5732845070422534,"['Cheese', 'Jam', 'Bread']","['Tomato Sauce', 'Butter']",3,2
"Tomato Sauce, Butter","Cheese, Jam, Bread",0.0204,0.24170616113744076,4.952995105275425,0.016281280000000002,1.254395,"['Tomato Sauce', 'Butter']","['Cheese', 'Jam', 'Bread']",2,3
"Pasta, Diapers","Cheese, Tomato Sauce",0.0228,0.6477272727272727,4.936945676274944,0.018181759999999998,2.466270967741935,"['Pasta', 'Diapers']","['Cheese', 'Tomato Sauce']",2,2
"Jam, Milk, Butter","Coffee, Bread",0.034,0.4450261780104713,4.922855951443267,0.027093440000000003,1.6389962264150946,"['Jam', 'Milk', 'Butter']","['Coffee', 'Bread']",3,2
"Coffee, Bread","Jam, Milk, Butter",0.034,0.3761061946902655,4.922855951443267,0.027093440000000003,1.4803801418439717,"['Coffee', 'Bread']","['Jam', 'Milk', 'Butter']",2,3
"Coffee, Sugar, Bread","Jam, Milk, Butter",0.0248,0.37575757575757573,4.91829287640806,0.0197576,1.4795533980582523,"['Coffee', 'Sugar', 'Bread']","['Jam', 'Milk', 'Butter']",3,3
"Jam, Milk, Butter","Coffee, Sugar, Bread",0.0248,0.32460732984293195,4.918292876408059,0.0197576,1.3828992248062015,"['Jam', 'Milk', 'Butter']","['Coffee', 'Sugar', 'Bread']",3,3
"Coffee, Sugar, Cookies","Tea, Milk",0.0216,0.4462809917355372,4.89343192692475,0.01718592,1.6412656716417913,"['Coffee', 'Sugar', 'Cookies']","['Tea', 'Milk']",3,2
"Tea, Milk","Coffee, Sugar, Cookies",0.0216,0.2368421052631579,4.89343192692475,0.01718592,1.2469241379310345,"['Tea', 'Milk']","['Coffee', 'Sugar', 'Cookies']",2,3
"Wine, Butter","Cheese, Jam",0.02,0.3424657534246575,4.892367906066536,0.015912,1.414375,"['Wine', 'Butter']","['Cheese', 'Jam']",2,2
"Cheese, Jam","Wine, Butter",0.02,0.2857142857142857,4.892367906066536,0.015912,1.3182399999999999,"['Cheese', 'Jam']","['Wine', 'Butter']",2,2
"Pasta, Butter","Cheese, Bread",0.0296,0.46540880503144655,4.888747952010993,0.023545280000000002,1.6925082352941179,"['Pasta', 'Butter']","['Cheese', 'Bread']",2,2
"Cheese, Bread","Pasta, Butter",0.0296,0.31092436974789917,4.888747952010993,0.023545280000000002,1.3589219512195123,"['Cheese', 'Bread']","['Pasta', 'Butter']",2,2
"Pasta, Eggs","Cheese, Tomato Sauce",0.0284,0.6339285714285715,4.831772648083624,0.022522240000000002,2.3733073170731713,"['Pasta', 'Eggs']","['Cheese', 'Tomato Sauce']",2,2
"Cheese, Tomato Sauce","Pasta, Eggs",0.0284,0.21646341463414634,4.831772648083624,0.022522240000000002,1.2190879377431907,"['Cheese', 'Tomato Sauce']","['Pasta', 'Eggs']",2,2
"Cheese, Sugar, Tomato Sauce, Milk",Pasta,0.0232,0.983050847457627,4.809446416133205,0.01837616,46.94039999999982,"['Cheese', 'Sugar', 'Tomato Sauce', 'Milk']",['Pasta'],4,1
"Cheese, Diapers, Tomato Sauce",Pasta,0.0228,0.9827586206896552,4.808016735272286,0.01805792,46.1448000000002,"['Cheese', 'Diapers', 'Tomato Sauce']",['Pasta'],3,1
"Cheese, Coffee","Pasta, Tomato Sauce, Milk",0.0268,0.3743016759776537,4.798739435610945,0.0212152,1.4735535714285715,"['Cheese', 'Coffee']","['Pasta', 'Tomato Sauce', 'Milk']",2,3
"Pasta, Tomato Sauce, Milk","Cheese, Coffee",0.0268,0.3435897435897436,4.798739435610944,0.0212152,1.414359375,"['Pasta', 'Tomato Sauce', 'Milk']","['Cheese', 'Coffee']",3,2
"Cheese, Tomato Sauce, Sugar, Coffee, Milk",Pasta,0.02,0.9803921568627451,4.796439123594643,0.01583024,40.575599999999916,"['Cheese', 'Tomato Sauce', 'Sugar', 'Coffee', 'Milk']",['Pasta'],5,1
"Coffee, Sugar, Jam","Milk, Bread, Butter",0.0248,0.5391304347826087,4.7795251310514955,0.0196112,1.9250566037735848,"['Coffee', 'Sugar', 'Jam']","['Milk', 'Bread', 'Butter']",3,3
"Milk, Bread, Butter","Coffee, Sugar, Jam",0.0248,0.21985815602836878,4.7795251310514955,0.0196112,1.2228545454545454,"['Milk', 'Bread', 'Butter']","['Coffee', 'Sugar', 'Jam']",3,3
"Diapers, Tomato Sauce","Cheese, Pasta",0.0228,0.5757575757575757,4.766205097330924,0.018016320000000002,2.0723999999999996,"['Diapers', 'Tomato Sauce']","['Cheese', 'Pasta']",2,2
"Coffee, Pasta, Sugar, Tomato Sauce","Cheese, Milk",0.02,0.5555555555555556,4.72411186696901,0.0157664,1.9854,"['Coffee', 'Pasta', 'Sugar', 'Tomato Sauce']","['Cheese', 'Milk']",4,2
"Cheese, Milk, Water, Tomato Sauce",Pasta,0.0212,0.9636363636363637,4.714463618573208,0.0167032,21.879000000000058,"['Cheese', 'Milk', 'Water', 'Tomato Sauce']",['Pasta'],4,1
"Pasta, Bread","Cheese, Butter",0.0296,0.4252873563218391,4.683781457288977,0.02328032,1.582008,"['Pasta', 'Bread']","['Cheese', 'Butter']",2,2
"Cheese, Butter","Pasta, Bread",0.0296,0.32599118942731276,4.683781457288977,0.02328032,1.380397385620915,"['Cheese', 'Butter']","['Pasta', 'Bread']",2,2
"Cheese, Coffee, Tomato Sauce, Milk",Pasta,0.0268,0.9571428571428572,4.682694995806542,0.0210768,18.564000000000018,"['Cheese', 'Coffee', 'Tomato Sauce', 'Milk']",['Pasta'],4,1
"Coffee, Pasta, Tomato Sauce","Cheese, Milk",0.0268,0.5491803278688524,4.669900747184119,0.021061120000000003,1.957323636363636,"['Coffee', 'Pasta', 'Tomato Sauce']","['Cheese', 'Milk']",3,2
"Cheese, Milk","Coffee, Pasta, Tomato Sauce",0.0268,0.22789115646258504,4.669900747184119,0.021061120000000003,1.2319506607929516,"['Cheese', 'Milk']","['Coffee', 'Pasta', 'Tomato Sauce']",2,3
"Cheese, Coffee, Sugar, Tomato Sauce",Pasta,0.0244,0.953125,4.663038160469667,0.01916736,16.9728,"['Cheese', 'Coffee', 'Sugar', 'Tomato Sauce']",['Pasta'],4,1
"Coffee, Jam","Milk, Bread, Butter",0.034,0.5214723926380369,4.622982204237916,0.026645440000000003,1.8540205128205132,"['Coffee', 'Jam']","['Milk', 'Bread', 'Butter']",2,3
"Milk, Bread, Butter","Coffee, Jam",0.034,0.3014184397163121,4.622982204237916,0.026645440000000003,1.3381401015228427,"['Milk', 'Bread', 'Butter']","['Coffee', 'Jam']",3,2
"Cheese, Sugar, Tomato Sauce",Pasta,0.0328,0.9425287356321841,4.611197336752368,0.025686880000000002,13.843440000000044,"['Cheese', 'Sugar', 'Tomato Sauce']",['Pasta'],3,1
"Cheese, Coffee, Tomato Sauce",Pasta,0.0328,0.9425287356321841,4.611197336752368,0.025686880000000002,13.843440000000044,"['Cheese', 'Coffee', 'Tomato Sauce']",['Pasta'],3,1
"Cheese, Cookies, Tomato Sauce",Pasta,0.0256,0.9411764705882354,4.6045815586508585,0.02004032,13.525200000000021,"['Cheese', 'Cookies', 'Tomato Sauce']",['Pasta'],3,1
"Cheese, Jam, Butter","Tomato Sauce, Bread",0.0204,0.40476190476190477,4.5995670995671,0.0159648,1.53216,"['Cheese', 'Jam', 'Butter']","['Tomato Sauce', 'Bread']",3,2
"Tomato Sauce, Bread","Cheese, Jam, Butter",0.0204,0.23181818181818184,4.5995670995671,0.0159648,1.2361656804733727,"['Tomato Sauce', 'Bread']","['Cheese', 'Jam', 'Butter']",2,3
"Soda, Pasta","Cheese, Tomato Sauce",0.0328,0.6029411764705883,4.595588235294118,0.025662720000000003,2.188088888888889,"['Soda', 'Pasta']","['Cheese', 'Tomato Sauce']",2,2
"Cheese, Tomato Sauce","Soda, Pasta",0.0328,0.25,4.595588235294118,0.025662720000000003,1.2608,"['Cheese', 'Tomato Sauce']","['Soda', 'Pasta']",2,2
"Coffee, Bread, Butter","Jam, Milk",0.034,0.47222222222222227,4.5936013834846525,0.0265984,1.6999578947368423,"['Coffee', 'Bread', 'Butter']","['Jam', 'Milk']",3,2
"Jam, Milk","Coffee, Bread, Butter",0.034,0.33073929961089493,4.5936013834846525,0.0265984,1.3866046511627905,"['Jam', 'Milk']","['Coffee', 'Bread', 'Butter']",2,3
"Soda, Baby Wipes","Beer, Diapers",0.0228,0.3931034482758621,4.592330003222688,0.017835200000000002,1.5066818181818182,"['Soda', 'Baby Wipes']","['Beer', 'Diapers']",2,2
"Beer, Diapers","Soda, Baby Wipes",0.0228,0.2663551401869159,4.592330003222688,0.017835200000000002,1.284,"['Beer', 'Diapers']","['Soda', 'Baby Wipes']",2,2
"Coffee, Baby Wipes","Beer, Diapers",0.0204,0.39230769230769236,4.583033788641266,0.015948800000000003,1.5047088607594938,"['Coffee', 'Baby Wipes']","['Beer', 'Diapers']",2,2
"Beer, Diapers","Coffee, Baby Wipes",0.0204,0.23831775700934582,4.583033788641266,0.015948800000000003,1.2446134969325153,"['Beer', 'Diapers']","['Coffee', 'Baby Wipes']",2,2
"Cheese, Tomato Sauce, Milk","Pasta, Water",0.0212,0.3680555555555556,4.577805417357657,0.01656896,1.455191208791209,"['Cheese', 'Tomato Sauce', 'Milk']","['Pasta', 'Water']",3,2
"Pasta, Water","Cheese, Tomato Sauce, Milk",0.0212,0.263681592039801,4.577805417357657,0.01656896,1.2798810810810812,"['Pasta', 'Water']","['Cheese', 'Tomato Sauce', 'Milk']",2,3
"Cheese, Eggs, Tomato Sauce",Pasta,0.0284,0.9342105263157895,4.570501596456896,0.022186240000000003,12.093120000000003,"['Cheese', 'Eggs', 'Tomato Sauce']",['Pasta'],3,1
"Sugar, Baby Wipes","Beer, Diapers",0.0216,0.38848920863309355,4.538425334498757,0.01684064,1.4953129411764707,"['Sugar', 'Baby Wipes']","['Beer', 'Diapers']",2,2
"Beer, Diapers","Sugar, Baby Wipes",0.0216,0.25233644859813087,4.538425334498757,0.01684064,1.2631350000000001,"['Beer', 'Diapers']","['Sugar', 'Baby Wipes']",2,2
"Coffee, Sugar, Bread, Butter","Jam, Milk",0.0248,0.4661654135338346,4.53468301102952,0.01933104,1.6806704225352116,"['Coffee', 'Sugar', 'Bread', 'Butter']","['Jam', 'Milk']",4,2
"Jam, Milk","Coffee, Sugar, Bread, Butter",0.0248,0.2412451361867704,4.534683011029519,0.01933104,1.247833846153846,"['Jam', 'Milk']","['Coffee', 'Sugar', 'Bread', 'Butter']",2,4
"Coffee, Sugar, Butter","Milk, Bread",0.0408,0.653846153846154,4.528020455998296,0.03178944,2.4717333333333342,"['Coffee', 'Sugar', 'Butter']","['Milk', 'Bread']",3,2
"Milk, Bread","Coffee, Sugar, Butter",0.0408,0.28254847645429365,4.528020455998296,0.03178944,1.3068478764478764,"['Milk', 'Bread']","['Coffee', 'Sugar', 'Butter']",2,3
"Cheese, Tomato Sauce, Baby Wipes",Pasta,0.0244,0.9242424242424243,4.521733973788769,0.01900384,10.501920000000009,"['Cheese', 'Tomato Sauce', 'Baby Wipes']",['Pasta'],3,1
"Cheese, Tea, Tomato Sauce",Pasta,0.0288,0.9230769230769231,4.516031913292188,0.02242272,10.342800000000006,"['Cheese', 'Tea', 'Tomato Sauce']",['Pasta'],3,1
"Jam, Tomato Sauce","Cheese, Bread, Butter",0.0204,0.33774834437086093,4.515352197471403,0.01588208,1.397052,"['Jam', 'Tomato Sauce']","['Cheese', 'Bread', 'Butter']",2,3
"Cheese, Bread, Butter","Jam, Tomato Sauce",0.0204,0.2727272727272727,4.515352197471402,0.01588208,1.29195,"['Cheese', 'Bread', 'Butter']","['Jam', 'Tomato Sauce']",3,2
"Pasta, Water","Cheese, Tomato Sauce",0.0476,0.592039800995025,4.512498483193787,0.037051520000000004,2.1296195121951222,"['Pasta', 'Water']","['Cheese', 'Tomato Sauce']",2,2
"Cheese, Tomato Sauce","Pasta, Water",0.0476,0.3628048780487805,4.512498483193787,0.037051520000000004,1.4432,"['Cheese', 'Tomato Sauce']","['Pasta', 'Water']",2,2
"Cheese, Tomato Sauce, Milk",Pasta,0.0528,0.9166666666666667,4.484670580560992,0.041026560000000004,9.547200000000009,"['Cheese', 'Tomato Sauce', 'Milk']",['Pasta'],3,1
Pasta,"Cheese, Tomato Sauce, Milk",0.0528,0.2583170254403131,4.484670580560992,0.041026560000000004,1.2706237467018469,['Pasta'],"['Cheese', 'Tomato Sauce', 'Milk']",1,3
"Pasta, Tea","Cheese, Tomato Sauce",0.0288,0.5853658536585366,4.46162998215348,0.022344959999999997,2.0953411764705883,"['Pasta', 'Tea']","['Cheese', 'Tomato Sauce']",2,2
"Cheese, Tomato Sauce","Pasta, Tea",0.0288,0.2195121951219512,4.46162998215348,0.022344959999999997,1.2182125,"['Cheese', 'Tomato Sauce']","['Pasta', 'Tea']",2,2
"Coffee, Sugar, Tomato Sauce, Milk","Cheese, Pasta",0.02,0.5376344086021506,4.450615965249591,0.015506240000000001,1.901525581395349,"['Coffee', 'Sugar', 'Tomato Sauce', 'Milk']","['Cheese', 'Pasta']",4,2
"Cheese, Water, Tomato Sauce",Pasta,0.0476,0.9083969465648856,4.444212067342884,0.03688944,8.685300000000007,"['Cheese', 'Water', 'Tomato Sauce']",['Pasta'],3,1
Pasta,"Cheese, Water, Tomato Sauce",0.0476,0.23287671232876714,4.444212067342884,0.03688944,1.2352642857142857,['Pasta'],"['Cheese', 'Water', 'Tomato Sauce']",1,3
"Cheese, Pasta","Yogurt, Tomato Sauce",0.0272,0.22516556291390727,4.432392970746206,0.02106336,1.2250358974358975,"['Cheese', 'Pasta']","['Yogurt', 'Tomato Sauce']",2,2
"Yogurt, Tomato Sauce","Cheese, Pasta",0.0272,0.5354330708661417,4.432392970746205,0.02106336,1.8925152542372878,"['Yogurt', 'Tomato Sauce']","['Cheese', 'Pasta']",2,2
"Sugar, Jam, Bread","Milk, Butter",0.0276,0.6216216216216216,4.4149262899262895,0.02134848,2.270742857142857,"['Sugar', 'Jam', 'Bread']","['Milk', 'Butter']",3,2
"Sugar, Tomato Sauce, Milk","Cheese, Pasta",0.0232,0.5321100917431192,4.404884865423172,0.017933119999999997,1.8790745098039212,"['Sugar', 'Tomato Sauce', 'Milk']","['Cheese', 'Pasta']",3,2
"Cheese, Tomato Sauce",Pasta,0.118,0.8993902439024389,4.400147964297647,0.09118272,7.907781818181811,"['Cheese', 'Tomato Sauce']",['Pasta'],2,1
Pasta,"Cheese, Tomato Sauce",0.118,0.5772994129158513,4.400147964297647,0.09118272,2.055355555555556,['Pasta'],"['Cheese', 'Tomato Sauce']",1,2
"Milk, Butter","Coffee, Sugar, Bread",0.0408,0.2897727272727273,4.390495867768595,0.0315072,1.315072,"['Milk', 'Butter']","['Coffee', 'Sugar', 'Bread']",2,3
"Coffee, Sugar, Bread","Milk, Butter",0.0408,0.6181818181818182,4.390495867768594,0.0315072,2.250285714285714,"['Coffee', 'Sugar', 'Bread']","['Milk', 'Butter']",3,2
"Eggs, Tomato Sauce","Cheese, Pasta",0.0284,0.5298507462686567,4.38618167440941,0.02192512,1.8700444444444444,"['Eggs', 'Tomato Sauce']","['Cheese', 'Pasta']",2,2
"Cheese, Pasta","Eggs, Tomato Sauce",0.0284,0.23509933774834438,4.38618167440941,0.02192512,1.2372848484848484,"['Cheese', 'Pasta']","['Eggs', 'Tomato Sauce']",2,2
"Milk, Bread","Coffee, Butter",0.0552,0.38227146814404434,4.383847111743628,0.04260832,1.477671748878924,"['Milk', 'Bread']","['Coffee', 'Butter']",2,2
"Coffee, Butter","Milk, Bread",0.0552,0.6330275229357798,4.383847111743627,0.04260832,2.3315099999999997,"['Coffee', 'Butter']","['Milk', 'Bread']",2,2
"Cheese, Yogurt, Tomato Sauce",Pasta,0.0272,0.8947368421052632,4.377381810691111,0.02098624,7.5582,"['Cheese', 'Yogurt', 'Tomato Sauce']",['Pasta'],3,1
"Tea, Sugar","Cookies, Milk",0.0256,0.435374149659864,4.37122640220747,0.01974352,1.5946843373493977,"['Tea', 'Sugar']","['Cookies', 'Milk']",2,2
"Cookies, Milk","Tea, Sugar",0.0256,0.25702811244979923,4.37122640220747,0.01974352,1.2668043243243245,"['Cookies', 'Milk']","['Tea', 'Sugar']",2,2
"Pasta, Tomato Sauce, Baby Wipes",Diapers,0.0248,0.6813186813186812,4.367427444350521,0.0191216,2.6484137931034475,"['Pasta', 'Tomato Sauce', 'Baby Wipes']",['Diapers'],3,1
"Coffee, Tomato Sauce, Milk","Cheese, Pasta",0.0268,0.5275590551181103,4.367210721176409,0.020663360000000002,1.8609733333333336,"['Coffee', 'Tomato Sauce', 'Milk']","['Cheese', 'Pasta']",3,2
"Cheese, Pasta","Coffee, Tomato Sauce, Milk",0.0268,0.22185430463576158,4.367210721176409,0.020663360000000002,1.2198229787234043,"['Cheese', 'Pasta']","['Coffee', 'Tomato Sauce', 'Milk']",2,3
"Milk, Jam, Bread","Sugar, Butter",0.0276,0.3631578947368421,4.364878542510122,0.0212768,1.439603305785124,"['Milk', 'Jam', 'Bread']","['Sugar', 'Butter']",3,2
"Sugar, Butter","Milk, Jam, Bread",0.0276,0.3317307692307692,4.364878542510121,0.0212768,1.3826762589928057,"['Sugar', 'Butter']","['Milk', 'Jam', 'Bread']",2,3
"Cheese, Sugar","Pasta, Tomato Sauce, Milk",0.0232,0.3391812865497076,4.348478032688559,0.0178648,1.3952389380530974,"['Cheese', 'Sugar']","['Pasta', 'Tomato Sauce', 'Milk']",2,3
"Pasta, Tomato Sauce, Milk","Cheese, Sugar",0.0232,0.29743589743589743,4.348478032688559,0.0178648,1.326,"['Pasta', 'Tomato Sauce', 'Milk']","['Cheese', 'Sugar']",3,2
"Sugar, Jam, Butter","Milk, Bread",0.0276,0.6272727272727273,4.343993956182322,0.0212464,2.2955121951219515,"['Sugar', 'Jam', 'Butter']","['Milk', 'Bread']",3,2
"Coffee, Bread","Milk, Butter",0.0552,0.6106194690265487,4.336786001609011,0.04247168,2.2065818181818186,"['Coffee', 'Bread']","['Milk', 'Butter']",2,2
"Milk, Butter","Coffee, Bread",0.0552,0.39204545454545453,4.336786001609011,0.04247168,1.4961644859813084,"['Milk', 'Butter']","['Coffee', 'Bread']",2,2
"Cheese, Jam, Tomato Sauce",Pasta,0.028,0.8860759493670886,4.335009537020981,0.021540959999999998,6.9835999999999965,"['Cheese', 'Jam', 'Tomato Sauce']",['Pasta'],3,1
"Coffee, Pasta, Milk","Cheese, Tomato Sauce",0.0268,0.5677966101694916,4.327718065316247,0.02060736,2.010164705882353,"['Coffee', 'Pasta', 'Milk']","['Cheese', 'Tomato Sauce']",3,2
"Cheese, Tomato Sauce","Coffee, Pasta, Milk",0.0268,0.20426829268292682,4.327718065316247,0.02060736,1.1973885057471263,"['Cheese', 'Tomato Sauce']","['Coffee', 'Pasta', 'Milk']",2,3
"Cheese, Coffee, Sugar","Pasta, Milk",0.0204,0.40476190476190477,4.324379324379325,0.01568256,1.5227519999999999,"['Cheese', 'Coffee', 'Sugar']","['Pasta', 'Milk']",3,2
"Pasta, Milk","Cheese, Coffee, Sugar",0.0204,0.21794871794871795,4.324379324379325,0.01568256,1.2142426229508196,"['Pasta', 'Milk']","['Cheese', 'Coffee', 'Sugar']",2,3
"Cheese, Water, Tomato Sauce","Pasta, Milk",0.0212,0.40458015267175573,4.322437528544398,0.016295360000000002,1.5222871794871795,"['Cheese', 'Water', 'Tomato Sauce']","['Pasta', 'Milk']",3,2
"Pasta, Milk","Cheese, Water, Tomato Sauce",0.0212,0.2264957264957265,4.322437528544398,0.016295360000000002,1.2250740331491712,"['Pasta', 'Milk']","['Cheese', 'Water', 'Tomato Sauce']",2,3
"Cheese, Soda, Tomato Sauce",Pasta,0.0328,0.881720430107527,4.313700734381247,0.025196320000000005,6.7264363636363695,"['Cheese', 'Soda', 'Tomato Sauce']",['Pasta'],3,1
"Coffee, Pasta, Sugar","Cheese, Tomato Sauce",0.0244,0.5648148148148148,4.304990966576332,0.01873216,1.9963914893617019,"['Coffee', 'Pasta', 'Sugar']","['Cheese', 'Tomato Sauce']",3,2
"Milk, Water, Tomato Sauce","Cheese, Pasta",0.0212,0.5196078431372548,4.301389429944162,0.01627136,1.8301714285714283,"['Milk', 'Water', 'Tomato Sauce']","['Cheese', 'Pasta']",3,2
"Pasta, Milk","Cheese, Tomato Sauce",0.0528,0.5641025641025641,4.299562226391494,0.04051968,1.9931294117647058,"['Pasta', 'Milk']","['Cheese', 'Tomato Sauce']",2,2
"Cheese, Tomato Sauce","Pasta, Milk",0.0528,0.40243902439024387,4.299562226391494,0.04051968,1.5168326530612242,"['Cheese', 'Tomato Sauce']","['Pasta', 'Milk']",2,2
"Coffee, Pasta, Sugar, Milk","Cheese, Tomato Sauce",0.02,0.5617977528089888,4.281995067141683,0.01532928,1.9826461538461542,"['Coffee', 'Pasta', 'Sugar', 'Milk']","['Cheese', 'Tomato Sauce']",4,2
"Pasta, Cookies","Cheese, Tomato Sauce",0.0256,0.5614035087719298,4.278990158322635,0.01961728,1.980864,"['Pasta', 'Cookies']","['Cheese', 'Tomato Sauce']",2,2
"Milk, Sugar, Baby Wipes",Diapers,0.024,0.6666666666666667,4.273504273504274,0.018384,2.5320000000000005,"['Milk', 'Sugar', 'Baby Wipes']",['Diapers'],3,1
"Cheese, Tomato Sauce, Butter",Pasta,0.0348,0.8699999999999999,4.256360078277886,0.026624,6.119999999999995,"['Cheese', 'Tomato Sauce', 'Butter']",['Pasta'],3,1
"Tomato Sauce, Bread","Cheese, Butter",0.034,0.3863636363636364,4.255106127352824,0.0260096,1.4816592592592595,"['Tomato Sauce', 'Bread']","['Cheese', 'Butter']",2,2
"Cheese, Butter","Tomato Sauce, Bread",0.034,0.3744493392070485,4.255106127352824,0.0260096,1.4579154929577467,"['Cheese', 'Butter']","['Tomato Sauce', 'Bread']",2,2
"Coffee, Pasta","Cheese, Tomato Sauce",0.0328,0.5578231292517007,4.251700680272109,0.02508544,1.9648246153846156,"['Coffee', 'Pasta']","['Cheese', 'Tomato Sauce']",2,2
"Cheese, Tomato Sauce","Coffee, Pasta",0.0328,0.25,4.251700680272109,0.02508544,1.2549333333333335,"['Cheese', 'Tomato Sauce']","['Coffee', 'Pasta']",2,2
"Pasta, Sugar, Milk","Cheese, Tomato Sauce",0.0232,0.5576923076923077,4.250703564727955,0.01774208,1.9642434782608698,"['Pasta', 'Sugar', 'Milk']","['Cheese', 'Tomato Sauce']",3,2
"Tomato Sauce, Butter","Cheese, Bread",0.034,0.4028436018957346,4.231550440081246,0.02596512,1.5151809523809525,"['Tomato Sauce', 'Butter']","['Cheese', 'Bread']",2,2
"Cheese, Bread","Tomato Sauce, Butter",0.034,0.35714285714285715,4.231550440081246,0.02596512,1.4242666666666668,"['Cheese', 'Bread']","['Tomato Sauce', 'Butter']",2,2
"Pasta, Sugar","Cheese, Tomato Sauce",0.0328,0.5540540540540541,4.222972972972973,0.02503296,1.9482181818181818,"['Pasta', 'Sugar']","['Cheese', 'Tomato Sauce']",2,2
"Cheese, Tomato Sauce","Pasta, Sugar",0.0328,0.25,4.222972972972973,0.02503296,1.2544,"['Cheese', 'Tomato Sauce']","['Pasta', 'Sugar']",2,2
"Diapers, Water","Milk, Baby Wipes",0.0236,0.3710691823899371,4.216695254431103,0.0180032,1.4500799999999998,"['Diapers', 'Water']","['Milk', 'Baby Wipes']",2,2
"Milk, Baby Wipes","Diapers, Water",0.0236,0.2681818181818182,4.216695254431103,0.0180032,1.279552795031056,"['Milk', 'Baby Wipes']","['Diapers', 'Water']",2,2
"Wine, Coffee","Cheese, Milk",0.0212,0.4953271028037384,4.211965159895734,0.016166720000000002,1.7484592592592594,"['Wine', 'Coffee']","['Cheese', 'Milk']",2,2
"Tomato Sauce, Bread, Butter","Cheese, Jam",0.0204,0.2947976878612717,4.211395540875309,0.015556,1.3187704918032785,"['Tomato Sauce', 'Bread', 'Butter']","['Cheese', 'Jam']",3,2
"Cheese, Jam","Tomato Sauce, Bread, Butter",0.0204,0.2914285714285714,4.211395540875309,0.015556,1.3136290322580644,"['Cheese', 'Jam']","['Tomato Sauce', 'Bread', 'Butter']",2,3
"Pasta, Water, Milk","Cheese, Tomato Sauce",0.0212,0.5520833333333334,4.207952235772358,0.01616192,1.9396465116279071,"['Pasta', 'Water', 'Milk']","['Cheese', 'Tomato Sauce']",3,2
"Cheese, Tomato Sauce, Bread",Pasta,0.0368,0.8598130841121495,4.206521937926367,0.028051680000000002,5.675279999999999,"['Cheese', 'Tomato Sauce', 'Bread']",['Pasta'],3,1
"Cheese, Tomato Sauce, Bread, Butter",Pasta,0.0292,0.8588235294117647,4.201680672268908,0.0222504,5.635499999999998,"['Cheese', 'Tomato Sauce', 'Bread', 'Butter']",['Pasta'],4,1
"Cheese, Tomato Sauce","Pasta, Jam",0.028,0.21341463414634146,4.201075475321683,0.02133504,1.2067348837209302,"['Cheese', 'Tomato Sauce']","['Pasta', 'Jam']",2,2
"Pasta, Jam","Cheese, Tomato Sauce",0.028,0.5511811023622047,4.201075475321682,0.02133504,1.9357473684210527,"['Pasta', 'Jam']","['Cheese', 'Tomato Sauce']",2,2
"Sugar, Baby Wipes",Diapers,0.0364,0.6546762589928058,4.1966426858513195,0.027726400000000002,2.4440833333333334,"['Sugar', 'Baby Wipes']",['Diapers'],2,1
Diapers,"Sugar, Baby Wipes",0.0364,0.23333333333333334,4.1966426858513195,0.027726400000000002,1.2318260869565218,['Diapers'],"['Sugar', 'Baby Wipes']",1,2
"Beer, Soda, Diapers",Baby Wipes,0.0228,0.890625,4.193149717514125,0.01736256,7.200914285714285,"['Beer', 'Soda', 'Diapers']",['Baby Wipes'],3,1
"Pasta, Baby Wipes","Cheese, Tomato Sauce",0.0244,0.5495495495495496,4.188639859371567,0.018574720000000003,1.9287360000000002,"['Pasta', 'Baby Wipes']","['Cheese', 'Tomato Sauce']",2,2
"Pasta, Bread, Butter","Cheese, Tomato Sauce",0.0292,0.5488721804511278,4.183476985145791,0.02222016,1.9258400000000002,"['Pasta', 'Bread', 'Butter']","['Cheese', 'Tomato Sauce']",3,2
"Cheese, Tomato Sauce","Pasta, Bread, Butter",0.0292,0.22256097560975607,4.183476985145791,0.02222016,1.217844705882353,"['Cheese', 'Tomato Sauce']","['Pasta', 'Bread', 'Butter']",2,3
"Cheese, Baby Wipes",Diapers,0.0368,0.6524822695035462,4.182578650663757,0.0280016,2.42865306122449,"['Cheese', 'Baby Wipes']",['Diapers'],2,1
Diapers,"Cheese, Baby Wipes",0.0368,0.2358974358974359,4.182578650663757,0.0280016,1.2349127516778524,['Diapers'],"['Cheese', 'Baby Wipes']",1,2
"Diapers, Water","Bread, Baby Wipes",0.0204,0.32075471698113206,4.176493710691824,0.015515520000000001,1.3591555555555555,"['Diapers', 'Water']","['Bread', 'Baby Wipes']",2,2
"Bread, Baby Wipes","Diapers, Water",0.0204,0.26562500000000006,4.176493710691824,0.015515520000000001,1.2750978723404256,"['Bread', 'Baby Wipes']","['Diapers', 'Water']",2,2
"Coffee, Sugar, Tomato Sauce","Cheese, Pasta",0.0244,0.5041322314049588,4.1732800612993275,0.018553280000000002,1.7730533333333336,"['Coffee', 'Sugar', 'Tomato Sauce']","['Cheese', 'Pasta']",3,2
"Cheese, Pasta","Coffee, Sugar, Tomato Sauce",0.0244,0.20198675496688742,4.173280061299327,0.018553280000000002,1.1924614107883817,"['Cheese', 'Pasta']","['Coffee', 'Sugar', 'Tomato Sauce']",2,3
"Cheese, Tomato Sauce","Pasta, Butter",0.0348,0.26524390243902435,4.170501610676483,0.026455679999999995,1.2744365145228214,"['Cheese', 'Tomato Sauce']","['Pasta', 'Butter']",2,2
"Pasta, Butter","Cheese, Tomato Sauce",0.0348,0.5471698113207546,4.1705016106764825,0.026455679999999995,1.9185999999999994,"['Pasta', 'Butter']","['Cheese', 'Tomato Sauce']",2,2
"Coffee, Sugar, Baby Wipes",Diapers,0.026,0.6499999999999999,4.166666666666666,0.01976,2.4114285714285706,"['Coffee', 'Sugar', 'Baby Wipes']",['Diapers'],3,1
"Coffee, Tomato Sauce","Cheese, Pasta",0.0328,0.5030674846625768,4.164465932637225,0.024923840000000003,1.7692543209876546,"['Coffee', 'Tomato Sauce']","['Cheese', 'Pasta']",2,2
"Cheese, Pasta","Coffee, Tomato Sauce",0.0328,0.271523178807947,4.164465932637224,0.024923840000000003,1.2832254545454547,"['Cheese', 'Pasta']","['Coffee', 'Tomato Sauce']",2,2
"Wine, Milk","Cheese, Coffee",0.0212,0.29775280898876405,4.158558784759275,0.01610208,1.3220416,"['Wine', 'Milk']","['Cheese', 'Coffee']",2,2
"Cheese, Coffee","Wine, Milk",0.0212,0.29608938547486036,4.158558784759275,0.01610208,1.3194857142857142,"['Cheese', 'Coffee']","['Wine', 'Milk']",2,2
"Pasta, Baby Wipes",Diapers,0.0288,0.6486486486486486,4.158004158004157,0.0218736,2.4021538461538454,"['Pasta', 'Baby Wipes']",['Diapers'],2,1
"Cheese, Pasta, Water","Tomato Sauce, Milk",0.0212,0.44166666666666665,4.135455680399501,0.0160736,1.5997611940298506,"['Cheese', 'Pasta', 'Water']","['Tomato Sauce', 'Milk']",3,2
"Sugar, Cookies","Tea, Milk",0.0256,0.3764705882352941,4.127966976264189,0.0193984,1.4575094339622643,"['Sugar', 'Cookies']","['Tea', 'Milk']",2,2
"Tea, Milk","Sugar, Cookies",0.0256,0.2807017543859649,4.127966976264189,0.0193984,1.2957073170731706,"['Tea', 'Milk']","['Sugar', 'Cookies']",2,2
"Yogurt, Diapers",Baby Wipes,0.028,0.875,4.119585687382298,0.0212032,6.3008,"['Yogurt', 'Diapers']",['Baby Wipes'],2,1
"Diapers, Cookies",Baby Wipes,0.03,0.872093023255814,4.105899356194981,0.02269344,6.1575999999999995,"['Diapers', 'Cookies']",['Baby Wipes'],2,1
"Tomato Sauce, Milk","Cheese, Pasta",0.0528,0.4943820224719101,4.092566411191308,0.03989856,1.738862222222222,"['Tomato Sauce', 'Milk']","['Cheese', 'Pasta']",2,2
"Cheese, Pasta","Tomato Sauce, Milk",0.0528,0.43708609271523174,4.092566411191308,0.03989856,1.5867435294117647,"['Cheese', 'Pasta']","['Tomato Sauce', 'Milk']",2,2
"Bread, Baby Wipes","Beer, Diapers",0.0268,0.34895833333333337,4.076616043613708,0.02022592,1.4045184000000002,"['Bread', 'Baby Wipes']","['Beer', 'Diapers']",2,2
"Beer, Diapers","Bread, Baby Wipes",0.0268,0.31308411214953275,4.076616043613708,0.02022592,1.343978231292517,"['Beer', 'Diapers']","['Bread', 'Baby Wipes']",2,2
"Water, Baby Wipes","Diapers, Milk",0.0236,0.25431034482758624,4.075486295313882,0.01780928,1.2573595375722544,"['Water', 'Baby Wipes']","['Diapers', 'Milk']",2,2
"Diapers, Milk","Water, Baby Wipes",0.0236,0.3782051282051282,4.0754862953138815,0.01780928,1.45900206185567,"['Diapers', 'Milk']","['Water', 'Baby Wipes']",2,2
"Coffee, Milk, Baby Wipes",Diapers,0.0236,0.6344086021505376,4.0667218086572925,0.0177968,2.3085882352941174,"['Coffee', 'Milk', 'Baby Wipes']",['Diapers'],3,1
"Wine, Diapers",Baby Wipes,0.0228,0.8636363636363636,4.0660845745591505,0.017192640000000002,5.775733333333333,"['Wine', 'Diapers']",['Baby Wipes'],2,1
"Cheese, Coffee","Pasta, Milk",0.0272,0.37988826815642457,4.058635343551544,0.020498239999999997,1.4616720720720722,"['Cheese', 'Coffee']","['Pasta', 'Milk']",2,2
"Pasta, Milk","Cheese, Coffee",0.0272,0.29059829059829057,4.058635343551544,0.020498239999999997,1.3087084337349397,"['Pasta', 'Milk']","['Cheese', 'Coffee']",2,2
"Coffee, Baby Wipes",Diapers,0.0328,0.6307692307692309,4.043392504930967,0.024688,2.2858333333333336,"['Coffee', 'Baby Wipes']",['Diapers'],2,1
Diapers,"Coffee, Baby Wipes",0.0328,0.2102564102564103,4.043392504930967,0.024688,1.2003896103896103,['Diapers'],"['Coffee', 'Baby Wipes']",1,2
"Sugar, Tomato Sauce","Cheese, Pasta",0.0328,0.4880952380952382,4.040523494165879,0.02468224,1.7175069767441862,"['Sugar', 'Tomato Sauce']","['Cheese', 'Pasta']",2,2
"Cheese, Pasta","Sugar, Tomato Sauce",0.0328,0.271523178807947,4.040523494165878,0.02468224,1.28048,"['Cheese', 'Pasta']","['Sugar', 'Tomato Sauce']",2,2
"Pasta, Bread","Cheese, Tomato Sauce",0.0368,0.5287356321839081,4.02999719652369,0.02766848,1.8435512195121952,"['Pasta', 'Bread']","['Cheese', 'Tomato Sauce']",2,2
"Cheese, Tomato Sauce","Pasta, Bread",0.0368,0.28048780487804875,4.02999719652369,0.02766848,1.2930983050847458,"['Cheese', 'Tomato Sauce']","['Pasta', 'Bread']",2,2
"Diapers, Water, Milk",Baby Wipes,0.0236,0.855072463768116,4.025764895330113,0.017737759999999998,5.43444,"['Diapers', 'Water', 'Milk']",['Baby Wipes'],3,1
"Soda, Baby Wipes",Diapers,0.0364,0.6275862068965518,4.022988505747127,0.027352,2.2662962962962965,"['Soda', 'Baby Wipes']",['Diapers'],2,1
Diapers,"Soda, Baby Wipes",0.0364,0.23333333333333334,4.022988505747127,0.027352,1.228695652173913,['Diapers'],"['Soda', 'Baby Wipes']",1,2
"Coffee, Butter","Jam, Milk",0.036,0.4128440366972477,4.01599257487595,0.02703584,1.52804375,"['Coffee', 'Butter']","['Jam', 'Milk']",2,2
"Jam, Milk","Coffee, Butter",0.036,0.35019455252918286,4.01599257487595,0.02703584,1.404728143712575,"['Jam', 'Milk']","['Coffee', 'Butter']",2,2
"Coffee, Pasta, Sugar","Cheese, Milk",0.0204,0.4722222222222222,4.015495086923658,0.015319680000000002,1.671915789473684,"['Coffee', 'Pasta', 'Sugar']","['Cheese', 'Milk']",3,2
"Beer, Diapers, Milk",Baby Wipes,0.0296,0.8505747126436782,4.004589042578522,0.022208480000000003,5.270861538461541,"['Beer', 'Diapers', 'Milk']",['Baby Wipes'],3,1
"Sugar, Bread","Jam, Milk, Butter",0.0276,0.30530973451327437,3.9962007135245337,0.02069344,1.3295133757961783,"['Sugar', 'Bread']","['Jam', 'Milk', 'Butter']",2,3
"Jam, Milk, Butter","Sugar, Bread",0.0276,0.3612565445026178,3.996200713524533,0.02069344,1.424045901639344,"['Jam', 'Milk', 'Butter']","['Sugar', 'Bread']",3,2
"Coffee, Water, Bread","Sugar, Milk",0.0204,0.6455696202531646,3.9948615114676027,0.015293440000000002,2.365485714285714,"['Coffee', 'Water', 'Bread']","['Sugar', 'Milk']",3,2
"Soda, Pasta","Tomato Sauce, Milk",0.0232,0.4264705882352941,3.9931703018285964,0.01739008,1.5573743589743592,"['Soda', 'Pasta']","['Tomato Sauce', 'Milk']",2,2
"Tomato Sauce, Milk","Soda, Pasta",0.0232,0.21722846441947563,3.9931703018285964,0.01739008,1.2080153110047847,"['Tomato Sauce', 'Milk']","['Soda', 'Pasta']",2,2
"Coffee, Sugar, Butter","Jam, Milk",0.0256,0.4102564102564103,3.99082111144368,0.019185280000000002,1.5213391304347827,"['Coffee', 'Sugar', 'Butter']","['Jam', 'Milk']",3,2
"Jam, Milk","Coffee, Sugar, Butter",0.0256,0.2490272373540856,3.9908211114436796,0.019185280000000002,1.2485139896373056,"['Jam', 'Milk']","['Coffee', 'Sugar', 'Butter']",2,3
"Diapers, Milk",Baby Wipes,0.0528,0.8461538461538461,3.983775170215848,0.039546239999999996,5.1194,"['Diapers', 'Milk']",['Baby Wipes'],2,1
Baby Wipes,"Diapers, Milk",0.0528,0.2485875706214689,3.983775170215848,0.039546239999999996,1.2477834586466163,['Baby Wipes'],"['Diapers', 'Milk']",1,2
"Sugar, Diapers, Milk",Baby Wipes,0.024,0.8450704225352113,3.9786743057213334,0.01796784,5.0836,"['Sugar', 'Diapers', 'Milk']",['Baby Wipes'],3,1
"Tomato Sauce, Baby Wipes",Diapers,0.032,0.6201550387596899,3.975352812562115,0.0239504,2.2219591836734693,"['Tomato Sauce', 'Baby Wipes']",['Diapers'],2,1
Diapers,"Tomato Sauce, Baby Wipes",0.032,0.20512820512820512,3.975352812562115,0.0239504,1.193148387096774,['Diapers'],"['Tomato Sauce', 'Baby Wipes']",1,2
"Beer, Sugar, Diapers",Baby Wipes,0.0216,0.84375,3.972457627118644,0.01616256,5.04064,"['Beer', 'Sugar', 'Diapers']",['Baby Wipes'],3,1
"Cheese, Soda, Pasta",Tomato Sauce,0.0328,1.0,3.9682539682539684,0.0245344,inf,"['Cheese', 'Soda', 'Pasta']",['Tomato Sauce'],3,1
"Soda, Diapers",Baby Wipes,0.0364,0.8425925925925926,3.9670084397014715,0.027224320000000003,5.003576470588234,"['Soda', 'Diapers']",['Baby Wipes'],2,1
"Diapers, Bread","Water, Baby Wipes",0.0204,0.36690647482014394,3.953733564872241,0.015240320000000002,1.4329636363636364,"['Diapers', 'Bread']","['Water', 'Baby Wipes']",2,2
"Water, Baby Wipes","Diapers, Bread",0.0204,0.21982758620689657,3.9537335648722407,0.015240320000000002,1.2105016574585636,"['Water', 'Baby Wipes']","['Diapers', 'Bread']",2,2
"Coffee, Sugar, Jam","Milk, Butter",0.0256,0.5565217391304348,3.952569169960474,0.0191232,1.9374117647058824,"['Coffee', 'Sugar', 'Jam']","['Milk', 'Butter']",3,2
"Tea, Tomato Sauce","Cheese, Pasta",0.0288,0.4768211920529801,3.947195298451822,0.021503679999999997,1.6804962025316454,"['Tea', 'Tomato Sauce']","['Cheese', 'Pasta']",2,2
"Cheese, Pasta","Tea, Tomato Sauce",0.0288,0.23841059602649006,3.947195298451822,0.021503679999999997,1.2337356521739131,"['Cheese', 'Pasta']","['Tea', 'Tomato Sauce']",2,2
"Soda, Tomato Sauce","Cheese, Pasta",0.0328,0.47674418604651164,3.946557831510858,0.024488960000000004,1.6802488888888887,"['Soda', 'Tomato Sauce']","['Cheese', 'Pasta']",2,2
"Cheese, Pasta","Soda, Tomato Sauce",0.0328,0.271523178807947,3.946557831510858,0.024488960000000004,1.2782836363636365,"['Cheese', 'Pasta']","['Soda', 'Tomato Sauce']",2,2
"Sugar, Jam","Milk, Bread, Butter",0.0276,0.4451612903225806,3.94646533973919,0.0206064,1.5990232558139532,"['Sugar', 'Jam']","['Milk', 'Bread', 'Butter']",2,3
"Milk, Bread, Butter","Sugar, Jam",0.0276,0.24468085106382978,3.94646533973919,0.0206064,1.2418591549295774,"['Milk', 'Bread', 'Butter']","['Sugar', 'Jam']",3,2
"Pasta, Sugar, Tomato Sauce","Cheese, Milk",0.0232,0.46399999999999997,3.945578231292517,0.01732,1.6462686567164178,"['Pasta', 'Sugar', 'Tomato Sauce']","['Cheese', 'Milk']",3,2
"Jam, Tomato Sauce","Cheese, Butter",0.0216,0.3576158940397351,3.9385010356799017,0.01611568,1.4153525773195879,"['Jam', 'Tomato Sauce']","['Cheese', 'Butter']",2,2
"Cheese, Butter","Jam, Tomato Sauce",0.0216,0.23788546255506607,3.9385010356799017,0.01611568,1.232885549132948,"['Cheese', 'Butter']","['Jam', 'Tomato Sauce']",2,2
Baby Wipes,"Diapers, Water",0.0532,0.2504708097928437,3.938220279761693,0.039691359999999995,1.2493175879396985,['Baby Wipes'],"['Diapers', 'Water']",1,2
"Diapers, Water",Baby Wipes,0.0532,0.8364779874213836,3.9382202797616928,0.039691359999999995,4.81647692307692,"['Diapers', 'Water']",['Baby Wipes'],2,1
"Cheese, Pasta, Water",Tomato Sauce,0.0476,0.9916666666666667,3.935185185185185,0.035504,89.76000000000032,"['Cheese', 'Pasta', 'Water']",['Tomato Sauce'],3,1
"Coffee, Pasta","Cheese, Milk",0.0272,0.46258503401360546,3.933546207598686,0.020285119999999997,1.64193417721519,"['Coffee', 'Pasta']","['Cheese', 'Milk']",2,2
"Cheese, Milk","Coffee, Pasta",0.0272,0.23129251700680273,3.933546207598686,0.020285119999999997,1.2243929203539825,"['Cheese', 'Milk']","['Coffee', 'Pasta']",2,2
"Beer, Diapers","Milk, Baby Wipes",0.0296,0.3457943925233645,3.929481733220052,0.022067200000000002,1.3940571428571429,"['Beer', 'Diapers']","['Milk', 'Baby Wipes']",2,2
"Milk, Baby Wipes","Beer, Diapers",0.0296,0.3363636363636364,3.929481733220052,0.022067200000000002,1.3778630136986303,"['Milk', 'Baby Wipes']","['Beer', 'Diapers']",2,2
"Cheese, Pasta, Bread",Tomato Sauce,0.0368,0.989247311827957,3.925584570745861,0.0274256,69.56400000000006,"['Cheese', 'Pasta', 'Bread']",['Tomato Sauce'],3,1
"Water, Tomato Sauce","Cheese, Pasta",0.0476,0.47410358565737054,3.9246985567663124,0.035471680000000005,1.6718121212121213,"['Water', 'Tomato Sauce']","['Cheese', 'Pasta']",2,2
"Cheese, Pasta","Water, Tomato Sauce",0.0476,0.39403973509933776,3.9246985567663124,0.035471680000000005,1.4845857923497268,"['Cheese', 'Pasta']","['Water', 'Tomato Sauce']",2,2
"Cheese, Pasta, Butter",Tomato Sauce,0.0348,0.9886363636363635,3.9231601731601726,0.025929599999999997,65.82399999999942,"['Cheese', 'Pasta', 'Butter']",['Tomato Sauce'],3,1
"Coffee, Jam","Milk, Butter",0.036,0.5521472392638037,3.921500278862242,0.026819839999999998,1.9184876712328767,"['Coffee', 'Jam']","['Milk', 'Butter']",2,2
"Milk, Butter","Coffee, Jam",0.036,0.2556818181818181,3.9215002788622413,0.026819839999999998,1.2559145038167938,"['Milk', 'Butter']","['Coffee', 'Jam']",2,2
"Beer, Soda","Diapers, Baby Wipes",0.0228,0.4956521739130435,3.9212988442487613,0.0169856,1.7321379310344827,"['Beer', 'Soda']","['Diapers', 'Baby Wipes']",2,2
"Cheese, Pasta, Sugar",Tomato Sauce,0.0328,0.9879518072289157,3.9204436794798245,0.024433600000000003,62.08400000000037,"['Cheese', 'Pasta', 'Sugar']",['Tomato Sauce'],3,1
"Baby Wipes, Butter","Beer, Diapers",0.022,0.33536585365853655,3.917825393207203,0.01638464,1.375794495412844,"['Baby Wipes', 'Butter']","['Beer', 'Diapers']",2,2
"Beer, Diapers","Baby Wipes, Butter",0.022,0.2570093457943925,3.9178253932072025,0.01638464,1.2576201257861634,"['Beer', 'Diapers']","['Baby Wipes', 'Butter']",2,2
"Cheese, Pasta, Bread, Butter",Tomato Sauce,0.0292,0.9864864864864864,3.9146289146289144,0.0217408,55.351999999999656,"['Cheese', 'Pasta', 'Bread', 'Butter']",['Tomato Sauce'],4,1
"Tomato Sauce, Baby Wipes","Cheese, Pasta",0.0244,0.4728682170542636,3.914471995482314,0.01816672,1.6678941176470585,"['Tomato Sauce', 'Baby Wipes']","['Cheese', 'Pasta']",2,2
"Cheese, Pasta","Tomato Sauce, Baby Wipes",0.0244,0.20198675496688742,3.914471995482314,0.01816672,1.1884514522821576,"['Cheese', 'Pasta']","['Tomato Sauce', 'Baby Wipes']",2,2
"Coffee, Sugar, Jam","Milk, Bread",0.026,0.5652173913043478,3.914247862218475,0.0193576,1.9678799999999999,"['Coffee', 'Sugar', 'Jam']","['Milk', 'Bread']",3,2
"Cheese, Pasta, Jam",Tomato Sauce,0.028,0.9859154929577465,3.912363067292645,0.0208432,53.10800000000007,"['Cheese', 'Pasta', 'Jam']",['Tomato Sauce'],3,1
"Cheese, Yogurt, Pasta",Tomato Sauce,0.0272,0.9855072463768115,3.9107430411778235,0.0202448,51.61199999999977,"['Cheese', 'Yogurt', 'Pasta']",['Tomato Sauce'],3,1
"Cheese, Pasta, Milk","Water, Tomato Sauce",0.0212,0.3925925925925926,3.910284786778811,0.015778399999999998,1.4810487804878048,"['Cheese', 'Pasta', 'Milk']","['Water', 'Tomato Sauce']",3,2
"Water, Tomato Sauce","Cheese, Pasta, Milk",0.0212,0.21115537848605578,3.910284786778811,0.015778399999999998,1.1992222222222222,"['Water', 'Tomato Sauce']","['Cheese', 'Pasta', 'Milk']",2,3
"Cheese, Coffee, Pasta, Milk",Tomato Sauce,0.0268,0.9852941176470589,3.9098972922502337,0.0199456,50.86400000000018,"['Cheese', 'Coffee', 'Pasta', 'Milk']",['Tomato Sauce'],4,1
"Cheese, Coffee, Pasta, Sugar",Tomato Sauce,0.0244,0.9838709677419356,3.9042498719918077,0.0181504,46.37600000000036,"['Cheese', 'Coffee', 'Pasta', 'Sugar']",['Tomato Sauce'],4,1
"Cheese, Pasta, Sugar, Milk",Tomato Sauce,0.0232,0.983050847457627,3.900995426419155,0.0172528,44.13199999999983,"['Cheese', 'Pasta', 'Sugar', 'Milk']",['Tomato Sauce'],4,1
"Cheese, Pasta, Diapers",Tomato Sauce,0.0228,0.9827586206896552,3.8998357963875208,0.0169536,43.38400000000019,"['Cheese', 'Pasta', 'Diapers']",['Tomato Sauce'],3,1
"Cheese, Pasta, Water, Milk",Tomato Sauce,0.0212,0.9814814814814814,3.8947677836566723,0.0157568,40.39199999999982,"['Cheese', 'Pasta', 'Water', 'Milk']",['Tomato Sauce'],4,1
"Cheese, Pasta, Sugar, Coffee, Milk",Tomato Sauce,0.02,0.9803921568627451,3.890445066915655,0.0148592,38.14799999999992,"['Cheese', 'Pasta', 'Sugar', 'Coffee', 'Milk']",['Tomato Sauce'],5,1
"Wine, Baby Wipes",Diapers,0.0228,0.6063829787234043,3.887070376432079,0.016934400000000002,2.144216216216216,"['Wine', 'Baby Wipes']",['Diapers'],2,1
Tomato Sauce,"Cheese, Pasta, Milk",0.0528,0.20952380952380953,3.8800705467372136,0.039192,1.1967469879518071,['Tomato Sauce'],"['Cheese', 'Pasta', 'Milk']",1,3
"Cheese, Pasta, Milk",Tomato Sauce,0.0528,0.9777777777777777,3.880070546737213,0.039192,33.659999999999954,"['Cheese', 'Pasta', 'Milk']",['Tomato Sauce'],3,1
"Eggs, Baby Wipes",Diapers,0.0276,0.6052631578947368,3.8798920377867745,0.0204864,2.138133333333333,"['Eggs', 'Baby Wipes']",['Diapers'],2,1
"Sugar, Bread, Butter","Jam, Milk",0.0276,0.3988439306358382,3.879804772722161,0.02048624,1.4924576923076924,"['Sugar', 'Bread', 'Butter']","['Jam', 'Milk']",3,2
"Jam, Milk","Sugar, Bread, Butter",0.0276,0.26848249027237353,3.879804772722161,0.02048624,1.272423404255319,"['Jam', 'Milk']","['Sugar', 'Bread', 'Butter']",2,3
"Cheese, Pasta",Tomato Sauce,0.118,0.97682119205298,3.8762745716388096,0.0875584,32.270857142856975,"['Cheese', 'Pasta']",['Tomato Sauce'],2,1
Tomato Sauce,"Cheese, Pasta",0.118,0.4682539682539682,3.8762745716388096,0.0875584,1.6534208955223877,['Tomato Sauce'],"['Cheese', 'Pasta']",1,2
"Coffee, Bread","Jam, Milk",0.036,0.39823008849557523,3.873833545676802,0.026706879999999995,1.490935294117647,"['Coffee', 'Bread']","['Jam', 'Milk']",2,2
"Jam, Milk","Coffee, Bread",0.036,0.35019455252918286,3.873833545676802,0.026706879999999995,1.399803592814371,"['Jam', 'Milk']","['Coffee', 'Bread']",2,2
"Cheese, Coffee, Pasta",Tomato Sauce,0.0328,0.9761904761904764,3.873771730914589,0.0243328,31.41600000000026,"['Cheese', 'Coffee', 'Pasta']",['Tomato Sauce'],3,1
"Coffee, Sugar, Diapers",Baby Wipes,0.026,0.8227848101265821,3.8737514601063188,0.01928816,4.444314285714281,"['Coffee', 'Sugar', 'Diapers']",['Baby Wipes'],3,1
"Diapers, Water, Bread",Baby Wipes,0.0204,0.8225806451612904,3.872790231456169,0.01513248,4.439200000000001,"['Diapers', 'Water', 'Bread']",['Baby Wipes'],3,1
"Beer, Diapers, Water",Baby Wipes,0.0296,0.8222222222222223,3.8711027411592385,0.021953600000000004,4.430250000000002,"['Beer', 'Diapers', 'Water']",['Baby Wipes'],3,1
"Cheese, Diapers",Baby Wipes,0.0368,0.8214285714285714,3.8673661555017484,0.02728448,4.410559999999999,"['Cheese', 'Diapers']",['Baby Wipes'],2,1
"Cheese, Pasta, Tea",Tomato Sauce,0.0288,0.9729729729729729,3.861003861003861,0.0213408,27.67599999999994,"['Cheese', 'Pasta', 'Tea']",['Tomato Sauce'],3,1
"Sugar, Milk, Tomato Sauce",Pasta,0.0344,0.7889908256880734,3.8600333937772673,0.02548816,3.770452173913044,"['Sugar', 'Milk', 'Tomato Sauce']",['Pasta'],3,1
"Sugar, Diapers",Baby Wipes,0.0364,0.8198198198198198,3.8597919953852156,0.02696944,4.371179999999999,"['Sugar', 'Diapers']",['Baby Wipes'],2,1
"Pasta, Diapers",Baby Wipes,0.0288,0.8181818181818181,3.8520801232665636,0.02132352,4.3317999999999985,"['Pasta', 'Diapers']",['Baby Wipes'],2,1
"Cheese, Pasta, Cookies",Tomato Sauce,0.0256,0.9696969696969697,3.848003848003848,0.0189472,24.684000000000022,"['Cheese', 'Pasta', 'Cookies']",['Tomato Sauce'],3,1
Diapers,"Milk, Baby Wipes",0.0528,0.3384615384615385,3.8461538461538467,0.039072,1.3786046511627907,['Diapers'],"['Milk', 'Baby Wipes']",1,2
"Bread, Water, Baby Wipes",Diapers,0.0204,0.6,3.846153846153846,0.015096000000000002,2.11,"['Bread', 'Water', 'Baby Wipes']",['Diapers'],3,1
"Milk, Baby Wipes",Diapers,0.0528,0.6,3.846153846153846,0.039072,2.11,"['Milk', 'Baby Wipes']",['Diapers'],2,1
"Cheese, Pasta, Baby Wipes",Tomato Sauce,0.0244,0.9682539682539683,3.8422776518014614,0.018049600000000002,23.562,"['Cheese', 'Pasta', 'Baby Wipes']",['Tomato Sauce'],3,1
"Coffee, Sugar, Tomato Sauce, Milk",Pasta,0.0292,0.7849462365591399,3.840245775729647,0.021596320000000002,3.699540000000001,"['Coffee', 'Sugar', 'Tomato Sauce', 'Milk']",['Pasta'],4,1
"Jam, Tomato Sauce","Cheese, Pasta",0.028,0.46357615894039733,3.837550984605938,0.020703680000000002,1.6390024691358023,"['Jam', 'Tomato Sauce']","['Cheese', 'Pasta']",2,2
"Cheese, Pasta","Jam, Tomato Sauce",0.028,0.23178807947019867,3.837550984605938,0.020703680000000002,1.2230999999999999,"['Cheese', 'Pasta']","['Jam', 'Tomato Sauce']",2,2
"Coffee, Sugar, Bread","Jam, Milk",0.026,0.3939393939393939,3.8320952717839876,0.019215199999999998,1.48038,"['Coffee', 'Sugar', 'Bread']","['Jam', 'Milk']",3,2
"Jam, Milk","Coffee, Sugar, Bread",0.026,0.2529182879377432,3.8320952717839876,0.019215199999999998,1.2501979166666666,"['Jam', 'Milk']","['Coffee', 'Sugar', 'Bread']",2,3
"Pasta, Butter","Tomato Sauce, Milk",0.026,0.40880503144654085,3.8277624667279104,0.01920752,1.5108382978723403,"['Pasta', 'Butter']","['Tomato Sauce', 'Milk']",2,2
"Tomato Sauce, Milk","Pasta, Butter",0.026,0.24344569288389512,3.8277624667279104,0.01920752,1.2377168316831682,"['Tomato Sauce', 'Milk']","['Pasta', 'Butter']",2,2
"Coffee, Jam","Milk, Bread",0.036,0.5521472392638037,3.8237343439321587,0.026585119999999997,1.9104493150684934,"['Coffee', 'Jam']","['Milk', 'Bread']",2,2
"Milk, Bread","Coffee, Jam",0.036,0.2493074792243767,3.8237343439321583,0.026585119999999997,1.2452501845018449,"['Milk', 'Bread']","['Coffee', 'Jam']",2,2
Diapers,Baby Wipes,0.1264,0.8102564102564104,3.814766526630934,0.0932656,4.150864864864867,['Diapers'],['Baby Wipes'],1,1
Baby Wipes,Diapers,0.1264,0.5951035781544256,3.814766526630933,0.0932656,2.0844837209302325,['Baby Wipes'],['Diapers'],1,1
"Coffee, Tomato Sauce, Milk",Pasta,0.0396,0.7795275590551182,3.8137356118156465,0.029216480000000003,3.6086142857142867,"['Coffee', 'Tomato Sauce', 'Milk']",['Pasta'],3,1
"Beer, Coffee, Diapers",Baby Wipes,0.0204,0.8095238095238095,3.8113173706394043,0.015047520000000002,4.1349,"['Beer', 'Coffee', 'Diapers']",['Baby Wipes'],3,1
"Cheese, Pasta, Eggs",Tomato Sauce,0.0284,0.9594594594594594,3.8073788073788073,0.020940800000000002,18.450666666666653,"['Cheese', 'Pasta', 'Eggs']",['Tomato Sauce'],3,1
"Beer, Diapers",Baby Wipes,0.0692,0.8084112149532711,3.806079166446662,0.05101856,4.1108878048780495,"['Beer', 'Diapers']",['Baby Wipes'],2,1
Baby Wipes,"Beer, Diapers",0.0692,0.32580037664783423,3.8060791664466618,0.05101856,1.3562748603351955,['Baby Wipes'],"['Beer', 'Diapers']",1,2
"Diapers, Tomato Sauce",Pasta,0.0308,0.7777777777777778,3.8051750380517504,0.02270576,3.5802,"['Diapers', 'Tomato Sauce']",['Pasta'],2,1
"Diapers, Tomato Sauce",Baby Wipes,0.032,0.8080808080808081,3.804523578534878,0.02358896,4.103810526315789,"['Diapers', 'Tomato Sauce']",['Baby Wipes'],2,1
"Beer, Tomato Sauce",Pasta,0.0276,0.7752808988764045,3.7929593878493373,0.02032336,3.54042,"['Beer', 'Tomato Sauce']",['Pasta'],2,1
"Diapers, Baby Wipes, Tomato Sauce",Pasta,0.0248,0.7749999999999999,3.7915851272015653,0.0182592,3.5359999999999987,"['Diapers', 'Baby Wipes', 'Tomato Sauce']",['Pasta'],3,1
"Pasta, Diapers, Tomato Sauce",Baby Wipes,0.0248,0.8051948051948051,3.7909359943258245,0.01825808,4.043013333333332,"['Pasta', 'Diapers', 'Tomato Sauce']",['Baby Wipes'],3,1
"Cheese, Coffee, Sugar","Tomato Sauce, Milk",0.0204,0.40476190476190477,3.7899054752987333,0.015017280000000001,1.500576,"['Cheese', 'Coffee', 'Sugar']","['Tomato Sauce', 'Milk']",3,2
"Water, Milk, Tomato Sauce",Pasta,0.0316,0.7745098039215687,3.789186907639768,0.02326048,3.5283130434782612,"['Water', 'Milk', 'Tomato Sauce']",['Pasta'],3,1
"Eggs, Diapers",Baby Wipes,0.0276,0.8023255813953488,3.777427407699382,0.02029344,3.9843294117647052,"['Eggs', 'Diapers']",['Baby Wipes'],2,1
"Sugar, Tomato Sauce","Pasta, Water",0.0204,0.3035714285714286,3.7757640369580674,0.014997120000000003,1.3204512820512821,"['Sugar', 'Tomato Sauce']","['Pasta', 'Water']",2,2
"Pasta, Water","Sugar, Tomato Sauce",0.0204,0.2537313432835821,3.7757640369580674,0.014997120000000003,1.249952,"['Pasta', 'Water']","['Sugar', 'Tomato Sauce']",2,2
"Cheese, Coffee, Pasta, Tomato Sauce","Sugar, Milk",0.02,0.6097560975609756,3.7732431779763345,0.01469952,2.1484,"['Cheese', 'Coffee', 'Pasta', 'Tomato Sauce']","['Sugar', 'Milk']",4,2
"Cheese, Coffee, Pasta","Sugar, Milk",0.0204,0.6071428571428572,3.7570721357850076,0.014970240000000003,2.1341090909090914,"['Cheese', 'Coffee', 'Pasta']","['Sugar', 'Milk']",3,2
"Coffee, Diapers, Milk",Baby Wipes,0.0236,0.7972972972972973,3.7537537537537533,0.01731296,3.8854933333333324,"['Coffee', 'Diapers', 'Milk']",['Baby Wipes'],3,1
"Cheese, Wine, Tomato Sauce",Pasta,0.0276,0.7666666666666667,3.750815394651011,0.0202416,3.409714285714286,"['Cheese', 'Wine', 'Tomato Sauce']",['Pasta'],3,1
"Coffee, Diapers",Baby Wipes,0.0328,0.796116504854369,3.7481944672992893,0.02404912,3.8629904761904776,"['Coffee', 'Diapers']",['Baby Wipes'],2,1
"Coffee, Pasta","Sugar, Milk",0.0356,0.6054421768707483,3.7465481242001752,0.02609792,2.1249103448275863,"['Coffee', 'Pasta']","['Sugar', 'Milk']",2,2
"Sugar, Milk","Coffee, Pasta",0.0356,0.2202970297029703,3.7465481242001752,0.02609792,1.2071263492063493,"['Sugar', 'Milk']","['Coffee', 'Pasta']",2,2
"Milk, Water, Baby Wipes",Diapers,0.0236,0.5841584158415841,3.7446052297537444,0.0172976,2.029619047619047,"['Milk', 'Water', 'Baby Wipes']",['Diapers'],3,1
"Beer, Diapers","Water, Baby Wipes",0.0296,0.3457943925233645,3.7262326780534973,0.02165632,1.3867200000000002,"['Beer', 'Diapers']","['Water', 'Baby Wipes']",2,2
"Water, Baby Wipes","Beer, Diapers",0.0296,0.31896551724137934,3.7262326780534973,0.02165632,1.3426632911392407,"['Water', 'Baby Wipes']","['Beer', 'Diapers']",2,2
"Tomato Sauce, Juice",Pasta,0.0204,0.7611940298507462,3.724041241931244,0.01492208,3.3315749999999995,"['Tomato Sauce', 'Juice']",['Pasta'],2,1
"Milk, Sugar, Bread","Coffee, Water",0.0204,0.3493150684931507,3.716117749927135,0.0149104,1.3923789473684212,"['Milk', 'Sugar', 'Bread']","['Coffee', 'Water']",3,2
"Coffee, Water","Milk, Sugar, Bread",0.0204,0.2170212765957447,3.716117749927135,0.0149104,1.202586956521739,"['Coffee', 'Water']","['Milk', 'Sugar', 'Bread']",2,3
"Beer, Diapers, Bread",Baby Wipes,0.0268,0.788235294117647,3.7110889553561535,0.0195784,3.7192222222222218,"['Beer', 'Diapers', 'Bread']",['Baby Wipes'],3,1
"Soda, Diapers, Baby Wipes",Beer,0.0228,0.6263736263736264,3.7107442320712463,0.01665568,2.2246823529411763,"['Soda', 'Diapers', 'Baby Wipes']",['Beer'],3,1
"Yogurt, Baby Wipes",Diapers,0.028,0.578512396694215,3.7084127993218905,0.020449600000000002,2.0024313725490197,"['Yogurt', 'Baby Wipes']",['Diapers'],2,1
"Cheese, Pasta","Cookies, Tomato Sauce",0.0256,0.2119205298013245,3.704904367156023,0.01869024,1.196326050420168,"['Cheese', 'Pasta']","['Cookies', 'Tomato Sauce']",2,2
"Cookies, Tomato Sauce","Cheese, Pasta",0.0256,0.44755244755244755,3.7049043671560224,0.01869024,1.5914632911392403,"['Cookies', 'Tomato Sauce']","['Cheese', 'Pasta']",2,2
"Coffee, Pasta, Tomato Sauce","Sugar, Milk",0.0292,0.5983606557377049,3.7027268300600555,0.02131392,2.0874448979591835,"['Coffee', 'Pasta', 'Tomato Sauce']","['Sugar', 'Milk']",3,2
"Cheese, Wine, Pasta",Tomato Sauce,0.0276,0.9324324324324323,3.7001287001286998,0.0201408,11.070399999999985,"['Cheese', 'Wine', 'Pasta']",['Tomato Sauce'],3,1
"Sugar, Butter","Milk, Bread",0.0444,0.5336538461538463,3.695663754528021,0.03238592,1.8346886597938148,"['Sugar', 'Butter']","['Milk', 'Bread']",2,2
"Milk, Bread","Sugar, Butter",0.0444,0.3074792243767313,3.6956637545280207,0.03238592,1.3238592,"['Milk', 'Bread']","['Sugar', 'Butter']",2,2
"Tea, Diapers",Baby Wipes,0.0248,0.7848101265822783,3.6949629311783347,0.01808816,3.6600235294117622,"['Tea', 'Diapers']",['Baby Wipes'],2,1
Baby Wipes,"Diapers, Bread",0.0436,0.20527306967984935,3.691961684889377,0.03179056,1.188332701421801,['Baby Wipes'],"['Diapers', 'Bread']",1,2
"Diapers, Bread",Baby Wipes,0.0436,0.7841726618705036,3.6919616848893764,0.03179056,3.6492133333333334,"['Diapers', 'Bread']",['Baby Wipes'],2,1
"Jam, Tomato Sauce","Cheese, Bread",0.0212,0.35099337748344367,3.686905225666425,0.015449919999999999,1.394130612244898,"['Jam', 'Tomato Sauce']","['Cheese', 'Bread']",2,2
"Cheese, Bread","Jam, Tomato Sauce",0.0212,0.2226890756302521,3.686905225666425,0.015449919999999999,1.2087827027027027,"['Cheese', 'Bread']","['Jam', 'Tomato Sauce']",2,2
"Pasta, Milk","Cheese, Sugar",0.0236,0.25213675213675213,3.6862098265607037,0.01719776,1.2456822857142857,"['Pasta', 'Milk']","['Cheese', 'Sugar']",2,2
"Cheese, Sugar","Pasta, Milk",0.0236,0.34502923976608185,3.6862098265607033,0.01719776,1.3838785714285715,"['Cheese', 'Sugar']","['Pasta', 'Milk']",2,2
"Soda, Tomato Sauce, Milk",Pasta,0.0232,0.7532467532467532,3.685160240933235,0.01690448,3.2242736842105253,"['Soda', 'Tomato Sauce', 'Milk']",['Pasta'],3,1
"Coffee, Diapers, Baby Wipes",Beer,0.0204,0.6219512195121951,3.6845451392902553,0.01486336,2.198658064516129,"['Coffee', 'Diapers', 'Baby Wipes']",['Beer'],3,1
"Pasta, Water","Tomato Sauce, Milk",0.0316,0.3930348258706468,3.680101365830026,0.023013280000000004,1.4715836065573773,"['Pasta', 'Water']","['Tomato Sauce', 'Milk']",2,2
"Tomato Sauce, Milk","Pasta, Water",0.0316,0.2958801498127341,3.680101365830026,0.023013280000000004,1.3060276595744682,"['Tomato Sauce', 'Milk']","['Pasta', 'Water']",2,2
"Bread, Baby Wipes, Butter",Diapers,0.0312,0.5735294117647058,3.676470588235294,0.0227136,1.9790344827586204,"['Bread', 'Baby Wipes', 'Butter']",['Diapers'],3,1
Diapers,"Water, Baby Wipes",0.0532,0.34102564102564104,3.6748452696728564,0.0387232,1.3766848249027237,['Diapers'],"['Water', 'Baby Wipes']",1,2
"Water, Baby Wipes",Diapers,0.0532,0.5732758620689655,3.674845269672856,0.0387232,1.9778585858585858,"['Water', 'Baby Wipes']",['Diapers'],2,1
"Baby Wipes, Butter",Diapers,0.0376,0.573170731707317,3.674171357098186,0.0273664,1.9773714285714283,"['Baby Wipes', 'Butter']",['Diapers'],2,1
Diapers,"Baby Wipes, Butter",0.0376,0.24102564102564103,3.674171357098186,0.0273664,1.2311351351351352,['Diapers'],"['Baby Wipes', 'Butter']",1,2
"Milk, Sugar, Bread, Butter",Coffee,0.0408,0.918918918918919,3.663951032372085,0.02966448,9.24013333333334,"['Milk', 'Sugar', 'Bread', 'Butter']",['Coffee'],4,1
"Soda, Pasta","Water, Tomato Sauce",0.02,0.36764705882352944,3.6618232950550738,0.014538240000000001,1.4226232558139535,"['Soda', 'Pasta']","['Water', 'Tomato Sauce']",2,2
"Coffee, Tomato Sauce",Pasta,0.0488,0.7484662576687118,3.661772297792132,0.035473120000000004,3.162995121951221,"['Coffee', 'Tomato Sauce']",['Pasta'],2,1
Pasta,"Coffee, Tomato Sauce",0.0488,0.23874755381604698,3.661772297792132,0.035473120000000004,1.2279763496143958,['Pasta'],"['Coffee', 'Tomato Sauce']",1,2
"Cheese, Coffee","Tomato Sauce, Milk",0.028,0.3910614525139665,3.661624087209424,0.020353120000000002,1.4668146788990826,"['Cheese', 'Coffee']","['Tomato Sauce', 'Milk']",2,2
"Tomato Sauce, Milk","Cheese, Coffee",0.028,0.26217228464419473,3.661624087209424,0.020353120000000002,1.2582883248730965,"['Tomato Sauce', 'Milk']","['Cheese', 'Coffee']",2,2
"Pasta, Bread, Butter","Tomato Sauce, Milk",0.0208,0.39097744360902253,3.660837486975866,0.015118239999999998,1.4666123456790123,"['Pasta', 'Bread', 'Butter']","['Tomato Sauce', 'Milk']",3,2
"Diapers, Butter",Baby Wipes,0.0376,0.7768595041322315,3.6575306220914854,0.02731984,3.529614814814816,"['Diapers', 'Butter']",['Baby Wipes'],2,1
"Cheese, Jam","Tomato Sauce, Butter",0.0216,0.30857142857142855,3.656059580230196,0.015692,1.3242148760330577,"['Cheese', 'Jam']","['Tomato Sauce', 'Butter']",2,2
"Tomato Sauce, Butter","Cheese, Jam",0.0216,0.2559241706161137,3.656059580230196,0.015692,1.249872611464968,"['Tomato Sauce', 'Butter']","['Cheese', 'Jam']",2,2
"Coffee, Tomato Sauce","Cheese, Milk",0.028,0.42944785276073627,3.6517674554484376,0.02033248,1.5465720430107528,"['Coffee', 'Tomato Sauce']","['Cheese', 'Milk']",2,2
"Cheese, Milk","Coffee, Tomato Sauce",0.028,0.2380952380952381,3.6517674554484376,0.02033248,1.226925,"['Cheese', 'Milk']","['Coffee', 'Tomato Sauce']",2,2
"Soda, Water, Tomato Sauce",Pasta,0.02,0.746268656716418,3.6510208254227883,0.01452208,3.1356000000000006,"['Soda', 'Water', 'Tomato Sauce']",['Pasta'],3,1
"Beer, Diapers, Butter",Baby Wipes,0.022,0.7746478873239435,3.6471181135778883,0.015967839999999997,3.4949749999999975,"['Beer', 'Diapers', 'Butter']",['Baby Wipes'],3,1
"Wine, Coffee","Sugar, Milk",0.0252,0.588785046728972,3.6434718238178965,0.01828352,2.038836363636364,"['Wine', 'Coffee']","['Sugar', 'Milk']",2,2
"Jam, Baby Wipes",Diapers,0.03,0.5681818181818181,3.642191142191142,0.021763199999999996,1.9545263157894734,"['Jam', 'Baby Wipes']",['Diapers'],2,1
"Bread, Diapers, Baby Wipes",Beer,0.0268,0.6146788990825688,3.6414626722900993,0.01944032,2.1571619047619044,"['Bread', 'Diapers', 'Baby Wipes']",['Beer'],3,1
"Sugar, Tomato Sauce",Pasta,0.05,0.7440476190476192,3.6401546920137924,0.03626432,3.10839069767442,"['Sugar', 'Tomato Sauce']",['Pasta'],2,1
Pasta,"Sugar, Tomato Sauce",0.05,0.24461839530332682,3.6401546920137924,0.03626432,1.2348725388601036,['Pasta'],"['Sugar', 'Tomato Sauce']",1,2
Diapers,"Bread, Baby Wipes",0.0436,0.2794871794871795,3.6391559829059834,0.0316192,1.2813096085409252,['Diapers'],"['Bread', 'Baby Wipes']",1,2
"Bread, Baby Wipes",Diapers,0.0436,0.5677083333333334,3.639155982905983,0.0316192,1.9523855421686749,"['Bread', 'Baby Wipes']",['Diapers'],2,1
"Coffee, Sugar, Tomato Sauce",Pasta,0.036,0.743801652892562,3.638951335090812,0.026107039999999998,3.1054064516129025,"['Coffee', 'Sugar', 'Tomato Sauce']",['Pasta'],3,1
"Diapers, Bread, Butter",Baby Wipes,0.0312,0.7722772277227723,3.635956816020585,0.02261904,3.4585913043478262,"['Diapers', 'Bread', 'Butter']",['Baby Wipes'],3,1
"Yogurt, Coffee","Sugar, Milk",0.0324,0.5869565217391304,3.6321566939302623,0.02347968,2.029810526315789,"['Yogurt', 'Coffee']","['Sugar', 'Milk']",2,2
"Sugar, Milk","Yogurt, Coffee",0.0324,0.20049504950495048,3.6321566939302623,0.02347968,1.1817312693498452,"['Sugar', 'Milk']","['Yogurt', 'Coffee']",2,2
"Cheese, Coffee, Tomato Sauce","Sugar, Milk",0.0204,0.5862068965517242,3.6275179242062143,0.014776320000000003,2.0261333333333336,"['Cheese', 'Coffee', 'Tomato Sauce']","['Sugar', 'Milk']",3,2
"Coffee, Diapers",Beer,0.0252,0.6116504854368932,3.62352183315695,0.01824544,2.1403399999999997,"['Coffee', 'Diapers']",['Beer'],2,1
"Diapers, Bread",Beer,0.034,0.6115107913669066,3.62269426165229,0.024614720000000003,2.139570370370371,"['Diapers', 'Bread']",['Beer'],2,1
Beer,"Diapers, Bread",0.034,0.2014218009478673,3.6226942616522897,0.024614720000000003,1.1826017804154303,['Beer'],"['Diapers', 'Bread']",1,2
"Soda, Coffee","Sugar, Milk",0.0412,0.5852272727272727,3.621455895589559,0.02982336,2.0213479452054792,"['Soda', 'Coffee']","['Sugar', 'Milk']",2,2
"Sugar, Milk","Soda, Coffee",0.0412,0.25495049504950495,3.6214558955895586,0.02982336,1.2477023255813953,"['Sugar', 'Milk']","['Soda', 'Coffee']",2,2
"Sugar, Water, Tomato Sauce",Pasta,0.0204,0.7391304347826088,3.61609801752744,0.01475856,3.0498000000000007,"['Sugar', 'Water', 'Tomato Sauce']",['Pasta'],3,1
"Soda, Tomato Sauce","Pasta, Water",0.02,0.29069767441860467,3.6156427166493117,0.01446848,1.2964852459016394,"['Soda', 'Tomato Sauce']","['Pasta', 'Water']",2,2
"Pasta, Water","Soda, Tomato Sauce",0.02,0.24875621890547264,3.6156427166493117,0.01446848,1.239544370860927,"['Pasta', 'Water']","['Soda', 'Tomato Sauce']",2,2
"Sugar, Milk","Coffee, Cookies",0.0364,0.22524752475247528,3.6097359735973606,0.026316160000000005,1.2101929712460064,"['Sugar', 'Milk']","['Coffee', 'Cookies']",2,2
"Coffee, Cookies","Sugar, Milk",0.0364,0.5833333333333334,3.60973597359736,0.026316160000000005,2.01216,"['Coffee', 'Cookies']","['Sugar', 'Milk']",2,2
"Coffee, Eggs","Sugar, Milk",0.0324,0.5827338129496403,3.606026070232923,0.023415039999999998,2.0092689655172418,"['Coffee', 'Eggs']","['Sugar', 'Milk']",2,2
"Sugar, Milk","Coffee, Eggs",0.0324,0.20049504950495048,3.6060260702329225,0.023415039999999998,1.1812309597523218,"['Sugar', 'Milk']","['Coffee', 'Eggs']",2,2
"Soda, Tomato Sauce","Pasta, Milk",0.0232,0.3372093023255814,3.6026634863844165,0.01676032,1.3675508771929823,"['Soda', 'Tomato Sauce']","['Pasta', 'Milk']",2,2
"Pasta, Milk","Soda, Tomato Sauce",0.0232,0.24786324786324784,3.6026634863844165,0.01676032,1.2380727272727272,"['Pasta', 'Milk']","['Soda', 'Tomato Sauce']",2,2
"Sugar, Jam, Milk, Butter",Coffee,0.0256,0.9014084507042254,3.5941325785654916,0.01847728,7.599028571428573,"['Sugar', 'Jam', 'Milk', 'Butter']",['Coffee'],4,1
"Sugar, Milk, Butter",Coffee,0.0472,0.9007633587786259,3.59156044170106,0.03405808,7.549630769230765,"['Sugar', 'Milk', 'Butter']",['Coffee'],3,1
"Wine, Sugar, Milk",Coffee,0.0252,0.9,3.588516746411483,0.0181776,7.492000000000002,"['Wine', 'Sugar', 'Milk']",['Coffee'],3,1
"Coffee, Sugar, Tomato Sauce","Cheese, Milk",0.0204,0.42148760330578516,3.584078259402935,0.014708160000000001,1.5252914285714285,"['Coffee', 'Sugar', 'Tomato Sauce']","['Cheese', 'Milk']",3,2
"Jam, Sugar, Bread, Milk, Butter",Coffee,0.0248,0.8985507246376812,3.5827381365138797,0.01787792,7.384971428571428,"['Jam', 'Sugar', 'Bread', 'Milk', 'Butter']",['Coffee'],5,1
"Eggs, Diapers",Beer,0.0208,0.6046511627906976,3.5820566516036587,0.014993279999999998,2.102447058823529,"['Eggs', 'Diapers']",['Beer'],2,1
"Tomato Sauce, Milk",Pasta,0.078,0.7303370786516854,3.5730776842058973,0.05617008,2.95035,"['Tomato Sauce', 'Milk']",['Pasta'],2,1
Pasta,"Tomato Sauce, Milk",0.078,0.3816046966731898,3.573077684205897,0.05617008,1.4443835443037976,['Pasta'],"['Tomato Sauce', 'Milk']",1,2
"Beer, Soda",Diapers,0.0256,0.5565217391304348,3.5674470457079153,0.018424000000000003,1.9031372549019607,"['Beer', 'Soda']",['Diapers'],2,1
"Cookies, Baby Wipes",Diapers,0.03,0.5555555555555556,3.5612535612535616,0.021575999999999998,1.899,"['Cookies', 'Baby Wipes']",['Diapers'],2,1
"Beer, Sugar","Diapers, Baby Wipes",0.0216,0.45,3.560126582278481,0.0155328,1.5883636363636362,"['Beer', 'Sugar']","['Diapers', 'Baby Wipes']",2,2
"Pasta, Water, Butter",Tomato Sauce,0.0208,0.896551724137931,3.557744937055282,0.0149536,7.230666666666668,"['Pasta', 'Water', 'Butter']",['Tomato Sauce'],3,1
"Coffee, Tea, Cookies","Sugar, Milk",0.0216,0.574468085106383,3.5548767642721724,0.01552384,1.9702400000000002,"['Coffee', 'Tea', 'Cookies']","['Sugar', 'Milk']",3,2
"Milk, Sugar, Jam, Bread",Coffee,0.026,0.8904109589041096,3.5502829302396712,0.018676639999999998,6.83645,"['Milk', 'Sugar', 'Jam', 'Bread']",['Coffee'],4,1
"Coffee, Diapers","Sugar, Milk",0.0236,0.5728155339805825,3.5446505815630105,0.016942079999999998,1.9626181818181818,"['Coffee', 'Diapers']","['Sugar', 'Milk']",2,2
"Yogurt, Pasta",Tomato Sauce,0.0368,0.8932038834951456,3.5444598551394666,0.0264176,7.003999999999996,"['Yogurt', 'Pasta']",['Tomato Sauce'],2,1
"Yogurt, Tomato Sauce",Pasta,0.0368,0.7244094488188977,3.544077538252924,0.02641648,2.886891428571429,"['Yogurt', 'Tomato Sauce']",['Pasta'],2,1
"Beer, Coffee",Diapers,0.0252,0.5526315789473684,3.5425101214574894,0.0180864,1.8865882352941172,"['Beer', 'Coffee']",['Diapers'],2,1
"Sugar, Jam, Milk",Coffee,0.0348,0.8877551020408163,3.539693389317449,0.024968639999999997,6.674690909090908,"['Sugar', 'Jam', 'Milk']",['Coffee'],3,1
"Beer, Coffee","Diapers, Baby Wipes",0.0204,0.4473684210526316,3.539307128580946,0.01463616,1.5808,"['Beer', 'Coffee']","['Diapers', 'Baby Wipes']",2,2
"Jam, Baby Wipes, Butter",Diapers,0.0216,0.5510204081632654,3.5321821036106753,0.015484800000000002,1.879818181818182,"['Jam', 'Baby Wipes', 'Butter']",['Diapers'],3,1
"Coffee, Bread","Sugar, Milk",0.0516,0.5707964601769911,3.5321563129764306,0.03699136,1.9533855670103093,"['Coffee', 'Bread']","['Sugar', 'Milk']",2,2
"Sugar, Milk","Coffee, Bread",0.0516,0.3193069306930693,3.5321563129764306,0.03699136,1.3362850909090909,"['Sugar', 'Milk']","['Coffee', 'Bread']",2,2
"Jam, Diapers",Baby Wipes,0.03,0.75,3.5310734463276834,0.021504,3.1504,"['Jam', 'Diapers']",['Baby Wipes'],2,1
"Coffee, Tomato Sauce","Sugar, Milk",0.0372,0.5705521472392638,3.530644475490494,0.02666368,1.9522742857142859,"['Coffee', 'Tomato Sauce']","['Sugar', 'Milk']",2,2
"Sugar, Milk","Coffee, Tomato Sauce",0.0372,0.23019801980198018,3.5306444754904938,0.02666368,1.2143382636655948,"['Sugar', 'Milk']","['Coffee', 'Tomato Sauce']",2,2
"Coffee, Jam, Bread","Sugar, Milk",0.026,0.5701754385964912,3.528313357651555,0.018631039999999998,1.9505632653061225,"['Coffee', 'Jam', 'Bread']","['Sugar', 'Milk']",3,2
"Milk, Sugar, Bread",Coffee,0.0516,0.8835616438356164,3.5229730615455197,0.03695328,6.43430588235294,"['Milk', 'Sugar', 'Bread']",['Coffee'],3,1
Coffee,"Milk, Sugar, Bread",0.0516,0.20574162679425836,3.5229730615455197,0.03695328,1.1855084337349397,['Coffee'],"['Milk', 'Sugar', 'Bread']",1,3
"Coffee, Jam, Bread, Butter","Sugar, Milk",0.0248,0.5688073394495413,3.5198473975837956,0.017754239999999998,1.9443744680851065,"['Coffee', 'Jam', 'Bread', 'Butter']","['Sugar', 'Milk']",4,2
"Diapers, Bread, Butter",Beer,0.024,0.5940594059405941,3.5193092768992544,0.01718048,2.047590243902439,"['Diapers', 'Bread', 'Butter']",['Beer'],3,1
"Wine, Pasta",Tomato Sauce,0.0312,0.8863636363636362,3.5173160173160167,0.022329599999999998,6.582399999999993,"['Wine', 'Pasta']",['Tomato Sauce'],2,1
"Sugar, Diapers, Baby Wipes",Beer,0.0216,0.5934065934065934,3.5154419040674965,0.01545568,2.0443027027027028,"['Sugar', 'Diapers', 'Baby Wipes']",['Beer'],3,1
"Diapers, Cookies",Beer,0.0204,0.5930232558139535,3.5131709467651273,0.01459328,2.042377142857143,"['Diapers', 'Cookies']",['Beer'],2,1
"Soda, Diapers",Beer,0.0256,0.5925925925925926,3.5106196243637,0.01830784,2.0402181818181817,"['Soda', 'Diapers']",['Beer'],2,1
"Eggs, Sugar, Milk",Coffee,0.0324,0.8804347826086956,3.510505512793842,0.02317056,6.266036363636359,"['Eggs', 'Sugar', 'Milk']",['Coffee'],3,1
"Bread, Jam, Baby Wipes, Butter",Diapers,0.0208,0.5473684210526316,3.5087719298245617,0.014872,1.8646511627906979,"['Bread', 'Jam', 'Baby Wipes', 'Butter']",['Diapers'],4,1
"Coffee, Bread, Butter","Sugar, Milk",0.0408,0.5666666666666668,3.5066006600660073,0.029164800000000005,1.9347692307692312,"['Coffee', 'Bread', 'Butter']","['Sugar', 'Milk']",3,2
"Sugar, Milk","Coffee, Bread, Butter",0.0408,0.2524752475247525,3.506600660066007,0.029164800000000005,1.241430463576159,"['Sugar', 'Milk']","['Coffee', 'Bread', 'Butter']",2,3
"Pasta, Croissant",Tomato Sauce,0.0212,0.8833333333333333,3.505291005291005,0.015151999999999999,6.41142857142857,"['Pasta', 'Croissant']",['Tomato Sauce'],2,1
"Jam, Diapers, Bread",Baby Wipes,0.022,0.7432432432432432,3.499261973838245,0.015712959999999998,3.0674947368421046,"['Jam', 'Diapers', 'Bread']",['Baby Wipes'],3,1
"Pasta, Water",Tomato Sauce,0.0708,0.8805970149253731,3.494432598910211,0.050539200000000006,6.264499999999999,"['Pasta', 'Water']",['Tomato Sauce'],2,1
Tomato Sauce,"Pasta, Water",0.0708,0.28095238095238095,3.494432598910211,0.050539200000000006,1.2789139072847682,['Tomato Sauce'],"['Pasta', 'Water']",1,2
"Tomato Sauce, Bread, Butter","Cheese, Pasta",0.0292,0.42196531791907516,3.4930903801247943,0.02084064,1.5210160000000001,"['Tomato Sauce', 'Bread', 'Butter']","['Cheese', 'Pasta']",3,2
"Cheese, Pasta","Tomato Sauce, Bread, Butter",0.0292,0.24172185430463575,3.4930903801247943,0.02084064,1.227517903930131,"['Cheese', 'Pasta']","['Tomato Sauce', 'Bread', 'Butter']",2,3
"Bread, Jam, Baby Wipes",Diapers,0.022,0.5445544554455446,3.4907336887534908,0.0156976,1.8531304347826087,"['Bread', 'Jam', 'Baby Wipes']",['Diapers'],3,1
"Sugar, Milk, Cookies",Coffee,0.0364,0.8750000000000001,3.488835725677831,0.025966720000000002,5.993600000000005,"['Sugar', 'Milk', 'Cookies']",['Coffee'],3,1
"Sugar, Bread","Milk, Butter",0.0444,0.49115044247787615,3.488284392598552,0.03167168,1.6885147826086955,"['Sugar', 'Bread']","['Milk', 'Butter']",2,2
"Milk, Butter","Sugar, Bread",0.0444,0.31534090909090906,3.4882843925985516,0.03167168,1.328544398340249,"['Milk', 'Butter']","['Sugar', 'Bread']",2,2
"Jam, Diapers, Butter",Baby Wipes,0.0216,0.7397260273972603,3.482702577199907,0.01539792,3.0260421052631585,"['Jam', 'Diapers', 'Butter']",['Baby Wipes'],3,1
"Jam, Tomato Sauce, Butter",Pasta,0.0296,0.7115384615384616,3.4811079331627277,0.02109696,2.75808,"['Jam', 'Tomato Sauce', 'Butter']",['Pasta'],3,1
"Soda, Pasta, Water",Tomato Sauce,0.02,0.8771929824561403,3.480924533556112,0.0142544,6.09085714285714,"['Soda', 'Pasta', 'Water']",['Tomato Sauce'],3,1
"Diapers, Butter",Beer,0.0284,0.5867768595041323,3.476166229289883,0.02023008,2.011504,"['Diapers', 'Butter']",['Beer'],2,1
"Coffee, Baby Wipes","Sugar, Milk",0.0292,0.5615384615384615,3.474866717440975,0.0207968,1.912140350877193,"['Coffee', 'Baby Wipes']","['Sugar', 'Milk']",2,2
"Beer, Coffee","Sugar, Milk",0.0256,0.5614035087719298,3.4740316136876843,0.01823104,1.911552,"['Beer', 'Coffee']","['Sugar', 'Milk']",2,2
"Coffee, Jam, Butter","Sugar, Milk",0.0256,0.5614035087719298,3.4740316136876843,0.01823104,1.911552,"['Coffee', 'Jam', 'Butter']","['Sugar', 'Milk']",3,2
"Pasta, Diapers",Tomato Sauce,0.0308,0.875,3.4722222222222223,0.0219296,5.984,"['Pasta', 'Diapers']",['Tomato Sauce'],2,1
"Eggs, Tomato Sauce",Pasta,0.038,0.708955223880597,3.4684697841516483,0.027044159999999998,2.733599999999999,"['Eggs', 'Tomato Sauce']",['Pasta'],2,1
"Jam, Tomato Sauce",Pasta,0.0428,0.7086092715231788,3.4667772579411875,0.030454239999999997,2.730354545454545,"['Jam', 'Tomato Sauce']",['Pasta'],2,1
Pasta,"Jam, Tomato Sauce",0.0428,0.20939334637964774,3.4667772579411875,0.030454239999999997,1.1884544554455445,['Pasta'],"['Jam', 'Tomato Sauce']",1,2
"Diapers, Baby Wipes, Butter",Beer,0.022,0.5851063829787233,3.4662700413431473,0.01565312,2.0034051282051277,"['Diapers', 'Baby Wipes', 'Butter']",['Beer'],3,1
"Tomato Sauce, Bread","Cheese, Pasta",0.0368,0.4181818181818182,3.461770018061409,0.0261696,1.511125,"['Tomato Sauce', 'Bread']","['Cheese', 'Pasta']",2,2
"Cheese, Pasta","Tomato Sauce, Bread",0.0368,0.304635761589404,3.461770018061409,0.0261696,1.3115428571428571,"['Cheese', 'Pasta']","['Tomato Sauce', 'Bread']",2,2
"Tomato Sauce, Baby Wipes",Pasta,0.0364,0.7054263565891473,3.4512052670701925,0.02585296,2.7008526315789476,"['Tomato Sauce', 'Baby Wipes']",['Pasta'],2,1
"Soda, Sugar, Milk",Coffee,0.0412,0.8655462184873949,3.451141222039054,0.029261919999999997,5.572174999999997,"['Soda', 'Sugar', 'Milk']",['Coffee'],3,1
"Water, Tomato Sauce",Pasta,0.0708,0.7051792828685259,3.449996491528992,0.05027824,2.6985891891891893,"['Water', 'Tomato Sauce']",['Pasta'],2,1
Pasta,"Water, Tomato Sauce",0.0708,0.3463796477495108,3.449996491528992,0.05027824,1.376334131736527,['Pasta'],"['Water', 'Tomato Sauce']",1,2
"Beer, Bread",Diapers,0.034,0.5379746835443038,3.448555663745537,0.024140800000000004,1.8267397260273972,"['Beer', 'Bread']",['Diapers'],2,1
Diapers,"Beer, Bread",0.034,0.21794871794871795,3.448555663745537,0.024140800000000004,1.1978754098360656,['Diapers'],"['Beer', 'Bread']",1,2
"Beer, Sugar, Milk",Coffee,0.0256,0.8648648648648649,3.44842450105608,0.01817632,5.544080000000002,"['Beer', 'Sugar', 'Milk']",['Coffee'],3,1
"Diapers, Jam, Bread, Butter",Baby Wipes,0.0208,0.732394366197183,3.448184398291822,0.014767839999999997,2.943136842105262,"['Diapers', 'Jam', 'Bread', 'Butter']",['Baby Wipes'],4,1
"Cheese, Sugar, Tomato Sauce, Milk",Coffee,0.0204,0.864406779661017,3.446598005027978,0.01448112,5.525350000000001,"['Cheese', 'Sugar', 'Tomato Sauce', 'Milk']",['Coffee'],4,1
"Cheese, Pasta, Sugar, Milk",Coffee,0.0204,0.864406779661017,3.446598005027978,0.01448112,5.525350000000001,"['Cheese', 'Pasta', 'Sugar', 'Milk']",['Coffee'],4,1
"Pasta, Butter",Tomato Sauce,0.0552,0.8679245283018867,3.4441449535789155,0.039172799999999994,5.663428571428568,"['Pasta', 'Butter']",['Tomato Sauce'],2,1
Tomato Sauce,"Pasta, Butter",0.0552,0.21904761904761905,3.4441449535789155,0.039172799999999994,1.199048780487805,['Tomato Sauce'],"['Pasta', 'Butter']",1,2
"Cheese, Jam","Tomato Sauce, Bread",0.0212,0.3028571428571428,3.4415584415584415,0.01504,1.3081967213114754,"['Cheese', 'Jam']","['Tomato Sauce', 'Bread']",2,2
"Tomato Sauce, Bread","Cheese, Jam",0.0212,0.24090909090909093,3.4415584415584415,0.01504,1.2251497005988023,"['Tomato Sauce', 'Bread']","['Cheese', 'Jam']",2,2
"Bread, Jam, Tomato Sauce, Butter",Pasta,0.0284,0.702970297029703,3.439189320106179,0.020142240000000002,2.6785200000000007,"['Bread', 'Jam', 'Tomato Sauce', 'Butter']",['Pasta'],4,1
"Cheese, Tomato Sauce, Pasta, Sugar, Milk",Coffee,0.02,0.8620689655172414,3.4372765770224936,0.01418144,5.431700000000002,"['Cheese', 'Tomato Sauce', 'Pasta', 'Sugar', 'Milk']",['Coffee'],5,1
Pasta,"Tea, Tomato Sauce",0.0424,0.20743639921722115,3.4343774704837937,0.03005424,1.18552,['Pasta'],"['Tea', 'Tomato Sauce']",1,2
"Tea, Tomato Sauce",Pasta,0.0424,0.7019867549668873,3.4343774704837933,0.03005424,2.669679999999999,"['Tea', 'Tomato Sauce']",['Pasta'],2,1
"Pasta, Sugar","Water, Tomato Sauce",0.0204,0.3445945945945946,3.4322170776354044,0.014456320000000002,1.3725855670103093,"['Pasta', 'Sugar']","['Water', 'Tomato Sauce']",2,2
"Water, Tomato Sauce","Pasta, Sugar",0.0204,0.20318725099601595,3.4322170776354044,0.014456320000000002,1.180704,"['Water', 'Tomato Sauce']","['Pasta', 'Sugar']",2,2
"Pasta, Water, Bread",Tomato Sauce,0.0204,0.864406779661017,3.4301856335754644,0.014452800000000002,5.5165000000000015,"['Pasta', 'Water', 'Bread']",['Tomato Sauce'],3,1
"Diapers, Baby Wipes","Beer, Milk",0.0296,0.23417721518987342,3.4236434969279737,0.02095424,1.2164694214876033,"['Diapers', 'Baby Wipes']","['Beer', 'Milk']",2,2
"Beer, Milk","Diapers, Baby Wipes",0.0296,0.4327485380116959,3.423643496927973,0.02095424,1.5400577319587627,"['Beer', 'Milk']","['Diapers', 'Baby Wipes']",2,2
"Coffee, Water","Sugar, Milk",0.052,0.5531914893617021,3.423214661891721,0.0368096,1.8764190476190479,"['Coffee', 'Water']","['Sugar', 'Milk']",2,2
"Sugar, Milk","Coffee, Water",0.052,0.3217821782178218,3.423214661891721,0.0368096,1.3358540145985403,"['Sugar', 'Milk']","['Coffee', 'Water']",2,2
"Beer, Pasta",Tomato Sauce,0.0276,0.8624999999999999,3.4226190476190474,0.019535999999999998,5.439999999999998,"['Beer', 'Pasta']",['Tomato Sauce'],2,1
"Sugar, Milk","Cheese, Coffee",0.0396,0.24504950495049507,3.4224791194203226,0.028029440000000003,1.2297495081967214,"['Sugar', 'Milk']","['Cheese', 'Coffee']",2,2
"Cheese, Coffee","Sugar, Milk",0.0396,0.553072625698324,3.422479119420322,0.028029440000000003,1.8759200000000003,"['Cheese', 'Coffee']","['Sugar', 'Milk']",2,2
"Pasta, Tea",Tomato Sauce,0.0424,0.8617886178861789,3.419796102722932,0.0300016,5.412000000000001,"['Pasta', 'Tea']",['Tomato Sauce'],2,1
"Beer, Sugar",Diapers,0.0256,0.5333333333333333,3.4188034188034186,0.018112000000000003,1.8085714285714285,"['Beer', 'Sugar']",['Diapers'],2,1
"Pasta, Diapers, Baby Wipes",Tomato Sauce,0.0248,0.861111111111111,3.4171075837742504,0.0175424,5.3855999999999975,"['Pasta', 'Diapers', 'Baby Wipes']",['Tomato Sauce'],3,1
"Sugar, Diapers",Beer,0.0256,0.5765765765765766,3.415738012894411,0.01810528,1.963046808510638,"['Sugar', 'Diapers']",['Beer'],2,1
"Jam, Bread, Tomato Sauce",Pasta,0.0296,0.6981132075471699,3.4154266514049407,0.02093344,2.6354250000000006,"['Jam', 'Bread', 'Tomato Sauce']",['Pasta'],3,1
"Tomato Sauce, Butter","Cheese, Pasta",0.0348,0.41232227488151657,3.4132638649132163,0.024604479999999998,1.4960580645161288,"['Tomato Sauce', 'Butter']","['Cheese', 'Pasta']",2,2
"Cheese, Pasta","Tomato Sauce, Butter",0.0348,0.28807947019867547,3.4132638649132163,0.024604479999999998,1.2860986046511629,"['Cheese', 'Pasta']","['Tomato Sauce', 'Butter']",2,2
"Pasta, Sugar, Milk",Coffee,0.0356,0.8557692307692308,3.4121580174211754,0.02516672,5.194453333333335,"['Pasta', 'Sugar', 'Milk']",['Coffee'],3,1
"Cheese, Sugar, Milk",Coffee,0.0396,0.8534482758620691,3.4029038112522687,0.027962880000000002,5.112188235294121,"['Cheese', 'Sugar', 'Milk']",['Coffee'],3,1
"Sugar, Milk, Tomato Sauce",Coffee,0.0372,0.8532110091743118,3.4019577718273992,0.026265119999999996,5.103924999999996,"['Sugar', 'Milk', 'Tomato Sauce']",['Coffee'],3,1
"Pasta, Bread, Butter",Tomato Sauce,0.0456,0.8571428571428572,3.4013605442176873,0.0321936,5.236000000000002,"['Pasta', 'Bread', 'Butter']",['Tomato Sauce'],3,1
"Yogurt, Sugar, Milk",Coffee,0.0324,0.8526315789473684,3.399647443968773,0.022869599999999997,5.083857142857142,"['Yogurt', 'Sugar', 'Milk']",['Coffee'],3,1
"Sugar, Water, Milk","Coffee, Bread",0.0204,0.30722891566265065,3.398549952020472,0.014397440000000001,1.3129878260869565,"['Sugar', 'Water', 'Milk']","['Coffee', 'Bread']",3,2
"Coffee, Bread","Sugar, Water, Milk",0.0204,0.2256637168141593,3.3985499520204714,0.014397440000000001,1.2056777142857142,"['Coffee', 'Bread']","['Sugar', 'Water', 'Milk']",2,3
"Sugar, Milk",Coffee,0.1376,0.8514851485148515,3.3950763497402368,0.09707072,5.0446133333333325,"['Sugar', 'Milk']",['Coffee'],2,1
Coffee,"Sugar, Milk",0.1376,0.5486443381180223,3.3950763497402368,0.09707072,1.8575151943462895,['Coffee'],"['Sugar', 'Milk']",1,2
"Pasta, Milk, Butter",Tomato Sauce,0.026,0.8552631578947368,3.3939014202172095,0.0183392,5.168,"['Pasta', 'Milk', 'Butter']",['Tomato Sauce'],3,1
"Tomato Sauce, Milk","Pasta, Bread",0.0252,0.23595505617977527,3.390158853157691,0.01776672,1.217729411764706,"['Tomato Sauce', 'Milk']","['Pasta', 'Bread']",2,2
"Pasta, Bread","Tomato Sauce, Milk",0.0252,0.3620689655172414,3.3901588531576907,0.01776672,1.4001513513513513,"['Pasta', 'Bread']","['Tomato Sauce', 'Milk']",2,2
"Pasta, Sugar","Cheese, Milk",0.0236,0.39864864864864863,3.3898694612980327,0.01663808,1.467361797752809,"['Pasta', 'Sugar']","['Cheese', 'Milk']",2,2
"Cheese, Milk","Pasta, Sugar",0.0236,0.20068027210884354,3.3898694612980327,0.01663808,1.1770008510638297,"['Cheese', 'Milk']","['Pasta', 'Sugar']",2,2
"Milk, Sugar, Water, Bread",Coffee,0.0204,0.8500000000000001,3.3891547049441786,0.014380800000000001,4.994666666666669,"['Milk', 'Sugar', 'Water', 'Bread']",['Coffee'],4,1
"Soda, Pasta",Tomato Sauce,0.0464,0.8529411764705882,3.38468720821662,0.0326912,5.0863999999999985,"['Soda', 'Pasta']",['Tomato Sauce'],2,1
"Pasta, Sugar, Tomato Sauce, Milk",Coffee,0.0292,0.8488372093023255,3.3845183783984267,0.020572479999999997,4.956246153846152,"['Pasta', 'Sugar', 'Tomato Sauce', 'Milk']",['Coffee'],4,1
"Pasta, Sugar, Water",Tomato Sauce,0.0204,0.8500000000000001,3.3730158730158735,0.014352,4.98666666666667,"['Pasta', 'Sugar', 'Water']",['Tomato Sauce'],3,1
Pasta,Tomato Sauce,0.1736,0.8493150684931507,3.370297890845836,0.12209120000000001,4.964000000000002,['Pasta'],['Tomato Sauce'],1,1
Tomato Sauce,Pasta,0.1736,0.6888888888888889,3.370297890845836,0.12209120000000001,2.557285714285714,['Tomato Sauce'],['Pasta'],1,1
"Pasta, Eggs",Tomato Sauce,0.038,0.8482142857142857,3.3659297052154193,0.0267104,4.927999999999999,"['Pasta', 'Eggs']",['Tomato Sauce'],2,1
"Sugar, Tea, Cookies, Milk",Coffee,0.0216,0.84375,3.3642344497607652,0.01517952,4.79488,"['Sugar', 'Tea', 'Cookies', 'Milk']",['Coffee'],4,1
"Pasta, Milk","Water, Tomato Sauce",0.0316,0.33760683760683763,3.3626179044505737,0.022202560000000003,1.358105806451613,"['Pasta', 'Milk']","['Water', 'Tomato Sauce']",2,2
"Water, Tomato Sauce","Pasta, Milk",0.0316,0.3147410358565737,3.3626179044505737,0.022202560000000003,1.3227116279069766,"['Water', 'Tomato Sauce']","['Pasta', 'Milk']",2,2
"Beer, Bread","Diapers, Baby Wipes",0.0268,0.4240506329113924,3.354830956577471,0.018811519999999998,1.5168,"['Beer', 'Bread']","['Diapers', 'Baby Wipes']",2,2
"Diapers, Baby Wipes","Beer, Bread",0.0268,0.2120253164556962,3.354830956577471,0.018811519999999998,1.1888706827309237,"['Diapers', 'Baby Wipes']","['Beer', 'Bread']",2,2
Beer,"Diapers, Water",0.036,0.21327014218009477,3.353304122328534,0.025264319999999996,1.190243373493976,['Beer'],"['Diapers', 'Water']",1,2
"Diapers, Water",Beer,0.036,0.5660377358490565,3.3533041223285336,0.025264319999999996,1.9153739130434775,"['Diapers', 'Water']",['Beer'],2,1
Tomato Sauce,"Pasta, Bread",0.0588,0.23333333333333334,3.352490421455939,0.0412608,1.2135652173913045,['Tomato Sauce'],"['Pasta', 'Bread']",1,2
"Pasta, Bread",Tomato Sauce,0.0588,0.8448275862068966,3.3524904214559386,0.0412608,4.820444444444445,"['Pasta', 'Bread']",['Tomato Sauce'],2,1
"Pasta, Sugar",Tomato Sauce,0.05,0.8445945945945946,3.3515658515658515,0.035081600000000004,4.813217391304349,"['Pasta', 'Sugar']",['Tomato Sauce'],2,1
"Coffee, Tea","Sugar, Milk",0.0288,0.5413533834586466,3.3499590560559813,0.02020288,1.8279868852459016,"['Coffee', 'Tea']","['Sugar', 'Milk']",2,2
"Coffee, Butter","Sugar, Milk",0.0472,0.5412844036697247,3.3495322009265145,0.033108479999999996,1.827712,"['Coffee', 'Butter']","['Sugar', 'Milk']",2,2
"Sugar, Milk","Coffee, Butter",0.0472,0.29207920792079206,3.3495322009265145,0.033108479999999996,1.2894097902097903,"['Sugar', 'Milk']","['Coffee', 'Butter']",2,2
"Wine, Tomato Sauce",Pasta,0.0312,0.6842105263157894,3.347409619940261,0.02187936,2.519399999999999,"['Wine', 'Tomato Sauce']",['Pasta'],2,1
"Pasta, Jam",Tomato Sauce,0.0428,0.84251968503937,3.3433320834895635,0.029998399999999998,4.749799999999999,"['Pasta', 'Jam']",['Tomato Sauce'],2,1
"Pasta, Cookies",Tomato Sauce,0.0384,0.8421052631578946,3.3416875522138674,0.026908799999999997,4.7373333333333285,"['Pasta', 'Cookies']",['Tomato Sauce'],2,1
"Coffee, Pasta, Milk",Tomato Sauce,0.0396,0.8389830508474577,3.329297820823245,0.027705600000000004,4.645473684210529,"['Coffee', 'Pasta', 'Milk']",['Tomato Sauce'],3,1
"Pasta, Milk, Bread, Butter",Tomato Sauce,0.0208,0.8387096774193549,3.3282130056323607,0.014550399999999998,4.637600000000001,"['Pasta', 'Milk', 'Bread', 'Butter']",['Tomato Sauce'],4,1
"Coffee, Water, Bread, Butter",Sugar,0.0216,0.8571428571428572,3.327417923691216,0.01510848,5.196800000000002,"['Coffee', 'Water', 'Bread', 'Butter']",['Sugar'],4,1
"Milk, Diapers, Baby Wipes",Beer,0.0296,0.5606060606060607,3.3211259514577054,0.020687360000000002,1.891696551724138,"['Milk', 'Diapers', 'Baby Wipes']",['Beer'],3,1
"Sugar, Bread, Butter","Coffee, Water",0.0216,0.31213872832369943,3.320624769401058,0.015095200000000001,1.317126050420168,"['Sugar', 'Bread', 'Butter']","['Coffee', 'Water']",3,2
"Coffee, Water","Sugar, Bread, Butter",0.0216,0.2297872340425532,3.3206247694010576,0.015095200000000001,1.2084972375690608,"['Coffee', 'Water']","['Sugar', 'Bread', 'Butter']",2,3
"Sugar, Butter","Jam, Milk",0.0284,0.34134615384615385,3.320487877880874,0.019847040000000003,1.3621722627737227,"['Sugar', 'Butter']","['Jam', 'Milk']",2,2
"Jam, Milk","Sugar, Butter",0.0284,0.27626459143968873,3.320487877880874,0.019847040000000003,1.2667612903225807,"['Jam', 'Milk']","['Sugar', 'Butter']",2,2
"Pasta, Juice",Tomato Sauce,0.0204,0.8360655737704918,3.317720530835285,0.014251200000000002,4.562800000000001,"['Pasta', 'Juice']",['Tomato Sauce'],2,1
"Cookies, Bread","Tea, Milk",0.0236,0.30256410256410254,3.317588843904633,0.0164864,1.3030588235294118,"['Cookies', 'Bread']","['Tea', 'Milk']",2,2
"Tea, Milk","Cookies, Bread",0.0236,0.2587719298245614,3.317588843904633,0.0164864,1.2438816568047337,"['Tea', 'Milk']","['Cookies', 'Bread']",2,2
"Beer, Bread, Butter",Diapers,0.024,0.5172413793103449,3.3156498673740056,0.0167616,1.7482857142857144,"['Beer', 'Bread', 'Butter']",['Diapers'],3,1
"Sugar, Diapers, Milk",Coffee,0.0236,0.8309859154929576,3.313340970865062,0.016477279999999997,4.432766666666664,"['Sugar', 'Diapers', 'Milk']",['Coffee'],3,1
"Tomato Sauce, Milk, Butter",Pasta,0.026,0.6770833333333334,3.312540769732551,0.01815104,2.463793548387097,"['Tomato Sauce', 'Milk', 'Butter']",['Pasta'],3,1
Tomato Sauce,"Pasta, Milk",0.078,0.30952380952380953,3.306878306878307,0.0544128,1.3127172413793105,['Tomato Sauce'],"['Pasta', 'Milk']",1,2
"Pasta, Milk",Tomato Sauce,0.078,0.8333333333333333,3.3068783068783065,0.0544128,4.487999999999998,"['Pasta', 'Milk']",['Tomato Sauce'],2,1
"Coffee, Pasta, Sugar",Tomato Sauce,0.036,0.8333333333333333,3.3068783068783065,0.025113599999999996,4.487999999999998,"['Coffee', 'Pasta', 'Sugar']",['Tomato Sauce'],3,1
"Diapers, Milk",Beer,0.0348,0.5576923076923077,3.303864382063434,0.024266879999999998,1.8792347826086957,"['Diapers', 'Milk']",['Beer'],2,1
Beer,"Diapers, Milk",0.0348,0.20616113744075829,3.303864382063434,0.024266879999999998,1.181096119402985,['Beer'],"['Diapers', 'Milk']",1,2
"Coffee, Jam","Sugar, Milk",0.0348,0.5337423312883436,3.3028609609427204,0.02426368,1.7981473684210527,"['Coffee', 'Jam']","['Sugar', 'Milk']",2,2
"Sugar, Milk","Coffee, Jam",0.0348,0.21534653465346534,3.3028609609427204,0.02426368,1.1913539432176654,"['Sugar', 'Milk']","['Coffee', 'Jam']",2,2
"Beer, Cookies",Diapers,0.0204,0.5151515151515151,3.3022533022533023,0.014222400000000001,1.7407499999999998,"['Beer', 'Cookies']",['Diapers'],2,1
"Soda, Tomato Sauce",Pasta,0.0464,0.6744186046511628,3.2995039366495242,0.032337279999999996,2.443628571428571,"['Soda', 'Tomato Sauce']",['Pasta'],2,1
Pasta,"Soda, Tomato Sauce",0.0464,0.22700587084148727,3.2995039366495242,0.032337279999999996,1.2046663291139241,['Pasta'],"['Soda', 'Tomato Sauce']",1,2
"Diapers, Water, Baby Wipes",Beer,0.0296,0.5563909774436091,3.296155079642234,0.02061984,1.8737220338983054,"['Diapers', 'Water', 'Baby Wipes']",['Beer'],3,1
"Coffee, Pasta",Tomato Sauce,0.0488,0.8299319727891157,3.293380844401253,0.0339824,4.398240000000001,"['Coffee', 'Pasta']",['Tomato Sauce'],2,1
"Tomato Sauce, Butter","Pasta, Milk",0.026,0.30805687203791465,3.2912058978409684,0.018100159999999997,1.3099342465753423,"['Tomato Sauce', 'Butter']","['Pasta', 'Milk']",2,2
"Pasta, Milk","Tomato Sauce, Butter",0.026,0.27777777777777773,3.2912058978409684,0.018100159999999997,1.267753846153846,"['Pasta', 'Milk']","['Tomato Sauce', 'Butter']",2,2
"Cookies, Tomato Sauce",Pasta,0.0384,0.6713286713286712,3.284386846030681,0.026708319999999997,2.4206553191489353,"['Cookies', 'Tomato Sauce']",['Pasta'],2,1
"Rice, Butter","Jam, Bread",0.0232,0.6041666666666666,3.283514492753623,0.0161344,2.0614736842105263,"['Rice', 'Butter']","['Jam', 'Bread']",2,2
"Pasta, Sugar, Milk",Tomato Sauce,0.0344,0.826923076923077,3.2814407814407818,0.023916800000000002,4.321777777777779,"['Pasta', 'Sugar', 'Milk']",['Tomato Sauce'],3,1
"Beer, Butter",Diapers,0.0284,0.5107913669064749,3.2743036340158644,0.0197264,1.7252352941176472,"['Beer', 'Butter']",['Diapers'],2,1
"Sugar, Butter","Coffee, Water",0.0256,0.3076923076923077,3.273322422258593,0.017779200000000002,1.3086666666666666,"['Sugar', 'Butter']","['Coffee', 'Water']",2,2
"Coffee, Water","Sugar, Butter",0.0256,0.2723404255319149,3.273322422258593,0.017779200000000002,1.2599298245614035,"['Coffee', 'Water']","['Sugar', 'Butter']",2,2
"Diapers, Baby Wipes","Beer, Water",0.0296,0.23417721518987342,3.2706314970652715,0.02054976,1.212290909090909,"['Diapers', 'Baby Wipes']","['Beer', 'Water']",2,2
"Beer, Water","Diapers, Baby Wipes",0.0296,0.4134078212290503,3.270631497065271,0.02054976,1.48928,"['Beer', 'Water']","['Diapers', 'Baby Wipes']",2,2
"Tomato Sauce, Bread",Pasta,0.0588,0.6681818181818182,3.268991282689913,0.040812799999999996,2.3976986301369863,"['Tomato Sauce', 'Bread']",['Pasta'],2,1
Pasta,"Tomato Sauce, Bread",0.0588,0.2876712328767123,3.268991282689913,0.040812799999999996,1.2803076923076924,['Pasta'],"['Tomato Sauce', 'Bread']",1,2
"Pasta, Water, Milk",Tomato Sauce,0.0316,0.8229166666666669,3.265542328042329,0.021923200000000004,4.224000000000005,"['Pasta', 'Water', 'Milk']",['Tomato Sauce'],3,1
"Beer, Jam",Diapers,0.022,0.5092592592592592,3.2644824311490974,0.015260799999999998,1.7198490566037732,"['Beer', 'Jam']",['Diapers'],2,1
"Pasta, Jam, Butter",Tomato Sauce,0.0296,0.8222222222222223,3.2627865961199296,0.020528,4.207500000000002,"['Pasta', 'Jam', 'Butter']",['Tomato Sauce'],3,1
"Pasta, Jam, Bread",Tomato Sauce,0.0296,0.8222222222222223,3.2627865961199296,0.020528,4.207500000000002,"['Pasta', 'Jam', 'Bread']",['Tomato Sauce'],3,1
"Milk, Bread","Sugar, Jam",0.0292,0.20221606648199447,3.2615494593870076,0.0202472,1.1757569444444445,"['Milk', 'Bread']","['Sugar', 'Jam']",2,2
"Sugar, Jam","Milk, Bread",0.0292,0.47096774193548385,3.261549459387007,0.0202472,1.6172926829268293,"['Sugar', 'Jam']","['Milk', 'Bread']",2,2
"Beer, Milk",Diapers,0.0348,0.5087719298245613,3.2613585245164187,0.024129599999999998,1.7181428571428567,"['Beer', 'Milk']",['Diapers'],2,1
Diapers,"Beer, Milk",0.0348,0.22307692307692306,3.2613585245164187,0.024129599999999998,1.199089108910891,['Diapers'],"['Beer', 'Milk']",1,2
"Jam, Diapers",Beer,0.022,0.5499999999999999,3.2582938388625586,0.015247999999999998,1.8471111111111107,"['Jam', 'Diapers']",['Beer'],2,1
"Pasta, Butter","Water, Tomato Sauce",0.0208,0.3270440251572327,3.2574106091357837,0.014414559999999998,1.3367887850467288,"['Pasta', 'Butter']","['Water', 'Tomato Sauce']",2,2
"Water, Tomato Sauce","Pasta, Butter",0.0208,0.20717131474103584,3.2574106091357833,0.014414559999999998,1.1810874371859297,"['Water', 'Tomato Sauce']","['Pasta', 'Butter']",2,2
"Pasta, Tea, Cookies",Tomato Sauce,0.0256,0.8205128205128206,3.256003256003256,0.0177376,4.167428571428573,"['Pasta', 'Tea', 'Cookies']",['Tomato Sauce'],3,1
"Coffee, Pasta, Sugar, Milk",Tomato Sauce,0.0292,0.8202247191011236,3.25485999643303,0.020228799999999998,4.16075,"['Coffee', 'Pasta', 'Sugar', 'Milk']",['Tomato Sauce'],4,1
"Sugar, Jam","Milk, Butter",0.0284,0.45806451612903226,3.2532991202346038,0.0196704,1.5854285714285712,"['Sugar', 'Jam']","['Milk', 'Butter']",2,2
"Milk, Butter","Sugar, Jam",0.0284,0.20170454545454544,3.2532991202346038,0.0196704,1.175003558718861,"['Milk', 'Butter']","['Sugar', 'Jam']",2,2
"Pasta, Baby Wipes",Tomato Sauce,0.0364,0.8198198198198198,3.253253253253253,0.025211200000000003,4.151399999999999,"['Pasta', 'Baby Wipes']",['Tomato Sauce'],2,1
Diapers,Beer,0.0856,0.5487179487179487,3.2506987483290795,0.05926719999999999,1.841863636363636,['Diapers'],['Beer'],1,1
Beer,Diapers,0.0856,0.5071090047393364,3.2506987483290795,0.05926719999999999,1.7123461538461535,['Beer'],['Diapers'],1,1
"Wine, Pasta, Tomato Sauce",Cheese,0.0276,0.8846153846153847,3.2474867276629396,0.01910112,6.305866666666671,"['Wine', 'Pasta', 'Tomato Sauce']",['Cheese'],3,1
"Pasta, Milk, Bread",Tomato Sauce,0.0252,0.8181818181818181,3.2467532467532463,0.0174384,4.113999999999999,"['Pasta', 'Milk', 'Bread']",['Tomato Sauce'],3,1
"Coffee, Milk, Water, Bread",Sugar,0.0204,0.8360655737704918,3.245596171469301,0.014114560000000002,4.528640000000001,"['Coffee', 'Milk', 'Water', 'Bread']",['Sugar'],4,1
"Milk, Tomato Sauce, Bread",Pasta,0.0252,0.6631578947368422,3.244412400865177,0.0174328,2.3619375000000002,"['Milk', 'Tomato Sauce', 'Bread']",['Pasta'],3,1
"Diapers, Baby Wipes",Beer,0.0692,0.5474683544303797,3.2432959385686,0.04786367999999999,1.836777622377622,"['Diapers', 'Baby Wipes']",['Beer'],2,1
Beer,"Diapers, Baby Wipes",0.0692,0.40995260663507105,3.2432959385685995,0.04786367999999999,1.4805590361445782,['Beer'],"['Diapers', 'Baby Wipes']",1,2
"Pasta, Jam, Bread, Butter",Tomato Sauce,0.0284,0.8160919540229886,3.2384601350118594,0.019630400000000003,4.067250000000002,"['Pasta', 'Jam', 'Bread', 'Butter']",['Tomato Sauce'],4,1
"Milk, Sugar, Baby Wipes",Coffee,0.0292,0.8111111111111112,3.2340953393584972,0.0201712,3.966352941176473,"['Milk', 'Sugar', 'Baby Wipes']",['Coffee'],3,1
"Cheese, Pasta, Sugar","Coffee, Milk",0.0204,0.6144578313253013,3.2339885859226385,0.014092,2.1009375000000006,"['Cheese', 'Pasta', 'Sugar']","['Coffee', 'Milk']",3,2
"Beer, Cheese",Diapers,0.0228,0.504424778761062,3.233492171545269,0.0157488,1.7030714285714286,"['Beer', 'Cheese']",['Diapers'],2,1
"Cheese, Sugar","Tomato Sauce, Milk",0.0236,0.34502923976608185,3.230610859232976,0.016294879999999998,1.363725,"['Cheese', 'Sugar']","['Tomato Sauce', 'Milk']",2,2
"Tomato Sauce, Milk","Cheese, Sugar",0.0236,0.22097378277153557,3.230610859232976,0.016294879999999998,1.1958519230769231,"['Tomato Sauce', 'Milk']","['Cheese', 'Sugar']",2,2
"Tea, Cookies, Tomato Sauce",Pasta,0.0256,0.6597938144329897,3.2279540823531785,0.017669280000000002,2.338581818181818,"['Tea', 'Cookies', 'Tomato Sauce']",['Pasta'],3,1
"Tea, Sugar, Milk",Coffee,0.0288,0.8089887640449438,3.2256330304822316,0.019871519999999997,3.922282352941176,"['Tea', 'Sugar', 'Milk']",['Coffee'],3,1
"Tomato Sauce, Bread, Butter",Pasta,0.0456,0.6589595375722543,3.223872493014943,0.03145552,2.3328610169491526,"['Tomato Sauce', 'Bread', 'Butter']",['Pasta'],3,1
Pasta,"Tomato Sauce, Bread, Butter",0.0456,0.22309197651663407,3.223872493014943,0.03145552,1.198082619647355,['Pasta'],"['Tomato Sauce', 'Bread', 'Butter']",1,3
"Beer, Water",Diapers,0.036,0.5027932960893855,3.2230339492909326,0.024830399999999996,1.6974831460674158,"['Beer', 'Water']",['Diapers'],2,1
Diapers,"Beer, Water",0.036,0.23076923076923075,3.2230339492909326,0.024830399999999996,1.20692,['Diapers'],"['Beer', 'Water']",1,2
"Milk, Tomato Sauce, Bread, Butter",Pasta,0.0208,0.6582278481012658,3.2202927989298717,0.014340959999999998,2.327866666666666,"['Milk', 'Tomato Sauce', 'Bread', 'Butter']",['Pasta'],4,1
"Tomato Sauce, Bread, Butter","Pasta, Milk",0.0208,0.30057803468208094,3.2113037893384715,0.01432288,1.2959272727272728,"['Tomato Sauce', 'Bread', 'Butter']","['Pasta', 'Milk']",3,2
"Pasta, Milk","Tomato Sauce, Bread, Butter",0.0208,0.2222222222222222,3.2113037893384715,0.01432288,1.196742857142857,"['Pasta', 'Milk']","['Tomato Sauce', 'Bread', 'Butter']",2,3
"Cheese, Pasta, Sugar, Tomato Sauce","Coffee, Milk",0.02,0.6097560975609756,3.209242618741977,0.013767999999999999,2.075625,"['Cheese', 'Pasta', 'Sugar', 'Tomato Sauce']","['Coffee', 'Milk']",4,2
"Beer, Butter","Jam, Bread",0.0328,0.5899280575539569,3.206130747575853,0.022569600000000002,1.9898947368421058,"['Beer', 'Butter']","['Jam', 'Bread']",2,2
"Tomato Sauce, Butter",Pasta,0.0552,0.6540284360189573,3.199747730034038,0.03794864,2.2996109589041094,"['Tomato Sauce', 'Butter']",['Pasta'],2,1
Pasta,"Tomato Sauce, Butter",0.0552,0.2700587084148728,3.1997477300340376,0.03794864,1.2543474530831098,['Pasta'],"['Tomato Sauce', 'Butter']",1,2
"Soda, Pasta, Milk",Tomato Sauce,0.0232,0.8055555555555555,3.196649029982363,0.0159424,3.846857142857141,"['Soda', 'Pasta', 'Milk']",['Tomato Sauce'],3,1
"Coffee, Water, Bread",Sugar,0.026,0.8227848101265821,3.1940404119820736,0.01785984,4.189257142857139,"['Coffee', 'Water', 'Bread']",['Sugar'],3,1
"Diapers, Butter","Jam, Bread",0.0284,0.5867768595041323,3.18900467121811,0.019494400000000002,1.9747200000000003,"['Diapers', 'Butter']","['Jam', 'Bread']",2,2
"Coffee, Water, Milk","Sugar, Bread",0.0204,0.2865168539325843,3.169434224917968,0.013963520000000002,1.274872440944882,"['Coffee', 'Water', 'Milk']","['Sugar', 'Bread']",3,2
"Sugar, Bread","Coffee, Water, Milk",0.0204,0.2256637168141593,3.1694342249179677,0.013963520000000002,1.1994788571428572,"['Sugar', 'Bread']","['Coffee', 'Water', 'Milk']",2,3
"Pasta, Sugar","Coffee, Milk",0.0356,0.6013513513513513,3.165007112375533,0.024352,2.031864406779661,"['Pasta', 'Sugar']","['Coffee', 'Milk']",2,2
"Coffee, Tea, Sugar",Cookies,0.03,0.7575757575757575,3.1618353822026606,0.020511839999999996,3.136649999999998,"['Coffee', 'Tea', 'Sugar']",['Cookies'],3,1
"Tea, Baby Wipes",Diapers,0.0248,0.49206349206349204,3.154253154253154,0.016937599999999997,1.6616250000000001,"['Tea', 'Baby Wipes']",['Diapers'],2,1
"Baby Wipes, Butter","Jam, Bread",0.038,0.5792682926829268,3.1481972428419933,0.025929599999999997,1.939478260869565,"['Baby Wipes', 'Butter']","['Jam', 'Bread']",2,2
"Jam, Bread","Baby Wipes, Butter",0.038,0.20652173913043478,3.1481972428419933,0.025929599999999997,1.1776,"['Jam', 'Bread']","['Baby Wipes', 'Butter']",2,2
"Beer, Eggs",Diapers,0.0208,0.49056603773584906,3.1446540880503147,0.0141856,1.6567407407407406,"['Beer', 'Eggs']",['Diapers'],2,1
"Cookies, Bread","Sugar, Butter",0.0204,0.26153846153846155,3.1434911242603554,0.013910400000000002,1.2415,"['Cookies', 'Bread']","['Sugar', 'Butter']",2,2
"Sugar, Butter","Cookies, Bread",0.0204,0.2451923076923077,3.1434911242603554,0.013910400000000002,1.221503184713376,"['Sugar', 'Butter']","['Cookies', 'Bread']",2,2
"Sugar, Bread","Jam, Milk",0.0292,0.3230088495575221,3.142109431493406,0.019906880000000002,1.325275816993464,"['Sugar', 'Bread']","['Jam', 'Milk']",2,2
"Jam, Milk","Sugar, Bread",0.0292,0.2840466926070039,3.142109431493406,0.019906880000000002,1.2704739130434781,"['Jam', 'Milk']","['Sugar', 'Bread']",2,2
"Beer, Butter","Diapers, Baby Wipes",0.022,0.39568345323741005,3.1304070667516615,0.014972159999999998,1.4455999999999998,"['Beer', 'Butter']","['Diapers', 'Baby Wipes']",2,2
"Coffee, Tea, Sugar, Milk",Cookies,0.0216,0.7500000000000001,3.1302170283806348,0.01469952,3.041600000000001,"['Coffee', 'Tea', 'Sugar', 'Milk']",['Cookies'],4,1
"Cheese, Wine, Cookies",Tea,0.02,0.7246376811594203,3.12343828085957,0.0135968,2.7890526315789472,"['Cheese', 'Wine', 'Cookies']",['Tea'],3,1
"Sugar, Water, Milk",Coffee,0.052,0.7831325301204819,3.1225379988854938,0.03534688,3.454644444444444,"['Sugar', 'Water', 'Milk']",['Coffee'],3,1
Coffee,"Sugar, Water, Milk",0.052,0.2073365231259968,3.1225379988854938,0.03534688,1.1778012072434607,['Coffee'],"['Sugar', 'Water', 'Milk']",1,3
"Cake, Bread","Jam, Butter",0.0212,0.5760869565217391,3.1173536608319217,0.01439936,1.9230358974358976,"['Cake', 'Bread']","['Jam', 'Butter']",2,2
"Coffee, Water, Butter",Sugar,0.0256,0.8,3.1055900621118013,0.0173568,3.7120000000000006,"['Coffee', 'Water', 'Butter']",['Sugar'],3,1
"Coffee, Milk","Sugar, Bread, Butter",0.0408,0.21473684210526317,3.103133556434439,0.027652000000000003,1.1853351206434315,"['Coffee', 'Milk']","['Sugar', 'Bread', 'Butter']",2,3
"Sugar, Bread, Butter","Coffee, Milk",0.0408,0.5895953757225434,3.1031335564344387,0.027652000000000003,1.9736619718309862,"['Sugar', 'Bread', 'Butter']","['Coffee', 'Milk']",3,2
"Tea, Bread","Cookies, Milk",0.0236,0.3089005235602094,3.1014108791185686,0.01599056,1.302851515151515,"['Tea', 'Bread']","['Cookies', 'Milk']",2,2
"Cookies, Milk","Tea, Bread",0.0236,0.23694779116465864,3.1014108791185686,0.01599056,1.210402105263158,"['Cookies', 'Milk']","['Tea', 'Bread']",2,2
"Coffee, Tea, Cookies",Sugar,0.03,0.7978723404255319,3.0973305140742697,0.020314239999999997,3.672926315789473,"['Coffee', 'Tea', 'Cookies']",['Sugar'],3,1
"Coffee, Diapers, Milk",Sugar,0.0236,0.7972972972972973,3.0950982037938557,0.01597504,3.662506666666666,"['Coffee', 'Diapers', 'Milk']",['Sugar'],3,1
"Wine, Pasta",Cheese,0.0296,0.8409090909090909,3.087037778667735,0.02001152,4.573485714285716,"['Wine', 'Pasta']",['Cheese'],2,1
"Cheese, Sugar, Tomato Sauce","Coffee, Milk",0.0204,0.5862068965517242,3.0852994555353903,0.013788000000000002,1.9575000000000005,"['Cheese', 'Sugar', 'Tomato Sauce']","['Coffee', 'Milk']",3,2
"Tea, Jam",Cookies,0.0408,0.7391304347826088,3.084851564201205,0.02757408,2.914866666666667,"['Tea', 'Jam']",['Cookies'],2,1
"Sugar, Jam, Bread","Coffee, Milk",0.026,0.5855855855855855,3.082029397818871,0.017563999999999996,1.954565217391304,"['Sugar', 'Jam', 'Bread']","['Coffee', 'Milk']",3,2
"Sugar, Jam, Bread, Butter","Coffee, Milk",0.0248,0.5849056603773585,3.0784508440913605,0.016744,1.9513636363636364,"['Sugar', 'Jam', 'Bread', 'Butter']","['Coffee', 'Milk']",4,2
"Coffee, Diapers, Baby Wipes",Sugar,0.026,0.7926829268292682,3.0771852749583393,0.01755072,3.5809882352941163,"['Coffee', 'Diapers', 'Baby Wipes']",['Sugar'],3,1
"Rice, Sugar",Coffee,0.0216,0.7714285714285715,3.0758714969241283,0.0145776,3.2777500000000006,"['Rice', 'Sugar']",['Coffee'],2,1
"Pasta, Sugar, Tomato Sauce","Coffee, Milk",0.0292,0.584,3.0736842105263156,0.0197,1.9471153846153846,"['Pasta', 'Sugar', 'Tomato Sauce']","['Coffee', 'Milk']",3,2
"Eggs, Sugar","Coffee, Milk",0.0324,0.5827338129496403,3.0670200681560016,0.021836,1.9412068965517244,"['Eggs', 'Sugar']","['Coffee', 'Milk']",2,2
"Juice, Bread","Jam, Butter",0.0204,0.5666666666666668,3.066378066378067,0.013747200000000001,1.8812307692307697,"['Juice', 'Bread']","['Jam', 'Butter']",2,2
"Sugar, Bread, Butter",Coffee,0.0532,0.7687861271676301,3.0653354352776314,0.03584464,3.24029,"['Sugar', 'Bread', 'Butter']",['Coffee'],3,1
Coffee,"Sugar, Bread, Butter",0.0532,0.2121212121212121,3.0653354352776314,0.03584464,1.1814,['Coffee'],"['Sugar', 'Bread', 'Butter']",1,3
"Pasta, Water","Tomato Sauce, Butter",0.0208,0.25870646766169153,3.065242507839947,0.014014239999999999,1.2351382550335568,"['Pasta', 'Water']","['Tomato Sauce', 'Butter']",2,2
"Tomato Sauce, Butter","Pasta, Water",0.0208,0.24644549763033174,3.065242507839947,0.014014239999999999,1.2203496855345912,"['Tomato Sauce', 'Butter']","['Pasta', 'Water']",2,2
"Sugar, Jam, Butter","Coffee, Milk",0.0256,0.5818181818181819,3.0622009569377995,0.017240000000000002,1.936956521739131,"['Sugar', 'Jam', 'Butter']","['Coffee', 'Milk']",3,2
"Coffee, Water","Sugar, Bread",0.026,0.2765957446808511,3.0596874411598574,0.0175024,1.2573882352941177,"['Coffee', 'Water']","['Sugar', 'Bread']",2,2
"Sugar, Bread","Coffee, Water",0.026,0.28761061946902655,3.059687441159857,0.0175024,1.271776397515528,"['Sugar', 'Bread']","['Coffee', 'Water']",2,2
"Tomato Sauce, Bread","Pasta, Milk",0.0252,0.2863636363636364,3.0594405594405596,0.0169632,1.2701146496815288,"['Tomato Sauce', 'Bread']","['Pasta', 'Milk']",2,2
"Pasta, Milk","Tomato Sauce, Bread",0.0252,0.2692307692307692,3.0594405594405596,0.0169632,1.248,"['Pasta', 'Milk']","['Tomato Sauce', 'Bread']",2,2
"Coffee, Tea, Milk",Cookies,0.0284,0.731958762886598,3.054919711546736,0.01910352,2.8368769230769235,"['Coffee', 'Tea', 'Milk']",['Cookies'],3,1
"Jam, Cookies",Tea,0.0408,0.7083333333333334,3.05316091954023,0.027436800000000004,2.6331428571428575,"['Jam', 'Cookies']",['Tea'],2,1
"Sugar, Water, Bread","Coffee, Milk",0.0204,0.5795454545454546,3.050239234449761,0.013712000000000002,1.9264864864864868,"['Sugar', 'Water', 'Bread']","['Coffee', 'Milk']",3,2
"Croissant, Butter","Jam, Bread",0.024,0.5607476635514019,3.04754164973588,0.0161248,1.8577021276595749,"['Croissant', 'Butter']","['Jam', 'Bread']",2,2
"Coffee, Milk, Baby Wipes",Sugar,0.0292,0.7849462365591399,3.047151539437655,0.01961728,3.452160000000001,"['Coffee', 'Milk', 'Baby Wipes']",['Sugar'],3,1
"Cheese, Sugar","Coffee, Milk",0.0396,0.5789473684210527,3.0470914127423825,0.026604000000000003,1.9237500000000003,"['Cheese', 'Sugar']","['Coffee', 'Milk']",2,2
"Coffee, Milk","Cheese, Sugar",0.0396,0.20842105263157895,3.047091412742382,0.026604000000000003,1.1768882978723405,"['Coffee', 'Milk']","['Cheese', 'Sugar']",2,2
"Wine, Tea",Cookies,0.0292,0.73,3.046744574290484,0.019616,2.816296296296296,"['Wine', 'Tea']",['Cookies'],2,1
"Eggs, Cookies",Tea,0.0404,0.7062937062937062,3.0443694236797683,0.027129599999999997,2.6148571428571423,"['Eggs', 'Cookies']",['Tea'],2,1
"Water, Bread, Tomato Sauce",Pasta,0.0204,0.6219512195121951,3.0428141854804065,0.013695680000000002,2.104490322580645,"['Water', 'Bread', 'Tomato Sauce']",['Pasta'],3,1
"Tea, Sugar",Cookies,0.0428,0.7278911564625851,3.037943057022475,0.028711519999999997,2.79447,"['Tea', 'Sugar']",['Cookies'],2,1
"Cookies, Jam, Butter",Tea,0.0276,0.7040816326530612,3.0348346235045742,0.018505599999999997,2.5953103448275865,"['Cookies', 'Jam', 'Butter']",['Tea'],3,1
"Jam, Bread, Cookies",Tea,0.0276,0.7040816326530612,3.0348346235045742,0.018505599999999997,2.5953103448275865,"['Jam', 'Bread', 'Cookies']",['Tea'],3,1
"Eggs, Tea",Cookies,0.0404,0.7266187050359713,3.032632324857977,0.027078239999999996,2.781463157894737,"['Eggs', 'Tea']",['Cookies'],2,1
"Soda, Coffee, Milk",Sugar,0.0412,0.7803030303030303,3.029126670431018,0.02759872,3.3791999999999995,"['Soda', 'Coffee', 'Milk']",['Sugar'],3,1
"Rice, Bread","Jam, Butter",0.0232,0.5576923076923077,3.017815517815518,0.01551232,1.8430608695652175,"['Rice', 'Bread']","['Jam', 'Butter']",2,2
"Cheese, Diapers",Beer,0.0228,0.5089285714285714,3.0149796885578874,0.01523776,1.6926254545454542,"['Cheese', 'Diapers']",['Beer'],2,1
"Wine, Sugar","Coffee, Milk",0.0252,0.5727272727272728,3.014354066985646,0.01684,1.895744680851064,"['Wine', 'Sugar']","['Coffee', 'Milk']",2,2
"Juice, Butter","Jam, Bread",0.0204,0.5543478260869565,3.0127599243856333,0.013628800000000002,1.8310243902439027,"['Juice', 'Butter']","['Jam', 'Bread']",2,2
"Butter, Jam, Bread, Cookies",Tea,0.026,0.6989247311827957,3.0126065999258436,0.0173696,2.550857142857143,"['Butter', 'Jam', 'Bread', 'Cookies']",['Tea'],4,1
"Eggs, Sugar",Coffee,0.042,0.7553956834532375,3.011944511376545,0.02805552,3.062905882352942,"['Eggs', 'Sugar']",['Coffee'],2,1
"Cookies, Butter","Tea, Milk",0.0212,0.27461139896373055,3.011089900918098,0.01415936,1.2528457142857143,"['Cookies', 'Butter']","['Tea', 'Milk']",2,2
"Tea, Milk","Cookies, Butter",0.0212,0.2324561403508772,3.011089900918098,0.01415936,1.2022765714285713,"['Tea', 'Milk']","['Cookies', 'Butter']",2,2
"Coffee, Cookies",Sugar,0.0484,0.7756410256410257,3.0110288262462177,0.032325759999999995,3.308982857142857,"['Coffee', 'Cookies']",['Sugar'],2,1
"Diapers, Baby Wipes, Butter","Jam, Bread",0.0208,0.553191489361702,3.006475485661424,0.0138816,1.826285714285714,"['Diapers', 'Baby Wipes', 'Butter']","['Jam', 'Bread']",3,2
"Sugar, Bread","Coffee, Milk",0.0516,0.5707964601769911,3.0041918956683746,0.034423999999999996,1.887216494845361,"['Sugar', 'Bread']","['Coffee', 'Milk']",2,2
"Coffee, Milk","Sugar, Bread",0.0516,0.27157894736842103,3.0041918956683746,0.034423999999999996,1.2487283236994218,"['Coffee', 'Milk']","['Sugar', 'Bread']",2,2
"Sugar, Water, Butter",Coffee,0.0256,0.7529411764705882,3.0021578009194103,0.0170728,3.0324761904761903,"['Sugar', 'Water', 'Butter']",['Coffee'],3,1
"Tea, Sugar, Milk",Cookies,0.0256,0.7191011235955057,3.0012567762750653,0.01707024,2.7070240000000005,"['Tea', 'Sugar', 'Milk']",['Cookies'],3,1
"Water, Tomato Sauce, Butter",Pasta,0.0208,0.6117647058823529,2.9929780131230572,0.013850399999999999,2.0492727272727267,"['Water', 'Tomato Sauce', 'Butter']",['Pasta'],3,1
"Sugar, Water, Bread, Butter",Coffee,0.0216,0.7500000000000001,2.9904306220095696,0.014376960000000001,2.9968000000000012,"['Sugar', 'Water', 'Bread', 'Butter']",['Coffee'],4,1
"Sugar, Butter",Coffee,0.0624,0.75,2.990430622009569,0.04153344,2.9968,"['Sugar', 'Butter']",['Coffee'],2,1
Coffee,"Sugar, Butter",0.0624,0.24880382775119614,2.990430622009569,0.04153344,1.2204535031847135,['Coffee'],"['Sugar', 'Butter']",1,2
"Sugar, Tomato Sauce","Cheese, Milk",0.0236,0.3511904761904762,2.986313573048267,0.01569728,1.3600293577981653,"['Sugar', 'Tomato Sauce']","['Cheese', 'Milk']",2,2
"Cheese, Milk","Sugar, Tomato Sauce",0.0236,0.20068027210884354,2.986313573048267,0.01569728,1.1669923404255318,"['Cheese', 'Milk']","['Sugar', 'Tomato Sauce']",2,2
"Coffee, Baby Wipes",Sugar,0.04,0.7692307692307693,2.986144290492117,0.0266048,3.217066666666667,"['Coffee', 'Baby Wipes']",['Sugar'],2,1
"Coffee, Milk","Sugar, Butter",0.0472,0.24842105263157893,2.98582995951417,0.031392,1.2198319327731093,"['Coffee', 'Milk']","['Sugar', 'Butter']",2,2
"Sugar, Butter","Coffee, Milk",0.0472,0.5673076923076923,2.9858299595141697,0.031392,1.872,"['Sugar', 'Butter']","['Coffee', 'Milk']",2,2
"Cheese, Pasta, Sugar",Coffee,0.0248,0.7469879518072289,2.978420860475394,0.01647344,2.961123809523809,"['Cheese', 'Pasta', 'Sugar']",['Coffee'],3,1
"Soda, Coffee",Sugar,0.054,0.7670454545454545,2.977660926030491,0.03586496,3.186887804878048,"['Soda', 'Coffee']",['Sugar'],2,1
Sugar,"Soda, Coffee",0.054,0.2096273291925466,2.977660926030491,0.03586496,1.1761540275049116,['Sugar'],"['Soda', 'Coffee']",1,2
"Coffee, Diapers",Sugar,0.0316,0.766990291262136,2.977446782849907,0.020986880000000003,3.1861333333333346,"['Coffee', 'Diapers']",['Sugar'],2,1
"Wine, Coffee",Sugar,0.0328,0.766355140186916,2.974981134265978,0.021774720000000004,3.1774720000000007,"['Wine', 'Coffee']",['Sugar'],2,1
"Pasta, Butter","Jam, Bread",0.0348,0.5471698113207546,2.9737489745693186,0.023097599999999996,1.8019999999999996,"['Pasta', 'Butter']","['Jam', 'Bread']",2,2
"Wine, Sugar",Coffee,0.0328,0.7454545454545456,2.9723068000579964,0.0217648,2.943285714285716,"['Wine', 'Sugar']",['Coffee'],2,1
"Sugar, Jam, Bread, Butter",Coffee,0.0316,0.7452830188679246,2.9716228822485027,0.02096608,2.941303703703704,"['Sugar', 'Jam', 'Bread', 'Butter']",['Coffee'],4,1
"Cheese, Pasta, Sugar, Tomato Sauce",Coffee,0.0244,0.7439024390243902,2.9661181779281907,0.016173760000000002,2.925447619047619,"['Cheese', 'Pasta', 'Sugar', 'Tomato Sauce']",['Coffee'],4,1
"Sugar, Jam",Coffee,0.046,0.7419354838709677,2.9582754540309715,0.030450399999999996,2.90315,"['Sugar', 'Jam']",['Coffee'],2,1
"Sugar, Jam","Coffee, Milk",0.0348,0.5612903225806452,2.9541595925297113,0.02302,1.8463235294117648,"['Sugar', 'Jam']","['Coffee', 'Milk']",2,2
"Coffee, Tea, Cookies, Milk",Sugar,0.0216,0.7605633802816901,2.9524975942612195,0.01428416,3.100611764705882,"['Coffee', 'Tea', 'Cookies', 'Milk']",['Sugar'],4,1
"Coffee, Tea",Cookies,0.0376,0.7067669172932332,2.949778452809821,0.024853280000000002,2.5931589743589747,"['Coffee', 'Tea']",['Cookies'],2,1
"Tea, Milk, Butter",Cookies,0.0212,0.7066666666666667,2.949360044518642,0.014012,2.5922727272727273,"['Tea', 'Milk', 'Butter']",['Cookies'],3,1
"Pasta, Cookies",Tea,0.0312,0.6842105263157894,2.9491833030852987,0.020620799999999998,2.4319999999999995,"['Pasta', 'Cookies']",['Tea'],2,1
"Soda, Sugar","Coffee, Milk",0.0412,0.5597826086956522,2.9462242562929064,0.027216,1.8400000000000003,"['Soda', 'Sugar']","['Coffee', 'Milk']",2,2
"Coffee, Milk","Soda, Sugar",0.0412,0.2168421052631579,2.9462242562929064,0.027216,1.1829032258064518,"['Coffee', 'Milk']","['Soda', 'Sugar']",2,2
"Sugar, Jam, Bread",Coffee,0.0328,0.7387387387387387,2.9455292613187347,0.02166448,2.8676275862068965,"['Sugar', 'Jam', 'Bread']",['Coffee'],3,1
"Sugar, Water, Bread",Coffee,0.026,0.7386363636363635,2.945121067130636,0.017171839999999997,2.8665043478260857,"['Sugar', 'Water', 'Bread']",['Coffee'],3,1
"Coffee, Cookies, Milk",Sugar,0.0364,0.7583333333333333,2.943840579710145,0.0240352,3.0719999999999996,"['Coffee', 'Cookies', 'Milk']",['Sugar'],3,1
"Cheese, Wine, Coffee",Sugar,0.02,0.7575757575757576,2.940899680030115,0.01319936,3.0624,"['Cheese', 'Wine', 'Coffee']",['Sugar'],3,1
"Cookies, Bread","Coffee, Butter",0.02,0.25641025641025644,2.940484591860739,0.0131984,1.2275586206896552,"['Cookies', 'Bread']","['Coffee', 'Butter']",2,2
"Coffee, Butter","Cookies, Bread",0.02,0.22935779816513763,2.9404845918607387,0.0131984,1.196404761904762,"['Coffee', 'Butter']","['Cookies', 'Bread']",2,2
"Cheese, Wine, Tea",Cookies,0.02,0.704225352112676,2.939170918667262,0.01319536,2.57087619047619,"['Cheese', 'Wine', 'Tea']",['Cookies'],3,1
Coffee,"Cheese, Sugar",0.0504,0.20095693779904306,2.9379669268865944,0.03324528,1.165894610778443,['Coffee'],"['Cheese', 'Sugar']",1,2
"Cheese, Sugar",Coffee,0.0504,0.7368421052631579,2.937966926886594,0.03324528,2.8469599999999993,"['Cheese', 'Sugar']",['Coffee'],2,1
"Jam, Sugar, Butter",Coffee,0.0324,0.7363636363636363,2.9360591561548497,0.021364799999999996,2.8417931034482753,"['Jam', 'Sugar', 'Butter']",['Coffee'],3,1
"Cheese, Sugar, Tomato Sauce",Coffee,0.0256,0.7356321839080461,2.933142679059195,0.01687216,2.8339304347826095,"['Cheese', 'Sugar', 'Tomato Sauce']",['Coffee'],3,1
"Coffee, Eggs",Sugar,0.042,0.7553956834532375,2.932436659368158,0.027677440000000005,3.035105882352942,"['Coffee', 'Eggs']",['Sugar'],2,1
"Cheese, Diapers","Pasta, Tomato Sauce",0.0228,0.5089285714285714,2.9316161948650423,0.01502272,1.682850909090909,"['Cheese', 'Diapers']","['Pasta', 'Tomato Sauce']",2,2
"Coffee, Pasta, Milk",Sugar,0.0356,0.7542372881355932,2.927939783135067,0.023441280000000002,3.0207999999999995,"['Coffee', 'Pasta', 'Milk']",['Sugar'],3,1
"Wine, Jam, Bread",Butter,0.0256,0.9846153846153847,2.9269185036129155,0.016853600000000003,43.13400000000015,"['Wine', 'Jam', 'Bread']",['Butter'],3,1
"Yogurt, Coffee",Sugar,0.0416,0.7536231884057971,2.9255558556125667,0.02738048,3.013270588235294,"['Yogurt', 'Coffee']",['Sugar'],2,1
"Soda, Sugar",Coffee,0.054,0.7336956521739131,2.925421260661535,0.035541119999999995,2.813322448979592,"['Soda', 'Sugar']",['Coffee'],2,1
Coffee,"Soda, Sugar",0.054,0.21531100478468898,2.925421260661535,0.035541119999999995,1.1805951219512196,['Coffee'],"['Soda', 'Sugar']",1,2
"Cookies, Tomato Sauce",Tea,0.0388,0.6783216783216783,2.923800337593441,0.0255296,2.3874782608695653,"['Cookies', 'Tomato Sauce']",['Tea'],2,1
"Tea, Butter","Cookies, Milk",0.0212,0.2912087912087912,2.923783044264972,0.013949119999999999,1.2703317829457363,"['Tea', 'Butter']","['Cookies', 'Milk']",2,2
"Cookies, Milk","Tea, Butter",0.0212,0.21285140562248997,2.923783044264972,0.013949119999999999,1.1779224489795919,"['Cookies', 'Milk']","['Tea', 'Butter']",2,2
"Milk, Cookies, Bread",Tea,0.0236,0.67816091954023,2.923107411811336,0.0155264,2.3862857142857146,"['Milk', 'Cookies', 'Bread']",['Tea'],3,1
"Cookies, Butter","Sugar, Bread",0.0204,0.26424870466321243,2.923105140079784,0.013421120000000002,1.236287323943662,"['Cookies', 'Butter']","['Sugar', 'Bread']",2,2
"Sugar, Bread","Cookies, Butter",0.0204,0.2256637168141593,2.923105140079784,0.013421120000000002,1.1917302857142857,"['Sugar', 'Bread']","['Cookies', 'Butter']",2,2
"Water, Tomato Sauce","Pasta, Bread",0.0204,0.20318725099601595,2.9193570545404595,0.013412160000000003,1.1676520000000001,"['Water', 'Tomato Sauce']","['Pasta', 'Bread']",2,2
"Pasta, Bread","Water, Tomato Sauce",0.0204,0.2931034482758621,2.919357054540459,0.013412160000000003,1.2726048780487804,"['Pasta', 'Bread']","['Water', 'Tomato Sauce']",2,2
"Coffee, Bread, Butter","Sugar, Water",0.0216,0.30000000000000004,2.918287937743191,0.014198400000000002,1.2817142857142858,"['Coffee', 'Bread', 'Butter']","['Sugar', 'Water']",3,2
"Sugar, Water","Coffee, Bread, Butter",0.0216,0.21011673151750973,2.918287937743191,0.014198400000000002,1.174857142857143,"['Sugar', 'Water']","['Coffee', 'Bread', 'Butter']",2,3
"Soda, Cookies",Tea,0.0484,0.6759776536312849,2.9136967828934695,0.0317888,2.3702068965517245,"['Soda', 'Cookies']",['Tea'],2,1
Tea,"Soda, Cookies",0.0484,0.2086206896551724,2.913696782893469,0.0317888,1.1731416122004357,['Tea'],"['Soda', 'Cookies']",1,2
"Sugar, Tomato Sauce","Coffee, Milk",0.0372,0.5535714285714286,2.9135338345864663,0.024431999999999995,1.8144000000000002,"['Sugar', 'Tomato Sauce']","['Coffee', 'Milk']",2,2
"Tomato Sauce, Croissant",Pasta,0.0212,0.5955056179775281,2.913432573275578,0.01392336,1.9669,"['Tomato Sauce', 'Croissant']",['Pasta'],2,1
"Cheese, Coffee, Pasta, Milk",Sugar,0.0204,0.7500000000000001,2.911490683229814,0.013393280000000002,2.969600000000001,"['Cheese', 'Coffee', 'Pasta', 'Milk']",['Sugar'],4,1
"Wine, Coffee, Milk",Sugar,0.0252,0.75,2.9114906832298137,0.01654464,2.9696,"['Wine', 'Coffee', 'Milk']",['Sugar'],3,1
"Yogurt, Coffee, Milk",Sugar,0.0324,0.7499999999999999,2.9114906832298133,0.021271679999999998,2.9695999999999985,"['Yogurt', 'Coffee', 'Milk']",['Sugar'],3,1
"Sugar, Bread",Coffee,0.066,0.7300884955752214,2.9110386585933865,0.04332768000000001,2.775724590163936,"['Sugar', 'Bread']",['Coffee'],2,1
Coffee,"Sugar, Bread",0.066,0.2631578947368421,2.911038658593386,0.04332768000000001,1.2344571428571427,['Coffee'],"['Sugar', 'Bread']",1,2
"Pasta, Sugar",Coffee,0.0432,0.7297297297297297,2.909608172766067,0.02835264,2.7720399999999996,"['Pasta', 'Sugar']",['Coffee'],2,1
"Cake, Butter","Jam, Bread",0.0212,0.5353535353535354,2.909530083443127,0.0139136,1.7561739130434784,"['Cake', 'Butter']","['Jam', 'Bread']",2,2
"Cheese, Coffee, Sugar, Milk","Pasta, Tomato Sauce",0.02,0.505050505050505,2.9092771028254893,0.013125439999999999,1.6696653061224487,"['Cheese', 'Coffee', 'Sugar', 'Milk']","['Pasta', 'Tomato Sauce']",4,2
"Tea, Jam, Bread",Cookies,0.0276,0.6969696969696969,2.9088885516264478,0.018111839999999997,2.5093199999999993,"['Tea', 'Jam', 'Bread']",['Cookies'],3,1
"Coffee, Water",Sugar,0.0704,0.748936170212766,2.9073609092110484,0.04618560000000001,2.957016949152543,"['Coffee', 'Water']",['Sugar'],2,1
Sugar,"Coffee, Water",0.0704,0.2732919254658385,2.907360909211048,0.04618560000000001,1.246717948717949,['Sugar'],"['Coffee', 'Water']",1,2
"Eggs, Butter","Cheese, Bread",0.022,0.27638190954773867,2.9031713187787673,0.014422079999999997,1.2503833333333334,"['Eggs', 'Butter']","['Cheese', 'Bread']",2,2
"Cheese, Bread","Eggs, Butter",0.022,0.23109243697478987,2.903171318778767,0.014422079999999997,1.1970229508196721,"['Cheese', 'Bread']","['Eggs', 'Butter']",2,2
"Yogurt, Cookies",Tea,0.0288,0.6728971962616822,2.9004189494038024,0.0188704,2.347885714285714,"['Yogurt', 'Cookies']",['Tea'],2,1
"Wine, Tomato Sauce",Cheese,0.036,0.7894736842105262,2.898214699744957,0.02357856,3.4560999999999984,"['Wine', 'Tomato Sauce']",['Cheese'],2,1
"Cheese, Tomato Sauce, Pasta, Coffee, Milk",Sugar,0.02,0.746268656716418,2.8970056549550387,0.013096320000000002,2.9259294117647063,"['Cheese', 'Tomato Sauce', 'Pasta', 'Coffee', 'Milk']",['Sugar'],5,1
"Milk, Tea, Bread",Cookies,0.0236,0.6941176470588235,2.896985171364038,0.015453599999999998,2.4859230769230765,"['Milk', 'Tea', 'Bread']",['Cookies'],3,1
"Yogurt, Butter","Jam, Bread",0.0356,0.5329341317365269,2.8963811507419943,0.0233088,1.7470769230769232,"['Yogurt', 'Butter']","['Jam', 'Bread']",2,2
"Beer, Coffee",Sugar,0.034,0.7456140350877193,2.894464421924376,0.022253440000000003,2.9183999999999997,"['Beer', 'Coffee']",['Sugar'],2,1
"Coffee, Tea",Sugar,0.0396,0.7443609022556392,2.889599775837109,0.025895680000000004,2.90409411764706,"['Coffee', 'Tea']",['Sugar'],2,1
"Cheese, Wine, Sugar",Coffee,0.02,0.7246376811594203,2.889304948801516,0.01307792,2.7207789473684207,"['Cheese', 'Wine', 'Sugar']",['Coffee'],3,1
"Jam, Water, Bread",Butter,0.0692,0.9719101123595505,2.889150155646702,0.045248319999999995,23.62415999999994,"['Jam', 'Water', 'Bread']",['Butter'],3,1
Butter,"Jam, Water, Bread",0.0692,0.2057074910820452,2.889150155646702,0.045248319999999995,1.1693425149700598,['Butter'],"['Jam', 'Water', 'Bread']",1,3
"Beer, Coffee, Milk",Sugar,0.0256,0.7441860465116279,2.888920988010978,0.01673856,2.9021090909090907,"['Beer', 'Coffee', 'Milk']",['Sugar'],3,1
"Coffee, Croissant",Sugar,0.0256,0.7441860465116279,2.888920988010978,0.01673856,2.9021090909090907,"['Coffee', 'Croissant']",['Sugar'],2,1
"Cheese, Coffee, Pasta, Tomato Sauce",Sugar,0.0244,0.7439024390243902,2.887820027268596,0.01595072,2.8988952380952377,"['Cheese', 'Coffee', 'Pasta', 'Tomato Sauce']",['Sugar'],4,1
"Wine, Cookies",Tea,0.0292,0.6697247706422018,2.8867447010439733,0.0190848,2.3253333333333335,"['Wine', 'Cookies']",['Tea'],2,1
"Soda, Tea",Cookies,0.0484,0.6914285714285714,2.8857619842594797,0.031627999999999996,2.4642592592592587,"['Soda', 'Tea']",['Cookies'],2,1
Cookies,"Soda, Tea",0.0484,0.2020033388981636,2.8857619842594797,0.031627999999999996,1.165418410041841,['Cookies'],"['Soda', 'Tea']",1,2
"Coffee, Eggs, Milk",Sugar,0.0324,0.7431192660550459,2.8847797595304576,0.02116864,2.8900571428571427,"['Coffee', 'Eggs', 'Milk']",['Sugar'],3,1
"Eggs, Bread","Cheese, Butter",0.022,0.26190476190476186,2.8844136773652185,0.014372799999999998,1.2318193548387095,"['Eggs', 'Bread']","['Cheese', 'Butter']",2,2
"Cheese, Butter","Eggs, Bread",0.022,0.24229074889867838,2.8844136773652185,0.014372799999999998,1.208906976744186,"['Cheese', 'Butter']","['Eggs', 'Bread']",2,2
"Pasta, Water","Tomato Sauce, Bread",0.0204,0.2537313432835821,2.883310719131615,0.013324800000000001,1.22208,"['Pasta', 'Water']","['Tomato Sauce', 'Bread']",2,2
"Tomato Sauce, Bread","Pasta, Water",0.0204,0.23181818181818184,2.883310719131615,0.013324800000000001,1.1971124260355028,"['Tomato Sauce', 'Bread']","['Pasta', 'Water']",2,2
"Juice, Bread, Butter",Jam,0.0204,0.7285714285714286,2.882007233273056,0.0133216,2.7528421052631584,"['Juice', 'Bread', 'Butter']",['Jam'],3,1
"Tea, Baby Wipes",Cookies,0.0348,0.6904761904761905,2.881787105493282,0.022724159999999997,2.4566769230769228,"['Tea', 'Baby Wipes']",['Cookies'],2,1
"Coffee, Tomato Sauce",Sugar,0.0484,0.7423312883435583,2.881720839843006,0.031604480000000004,2.881219047619048,"['Coffee', 'Tomato Sauce']",['Sugar'],2,1
"Coffee, Tea, Milk",Sugar,0.0288,0.7422680412371133,2.881475315361465,0.01880512,2.880511999999999,"['Coffee', 'Tea', 'Milk']",['Sugar'],3,1
"Cheese, Sugar, Milk","Pasta, Tomato Sauce",0.0232,0.5,2.880184331797235,0.015144959999999999,1.6528,"['Cheese', 'Sugar', 'Milk']","['Pasta', 'Tomato Sauce']",3,2
"Tea, Jam, Butter",Cookies,0.0276,0.69,2.8797996661101832,0.018015999999999997,2.452903225806451,"['Tea', 'Jam', 'Butter']",['Cookies'],3,1
Tea,Cookies,0.16,0.689655172413793,2.87836048586725,0.1044128,2.4501777777777773,['Tea'],['Cookies'],1,1
Cookies,Tea,0.16,0.667779632721202,2.87836048586725,0.1044128,2.3117185929648243,['Cookies'],['Tea'],1,1
"Coffee, Milk, Bread",Sugar,0.0516,0.7413793103448276,2.878025273077747,0.03367104,2.8706133333333335,"['Coffee', 'Milk', 'Bread']",['Sugar'],3,1
Sugar,"Coffee, Milk, Bread",0.0516,0.2003105590062112,2.878025273077747,0.03367104,1.1634516504854369,['Sugar'],"['Coffee', 'Milk', 'Bread']",1,3
"Bread, Jam, Croissant",Butter,0.024,0.967741935483871,2.876759617966323,0.015657280000000003,20.571600000000018,"['Bread', 'Jam', 'Croissant']",['Butter'],3,1
"Pasta, Jam, Bread",Butter,0.0348,0.9666666666666667,2.873563218390805,0.022689599999999997,19.908000000000005,"['Pasta', 'Jam', 'Bread']",['Butter'],3,1
"Pasta, Cookies, Tomato Sauce",Tea,0.0256,0.6666666666666667,2.873563218390805,0.016691200000000003,2.3040000000000007,"['Pasta', 'Cookies', 'Tomato Sauce']",['Tea'],3,1
"Sugar, Tomato Sauce",Coffee,0.0484,0.7202380952380952,2.8717627401837924,0.03154624,2.677991489361702,"['Sugar', 'Tomato Sauce']",['Coffee'],2,1
"Pasta, Sugar, Tomato Sauce",Coffee,0.036,0.7199999999999999,2.8708133971291856,0.023459999999999995,2.6757142857142844,"['Pasta', 'Sugar', 'Tomato Sauce']",['Coffee'],3,1
"Tea, Croissant",Cookies,0.022,0.6875,2.8693656093489146,0.014332799999999998,2.43328,"['Tea', 'Croissant']",['Cookies'],2,1
"Coffee, Milk, Bread, Butter",Sugar,0.0408,0.7391304347826088,2.8692951660815558,0.026580480000000004,2.845866666666667,"['Coffee', 'Milk', 'Bread', 'Butter']",['Sugar'],4,1
"Sugar, Baby Wipes",Coffee,0.04,0.7194244604316548,2.868518582263376,0.02605552,2.6702256410256417,"['Sugar', 'Baby Wipes']",['Coffee'],2,1
"Coffee, Bread, Butter",Sugar,0.0532,0.7388888888888889,2.8683574879227054,0.0346528,2.843234042553192,"['Coffee', 'Bread', 'Butter']",['Sugar'],3,1
Sugar,"Coffee, Bread, Butter",0.0532,0.20652173913043478,2.8683574879227054,0.0346528,1.1695342465753427,['Sugar'],"['Coffee', 'Bread', 'Butter']",1,3
Tea,"Water, Cookies",0.066,0.28448275862068967,2.8677697441601784,0.0429856,1.2589493975903616,['Tea'],"['Water', 'Cookies']",1,2
"Water, Cookies",Tea,0.066,0.6653225806451614,2.867769744160178,0.0429856,2.294746987951808,"['Water', 'Cookies']",['Tea'],2,1
"Beer, Jam, Bread",Butter,0.0328,0.9647058823529412,2.8677344897530954,0.021362400000000004,18.802000000000007,"['Beer', 'Jam', 'Bread']",['Butter'],3,1
"Jam, Bread","Eggs, Butter",0.042,0.2282608695652174,2.867598863884641,0.027353600000000002,1.1926309859154929,"['Jam', 'Bread']","['Eggs', 'Butter']",2,2
"Eggs, Butter","Jam, Bread",0.042,0.5276381909547738,2.8675988638846404,0.027353600000000002,1.7274893617021276,"['Eggs', 'Butter']","['Jam', 'Bread']",2,2
"Cookies, Butter","Coffee, Bread",0.02,0.25906735751295334,2.8657893530193954,0.01302112,1.227641958041958,"['Cookies', 'Butter']","['Coffee', 'Bread']",2,2
"Coffee, Bread","Cookies, Butter",0.02,0.22123893805309736,2.8657893530193954,0.01302112,1.1849590909090908,"['Coffee', 'Bread']","['Cookies', 'Butter']",2,2
"Cheese, Coffee, Pasta",Sugar,0.0248,0.7380952380952381,2.865276545400769,0.016144640000000002,2.834618181818182,"['Cheese', 'Coffee', 'Pasta']",['Sugar'],3,1
"Cake, Jam, Bread",Butter,0.0212,0.9636363636363637,2.8645551832234357,0.013799200000000001,18.24900000000005,"['Cake', 'Jam', 'Bread']",['Butter'],3,1
"Cheese, Cookies",Tea,0.0412,0.6645161290322581,2.864293659621802,0.026816,2.2892307692307696,"['Cheese', 'Cookies']",['Tea'],2,1
"Coffee, Sugar, Jam, Bread",Butter,0.0316,0.9634146341463414,2.8638960586989937,0.02056608,18.138399999999983,"['Coffee', 'Sugar', 'Jam', 'Bread']",['Butter'],4,1
"Coffee, Pasta, Tomato Sauce",Sugar,0.036,0.7377049180327868,2.8637613277670297,0.023429119999999998,2.830399999999999,"['Coffee', 'Pasta', 'Tomato Sauce']",['Sugar'],3,1
"Water, Bread","Jam, Butter",0.0692,0.5290519877675841,2.8628354316427713,0.04502816,1.7309766233766235,"['Water', 'Bread']","['Jam', 'Butter']",2,2
"Jam, Butter","Water, Bread",0.0692,0.37445887445887444,2.862835431642771,0.04502816,1.3895169550173008,"['Jam', 'Butter']","['Water', 'Bread']",2,2
"Sugar, Milk, Butter","Jam, Bread",0.0276,0.5267175572519084,2.8625954198473282,0.0179584,1.7241290322580647,"['Sugar', 'Milk', 'Butter']","['Jam', 'Bread']",3,2
"Coffee, Pasta, Tomato Sauce, Milk",Sugar,0.0292,0.7373737373737373,2.862475688562645,0.018999040000000002,2.8268307692307686,"['Coffee', 'Pasta', 'Tomato Sauce', 'Milk']",['Sugar'],4,1
"Cheese, Bread, Jam, Tomato Sauce",Butter,0.0204,0.9622641509433963,2.8604760729589667,0.013268320000000002,17.585400000000053,"['Cheese', 'Bread', 'Jam', 'Tomato Sauce']",['Butter'],4,1
"Tea, Water, Butter",Cookies,0.02,0.684931506849315,2.8586456880188438,0.01300368,2.413443478260869,"['Tea', 'Water', 'Butter']",['Cookies'],3,1
"Tea, Water",Cookies,0.066,0.6846473029045643,2.857459527982322,0.042902560000000006,2.4112684210526316,"['Tea', 'Water']",['Cookies'],2,1
Cookies,"Tea, Water",0.066,0.27545909849749584,2.857459527982322,0.042902560000000006,1.2471345622119816,['Cookies'],"['Tea', 'Water']",1,2
"Coffee, Butter","Sugar, Water",0.0256,0.29357798165137616,2.8558169421340094,0.01663584,1.2700623376623377,"['Coffee', 'Butter']","['Sugar', 'Water']",2,2
"Sugar, Water","Coffee, Butter",0.0256,0.2490272373540856,2.8558169421340094,0.01663584,1.2154901554404145,"['Sugar', 'Water']","['Coffee', 'Butter']",2,2
"Cheese, Coffee, Tomato Sauce",Sugar,0.0256,0.7356321839080461,2.855714999643036,0.01663552,2.8082086956521746,"['Cheese', 'Coffee', 'Tomato Sauce']",['Sugar'],3,1
"Tea, Jam, Bread, Butter",Cookies,0.026,0.6842105263157895,2.855636587294614,0.0168952,2.4079333333333333,"['Tea', 'Jam', 'Bread', 'Butter']",['Cookies'],4,1
"Tea, Milk",Cookies,0.0624,0.6842105263157894,2.8556365872946134,0.04054848,2.4079333333333324,"['Tea', 'Milk']",['Cookies'],2,1
Cookies,"Tea, Milk",0.0624,0.26043405676126874,2.8556365872946134,0.04054848,1.228828893905192,['Cookies'],"['Tea', 'Milk']",1,2
"Coffee, Sugar, Milk, Butter","Jam, Bread",0.0248,0.5254237288135594,2.855563743551953,0.0161152,1.7194285714285718,"['Coffee', 'Sugar', 'Milk', 'Butter']","['Jam', 'Bread']",4,2
"Tea, Jam, Bread",Butter,0.038,0.9595959595959594,2.8525444696669426,0.02467856,16.42409999999994,"['Tea', 'Jam', 'Bread']",['Butter'],3,1
"Jam, Diapers, Bread",Butter,0.0284,0.9594594594594594,2.8521387023170615,0.018442560000000004,16.368799999999986,"['Jam', 'Diapers', 'Bread']",['Butter'],3,1
"Water, Milk, Jam, Bread",Butter,0.0284,0.9594594594594594,2.8521387023170615,0.018442560000000004,16.368799999999986,"['Water', 'Milk', 'Jam', 'Bread']",['Butter'],4,1
"Pasta, Bread, Jam, Tomato Sauce",Butter,0.0284,0.9594594594594594,2.8521387023170615,0.018442560000000004,16.368799999999986,"['Pasta', 'Bread', 'Jam', 'Tomato Sauce']",['Butter'],4,1
"Coffee, Pasta",Sugar,0.0432,0.7346938775510204,2.852072506021042,0.02805312,2.7982769230769233,"['Coffee', 'Pasta']",['Sugar'],2,1
"Coffee, Milk, Bread","Sugar, Water",0.0204,0.2931034482758621,2.851200858714612,0.013245120000000003,1.269209756097561,"['Coffee', 'Milk', 'Bread']","['Sugar', 'Water']",3,2
Butter,"Jam, Bread",0.1764,0.5243757431629014,2.8498681693635945,0.1145024,1.7156400000000003,['Butter'],"['Jam', 'Bread']",1,2
"Jam, Bread",Butter,0.1764,0.9586956521739131,2.849868169363594,0.1145024,16.0661052631579,"['Jam', 'Bread']",['Butter'],2,1
"Tea, Cookies, Butter","Jam, Bread",0.026,0.5241935483870968,2.8488779803646564,0.0168736,1.7149830508474577,"['Tea', 'Cookies', 'Butter']","['Jam', 'Bread']",3,2
"Sugar, Diapers, Baby Wipes",Coffee,0.026,0.7142857142857142,2.848029163818637,0.016870879999999998,2.622199999999999,"['Sugar', 'Diapers', 'Baby Wipes']",['Coffee'],3,1
"Yogurt, Jam, Bread",Butter,0.0356,0.956989247311828,2.8447956222111417,0.023085920000000003,15.428700000000013,"['Yogurt', 'Jam', 'Bread']",['Butter'],3,1
"Baby Wipes, Butter","Water, Bread",0.0244,0.3719512195121951,2.843663757738495,0.01581952,1.3839689320388349,"['Baby Wipes', 'Butter']","['Water', 'Bread']",2,2
"Tea, Butter",Cookies,0.0496,0.6813186813186812,2.8435671173567663,0.03215712,2.386082758620689,"['Tea', 'Butter']",['Cookies'],2,1
Cookies,"Tea, Butter",0.0496,0.2070116861435726,2.8435671173567663,0.03215712,1.169248,['Cookies'],"['Tea', 'Butter']",1,2
"Coffee, Tomato Sauce, Milk",Sugar,0.0372,0.732283464566929,2.8427153127598177,0.024113919999999997,2.7730823529411754,"['Coffee', 'Tomato Sauce', 'Milk']",['Sugar'],3,1
"Coffee, Jam, Bread",Butter,0.0436,0.956140350877193,2.8422721488620484,0.02826016,15.13007999999999,"['Coffee', 'Jam', 'Bread']",['Butter'],3,1
"Jam, Milk, Butter","Water, Bread",0.0284,0.37172774869109954,2.8419552652224733,0.01840688,1.3834766666666667,"['Jam', 'Milk', 'Butter']","['Water', 'Bread']",3,2
"Water, Bread","Jam, Milk, Butter",0.0284,0.21712538226299696,2.8419552652224733,0.01840688,1.1797546875,"['Water', 'Bread']","['Jam', 'Milk', 'Butter']",2,3
Sugar,Coffee,0.1836,0.7127329192546584,2.841837796071206,0.11899392,2.608025945945946,['Sugar'],['Coffee'],1,1
Coffee,Sugar,0.1836,0.7320574162679425,2.8418377960712053,0.11899392,2.770742857142856,['Coffee'],['Sugar'],1,1
"Sugar, Jam, Bread",Butter,0.0424,0.954954954954955,2.8387483797709723,0.02746384,14.731920000000004,"['Sugar', 'Jam', 'Bread']",['Butter'],3,1
"Sugar, Cookies",Coffee,0.0484,0.7117647058823529,2.83797729618163,0.031345599999999994,2.599265306122448,"['Sugar', 'Cookies']",['Coffee'],2,1
"Sugar, Diapers",Coffee,0.0316,0.7117117117117118,2.8377659956607326,0.02046448,2.5987875000000003,"['Sugar', 'Diapers']",['Coffee'],2,1
"Eggs, Jam, Bread",Butter,0.042,0.9545454545454547,2.8375310777213283,0.027198400000000005,14.599200000000048,"['Eggs', 'Jam', 'Bread']",['Butter'],3,1
"Tea, Butter","Jam, Bread",0.038,0.5219780219780219,2.8368370759675106,0.024604799999999996,1.7070344827586206,"['Tea', 'Butter']","['Jam', 'Bread']",2,2
"Jam, Bread","Tea, Butter",0.038,0.20652173913043478,2.8368370759675106,0.024604799999999996,1.1685260273972604,"['Jam', 'Bread']","['Tea', 'Butter']",2,2
"Jam, Sugar, Bread, Coffee, Milk",Butter,0.0248,0.9538461538461539,2.8354523003750116,0.0160536,14.378000000000016,"['Jam', 'Sugar', 'Bread', 'Coffee', 'Milk']",['Butter'],5,1
"Sugar, Croissant",Coffee,0.0256,0.7111111111111112,2.835371256423888,0.0165712,2.5933846153846165,"['Sugar', 'Croissant']",['Coffee'],2,1
"Coffee, Water, Milk",Sugar,0.052,0.7303370786516854,2.835159466815549,0.03365888,2.7530666666666668,"['Coffee', 'Water', 'Milk']",['Sugar'],3,1
Sugar,"Coffee, Water, Milk",0.052,0.20186335403726707,2.835159466815549,0.03365888,1.1637105058365758,['Sugar'],"['Coffee', 'Water', 'Milk']",1,3
"Rice, Jam","Bread, Butter",0.0232,0.763157894736842,2.8349104559318055,0.015016319999999998,3.085599999999999,"['Rice', 'Jam']","['Bread', 'Butter']",2,2
"Coffee, Bread",Sugar,0.066,0.7300884955752214,2.8341944704007043,0.04271296000000001,2.750531147540985,"['Coffee', 'Bread']",['Sugar'],2,1
Sugar,"Coffee, Bread",0.066,0.2562111801242236,2.834194470400704,0.04271296000000001,1.2229277661795406,['Sugar'],"['Coffee', 'Bread']",1,2
"Cake, Bread, Butter",Jam,0.0212,0.7162162162162162,2.83313376667807,0.01371712,2.6329904761904763,"['Cake', 'Bread', 'Butter']",['Jam'],3,1
"Yogurt, Bread","Jam, Butter",0.0356,0.5235294117647058,2.8329513623631266,0.0230336,1.7109135802469133,"['Yogurt', 'Bread']","['Jam', 'Butter']",2,2
"Water, Jam, Bread","Milk, Butter",0.0284,0.39887640449438205,2.8329290091930543,0.018375040000000002,1.4293233644859813,"['Water', 'Jam', 'Bread']","['Milk', 'Butter']",3,2
"Milk, Butter","Water, Jam, Bread",0.0284,0.20170454545454544,2.832929009193054,0.018375040000000002,1.1634790035587188,"['Milk', 'Butter']","['Water', 'Jam', 'Bread']",2,3
"Rice, Bread, Butter",Jam,0.0232,0.7160493827160493,2.832473824035005,0.015009279999999998,2.631443478260869,"['Rice', 'Bread', 'Butter']",['Jam'],3,1
"Bread, Jam, Tomato Sauce",Butter,0.0404,0.9528301886792453,2.832432189890741,0.02613664,14.068320000000002,"['Bread', 'Jam', 'Tomato Sauce']",['Butter'],3,1
"Milk, Jam, Bread",Butter,0.0724,0.9526315789473685,2.831841792352463,0.04683360000000001,14.009333333333355,"['Milk', 'Jam', 'Bread']",['Butter'],3,1
Butter,"Milk, Jam, Bread",0.0724,0.2152199762187872,2.831841792352463,0.04683360000000001,1.1774,['Butter'],"['Milk', 'Jam', 'Bread']",1,3
"Jam, Bread, Coffee, Milk, Butter",Sugar,0.0248,0.7294117647058823,2.8315674095725245,0.016041599999999996,2.743652173913043,"['Jam', 'Bread', 'Coffee', 'Milk', 'Butter']",['Sugar'],5,1
"Soda, Jam, Bread",Butter,0.048,0.9523809523809524,2.8310967668874927,0.03104544,13.935600000000017,"['Soda', 'Jam', 'Bread']",['Butter'],3,1
"Tea, Bread, Butter",Cookies,0.0396,0.678082191780822,2.8300592311386557,0.025607360000000003,2.362093617021277,"['Tea', 'Bread', 'Butter']",['Cookies'],3,1
Tea,"Cookies, Bread",0.0512,0.2206896551724138,2.8293545534924847,0.033104,1.1830973451327433,['Tea'],"['Cookies', 'Bread']",1,2
"Cookies, Bread",Tea,0.0512,0.6564102564102564,2.829354553492484,0.033104,2.235223880597015,"['Cookies', 'Bread']",['Tea'],2,1
"Cheese, Coffee, Tomato Sauce, Milk",Sugar,0.0204,0.7285714285714286,2.8283052351375337,0.013187200000000001,2.735157894736843,"['Cheese', 'Coffee', 'Tomato Sauce', 'Milk']",['Sugar'],4,1
"Rice, Jam, Bread",Butter,0.0232,0.9508196721311474,2.8264556246466928,0.014991839999999998,13.493199999999954,"['Rice', 'Jam', 'Bread']",['Butter'],3,1
"Cheese, Jam, Bread",Butter,0.0464,0.9508196721311474,2.8264556246466928,0.029983679999999995,13.493199999999954,"['Cheese', 'Jam', 'Bread']",['Butter'],3,1
"Beer, Sugar",Coffee,0.034,0.7083333333333334,2.824295587453482,0.0219616,2.5686857142857145,"['Beer', 'Sugar']",['Coffee'],2,1
"Bread, Croissant","Jam, Butter",0.024,0.5217391304347826,2.82326369282891,0.015499200000000001,1.704509090909091,"['Bread', 'Croissant']","['Jam', 'Butter']",2,2
"Jam, Bread, Cookies",Butter,0.0372,0.9489795918367346,2.820985707005751,0.02401312,13.006559999999984,"['Jam', 'Bread', 'Cookies']",['Butter'],3,1
"Beer, Jam","Bread, Butter",0.0328,0.7592592592592593,2.8204281547520775,0.021170560000000005,3.0356307692307696,"['Beer', 'Jam']","['Bread', 'Butter']",2,2
"Beer, Jam, Butter",Bread,0.0328,0.9761904761904764,2.8181018365775876,0.021160960000000006,27.451200000000224,"['Beer', 'Jam', 'Butter']",['Bread'],3,1
"Sugar, Cookies","Coffee, Milk",0.0364,0.5352941176470588,2.8173374613003097,0.02348,1.7430379746835443,"['Sugar', 'Cookies']","['Coffee', 'Milk']",2,2
"Coffee, Sugar, Jam, Butter",Bread,0.0316,0.9753086419753088,2.8155561257947714,0.020376640000000005,26.470800000000118,"['Coffee', 'Sugar', 'Jam', 'Butter']",['Bread'],4,1
"Coffee, Jam, Bread, Butter",Sugar,0.0316,0.724770642201835,2.8135506296655084,0.020368640000000004,2.6973866666666675,"['Coffee', 'Jam', 'Bread', 'Butter']",['Sugar'],4,1
Sugar,"Coffee, Milk",0.1376,0.5341614906832298,2.8113762667538413,0.088656,1.7388000000000001,['Sugar'],"['Coffee', 'Milk']",1,2
"Coffee, Milk",Sugar,0.1376,0.7242105263157894,2.811376266753841,0.088656,2.6919083969465643,"['Coffee', 'Milk']",['Sugar'],2,1
"Diapers, Bread, Jam, Baby Wipes",Butter,0.0208,0.9454545454545454,2.8105069722192195,0.0133992,12.165999999999995,"['Diapers', 'Bread', 'Jam', 'Baby Wipes']",['Butter'],4,1
"Milk, Sugar, Jam, Bread",Butter,0.0276,0.9452054794520548,2.809766585767107,0.01777712,12.1107,"['Milk', 'Sugar', 'Jam', 'Bread']",['Butter'],4,1
"Beer, Bread","Jam, Butter",0.0328,0.5189873417721519,2.8083730615376186,0.021120640000000003,1.6947578947368422,"['Beer', 'Bread']","['Jam', 'Butter']",2,2
"Jam, Diapers, Butter",Bread,0.0284,0.9726027397260274,2.8077446296940747,0.018285120000000002,23.8564,"['Jam', 'Diapers', 'Butter']",['Bread'],3,1
"Coffee, Milk, Jam, Bread",Butter,0.034,0.9444444444444445,2.807504293830097,0.021889600000000002,11.944800000000019,"['Coffee', 'Milk', 'Jam', 'Bread']",['Butter'],4,1
"Beer, Sugar","Coffee, Milk",0.0256,0.5333333333333333,2.807017543859649,0.01648,1.7357142857142858,"['Beer', 'Sugar']","['Coffee', 'Milk']",2,2
"Water, Butter","Jam, Bread",0.0692,0.5164179104477612,2.8066190785204412,0.044544,1.6874074074074075,"['Water', 'Butter']","['Jam', 'Bread']",2,2
"Jam, Bread","Water, Butter",0.0692,0.3760869565217391,2.8066190785204412,0.044544,1.3880139372822298,"['Jam', 'Bread']","['Water', 'Butter']",2,2
"Sugar, Jam, Milk, Butter",Bread,0.0276,0.9718309859154929,2.8055167029892982,0.01776224,23.20279999999994,"['Sugar', 'Jam', 'Milk', 'Butter']",['Bread'],4,1
"Yogurt, Sugar","Coffee, Milk",0.0324,0.5328947368421052,2.804709141274238,0.020848,1.7340845070422535,"['Yogurt', 'Sugar']","['Coffee', 'Milk']",2,2
"Coffee, Milk, Jam, Bread",Sugar,0.026,0.7222222222222222,2.803657694962043,0.0167264,2.67264,"['Coffee', 'Milk', 'Jam', 'Bread']",['Sugar'],4,1
"Jam, Tomato Sauce, Butter",Bread,0.0404,0.9711538461538461,2.803561911529579,0.02598976,22.658133333333325,"['Jam', 'Tomato Sauce', 'Butter']",['Bread'],3,1
"Tea, Jam, Bread, Cookies",Butter,0.026,0.9420289855072463,2.800323975943063,0.01671536,11.447099999999992,"['Tea', 'Jam', 'Bread', 'Cookies']",['Butter'],4,1
"Coffee, Milk, Butter","Jam, Bread",0.034,0.5151515151515151,2.7997364953886694,0.021856,1.683,"['Coffee', 'Milk', 'Butter']","['Jam', 'Bread']",3,2
"Jam, Baby Wipes, Butter",Bread,0.038,0.9693877551020408,2.798463496253005,0.024421119999999998,21.35093333333331,"['Jam', 'Baby Wipes', 'Butter']",['Bread'],3,1
"Sugar, Water","Coffee, Bread",0.026,0.2529182879377432,2.7977686718776904,0.01670688,1.2175375,"['Sugar', 'Water']","['Coffee', 'Bread']",2,2
"Coffee, Bread","Sugar, Water",0.026,0.28761061946902655,2.79776867187769,0.01670688,1.259423602484472,"['Coffee', 'Bread']","['Sugar', 'Water']",2,2
"Sugar, Diapers","Coffee, Milk",0.0236,0.5315315315315315,2.797534376481745,0.015163999999999999,1.7290384615384617,"['Sugar', 'Diapers']","['Coffee', 'Milk']",2,2
Cookies,"Tea, Bread",0.0512,0.21368948247078465,2.7969827548532025,0.03289456,1.17459957537155,['Cookies'],"['Tea', 'Bread']",1,2
"Tea, Bread",Cookies,0.0512,0.6701570680628273,2.796982754853202,0.03289456,2.3053396825396826,"['Tea', 'Bread']",['Cookies'],2,1
"Jam, Sugar, Coffee, Milk, Butter",Bread,0.0248,0.9687499999999999,2.796622401847575,0.01593216,20.915199999999924,"['Jam', 'Sugar', 'Coffee', 'Milk', 'Butter']",['Bread'],5,1
"Beer, Bread, Butter",Jam,0.0328,0.706896551724138,2.7962680052378874,0.021070080000000005,2.5492705882352946,"['Beer', 'Bread', 'Butter']",['Jam'],3,1
"Water, Milk, Butter","Jam, Bread",0.0284,0.5144927536231885,2.7961562696912416,0.0182432,1.6807164179104481,"['Water', 'Milk', 'Butter']","['Jam', 'Bread']",3,2
"Pasta, Tomato Sauce, Butter","Jam, Bread",0.0284,0.5144927536231885,2.7961562696912416,0.0182432,1.6807164179104481,"['Pasta', 'Tomato Sauce', 'Butter']","['Jam', 'Bread']",3,2
"Bread, Jam, Baby Wipes",Butter,0.038,0.9405940594059407,2.7960584405646274,0.02440944,11.170600000000011,"['Bread', 'Jam', 'Baby Wipes']",['Butter'],3,1
"Coffee, Rice",Sugar,0.0216,0.7200000000000001,2.7950310559006213,0.013872000000000002,2.651428571428572,"['Coffee', 'Rice']",['Sugar'],2,1
"Tea, Sugar, Cookies",Coffee,0.03,0.7009345794392523,2.7947949738407187,0.01926576,2.5051374999999996,"['Tea', 'Sugar', 'Cookies']",['Coffee'],3,1
"Jam, Bread","Milk, Butter",0.0724,0.3934782608695653,2.7945899209486167,0.0464928,1.4166021505376345,"['Jam', 'Bread']","['Milk', 'Butter']",2,2
"Milk, Butter","Jam, Bread",0.0724,0.5142045454545454,2.7945899209486162,0.0464928,1.679719298245614,"['Milk', 'Butter']","['Jam', 'Bread']",2,2
"Jam, Croissant, Butter",Bread,0.024,0.967741935483871,2.7937122848841542,0.015409280000000001,20.261600000000016,"['Jam', 'Croissant', 'Butter']",['Bread'],3,1
"Coffee, Jam, Bread",Sugar,0.0328,0.7192982456140351,2.792306854091751,0.021053440000000003,2.6448,"['Coffee', 'Jam', 'Bread']",['Sugar'],3,1
"Pasta, Jam, Butter",Bread,0.0348,0.9666666666666667,2.790608160123172,0.022329599999999998,19.608000000000004,"['Pasta', 'Jam', 'Butter']",['Bread'],3,1
"Rice, Jam, Butter",Bread,0.0232,0.9666666666666666,2.7906081601231714,0.0148864,19.607999999999937,"['Rice', 'Jam', 'Butter']",['Bread'],3,1
"Cookies, Bread, Butter",Tea,0.0396,0.6470588235294118,2.789046653144016,0.025401600000000003,2.176,"['Cookies', 'Bread', 'Butter']",['Tea'],3,1
"Cookies, Croissant",Tea,0.022,0.6470588235294117,2.7890466531440157,0.014111999999999998,2.1759999999999997,"['Cookies', 'Croissant']",['Tea'],2,1
"Cheese, Coffee, Sugar","Pasta, Tomato Sauce",0.0244,0.48412698412698413,2.7887499085655767,0.01565056,1.6019446153846155,"['Cheese', 'Coffee', 'Sugar']","['Pasta', 'Tomato Sauce']",3,2
"Milk, Jam, Bread","Water, Butter",0.0284,0.37368421052631584,2.7886881382560884,0.018216000000000003,1.3826890756302521,"['Milk', 'Jam', 'Bread']","['Water', 'Butter']",3,2
"Water, Butter","Milk, Jam, Bread",0.0284,0.21194029850746268,2.788688138256088,0.018216000000000003,1.1725,"['Water', 'Butter']","['Milk', 'Jam', 'Bread']",2,3
"Cake, Jam, Butter",Bread,0.0212,0.9636363636363637,2.7818601721604037,0.0135792,17.974000000000046,"['Cake', 'Jam', 'Butter']",['Bread'],3,1
"Sugar, Jam, Butter",Bread,0.0424,0.9636363636363637,2.7818601721604037,0.0271584,17.974000000000046,"['Sugar', 'Jam', 'Butter']",['Bread'],3,1
"Diapers, Bread, Butter",Jam,0.0284,0.702970297029703,2.780736934452939,0.018186880000000002,2.5155733333333337,"['Diapers', 'Bread', 'Butter']",['Jam'],3,1
"Diapers, Jam, Baby Wipes, Butter",Bread,0.0208,0.9629629629629629,2.7799161748353436,0.013317759999999998,17.647199999999973,"['Diapers', 'Jam', 'Baby Wipes', 'Butter']",['Bread'],4,1
"Tomato Sauce, Butter","Coffee, Bread",0.0212,0.25118483412322273,2.7785932978232606,0.01357024,1.214718987341772,"['Tomato Sauce', 'Butter']","['Coffee', 'Bread']",2,2
"Coffee, Bread","Tomato Sauce, Butter",0.0212,0.2345132743362832,2.7785932978232606,0.01357024,1.1961017341040463,"['Coffee', 'Bread']","['Tomato Sauce', 'Butter']",2,2
"Coffee, Butter",Sugar,0.0624,0.7155963302752293,2.777936064733033,0.03993728,2.6103741935483864,"['Coffee', 'Butter']",['Sugar'],2,1
Sugar,"Coffee, Butter",0.0624,0.24223602484472048,2.777936064733033,0.03993728,1.2045967213114754,['Sugar'],"['Coffee', 'Butter']",1,2
"Cookies, Baby Wipes",Tea,0.0348,0.6444444444444444,2.7777777777777772,0.022271999999999997,2.1599999999999997,"['Cookies', 'Baby Wipes']",['Tea'],2,1
"Cheese, Butter","Jam, Bread",0.0464,0.5110132158590308,2.777245738364298,0.029692799999999995,1.6687567567567567,"['Cheese', 'Butter']","['Jam', 'Bread']",2,2
"Jam, Bread","Cheese, Butter",0.0464,0.25217391304347825,2.777245738364298,0.029692799999999995,1.2157906976744186,"['Jam', 'Bread']","['Cheese', 'Butter']",2,2
"Coffee, Milk, Butter",Sugar,0.0472,0.7151515151515151,2.7762092979484283,0.030198399999999997,2.606297872340425,"['Coffee', 'Milk', 'Butter']",['Sugar'],3,1
"Cheese, Tomato Sauce, Butter","Jam, Bread",0.0204,0.51,2.7717391304347827,0.013040000000000001,1.6653061224489798,"['Cheese', 'Tomato Sauce', 'Butter']","['Jam', 'Bread']",3,2
"Soda, Jam, Butter",Bread,0.048,0.96,2.771362586605081,0.030680000000000002,16.339999999999986,"['Soda', 'Jam', 'Butter']",['Bread'],3,1
"Pasta, Jam, Tomato Sauce, Butter",Bread,0.0284,0.9594594594594594,2.7698021346982085,0.01814656,16.12213333333332,"['Pasta', 'Jam', 'Tomato Sauce', 'Butter']",['Bread'],4,1
"Sugar, Butter","Jam, Bread",0.0424,0.5096153846153847,2.7696488294314388,0.027091200000000003,1.6640000000000004,"['Sugar', 'Butter']","['Jam', 'Bread']",2,2
"Jam, Bread","Sugar, Butter",0.0424,0.23043478260869565,2.7696488294314383,0.027091200000000003,1.1913220338983053,"['Jam', 'Bread']","['Sugar', 'Butter']",2,2
"Water, Cookies","Tea, Butter",0.02,0.20161290322580647,2.7694080113434953,0.01277824,1.1613414141414142,"['Water', 'Cookies']","['Tea', 'Butter']",2,2
"Tea, Butter","Water, Cookies",0.02,0.2747252747252747,2.769408011343495,0.01277824,1.2420121212121211,"['Tea', 'Butter']","['Water', 'Cookies']",2,2
"Cookies, Butter",Tea,0.0496,0.6424870466321243,2.769340718241915,0.0316896,2.148173913043478,"['Cookies', 'Butter']",['Tea'],2,1
Tea,"Cookies, Butter",0.0496,0.21379310344827585,2.769340718241915,0.0316896,1.173736842105263,['Tea'],"['Cookies', 'Butter']",1,2
"Sugar, Baby Wipes","Coffee, Milk",0.0292,0.525179856115108,2.7641045058689895,0.018636,1.7059090909090913,"['Sugar', 'Baby Wipes']","['Coffee', 'Milk']",2,2
"Diapers, Bread","Jam, Butter",0.0284,0.5107913669064749,2.7640225481952103,0.01812512,1.6663647058823532,"['Diapers', 'Bread']","['Jam', 'Butter']",2,2
"Bread, Baby Wipes, Butter",Jam,0.038,0.698529411764706,2.763170141474311,0.02424768,2.478517073170732,"['Bread', 'Baby Wipes', 'Butter']",['Jam'],3,1
"Coffee, Butter","Tomato Sauce, Bread",0.0212,0.24311926605504589,2.7627189324437036,0.013526400000000001,1.2049454545454545,"['Coffee', 'Butter']","['Tomato Sauce', 'Bread']",2,2
"Tomato Sauce, Bread","Coffee, Butter",0.0212,0.24090909090909093,2.7627189324437036,0.013526400000000001,1.202491017964072,"['Tomato Sauce', 'Bread']","['Coffee', 'Butter']",2,2
"Cheese, Sugar","Pasta, Tomato Sauce",0.0328,0.4795321637426901,2.7622820492090443,0.02092576,1.5878022471910116,"['Cheese', 'Sugar']","['Pasta', 'Tomato Sauce']",2,2
"Coffee, Jam, Milk, Butter",Sugar,0.0256,0.7111111111111112,2.760524499654935,0.0163264,2.569846153846155,"['Coffee', 'Jam', 'Milk', 'Butter']",['Sugar'],4,1
"Coffee, Jam, Butter",Bread,0.0436,0.956140350877193,2.760220412463028,0.02780416,14.902079999999991,"['Coffee', 'Jam', 'Butter']",['Bread'],3,1
"Coffee, Jam, Butter",Sugar,0.0324,0.7105263157894737,2.758254331480876,0.02065344,2.564654545454545,"['Coffee', 'Jam', 'Butter']",['Sugar'],3,1
"Juice, Jam, Bread",Butter,0.0204,0.9272727272727274,2.756458761215004,0.012999200000000002,9.12450000000001,"['Juice', 'Jam', 'Bread']",['Butter'],3,1
"Jam, Butter",Bread,0.1764,0.9545454545454546,2.7556162082720976,0.11238528,14.379200000000012,"['Jam', 'Butter']",['Bread'],2,1
Bread,"Jam, Butter",0.1764,0.5092378752886836,2.7556162082720976,0.11238528,1.6610898823529412,['Bread'],"['Jam', 'Butter']",1,2
"Coffee, Sugar, Butter","Jam, Bread",0.0316,0.5064102564102565,2.752229654403568,0.0201184,1.6531948051948056,"['Coffee', 'Sugar', 'Butter']","['Jam', 'Bread']",3,2
"Soda, Butter","Jam, Bread",0.048,0.5063291139240507,2.75178866263071,0.030556800000000002,1.6529230769230772,"['Soda', 'Butter']","['Jam', 'Bread']",2,2
"Jam, Bread","Soda, Butter",0.048,0.2608695652173913,2.75178866263071,0.030556800000000002,1.2246823529411766,"['Jam', 'Bread']","['Soda', 'Butter']",2,2
"Tea, Cookies, Bread","Jam, Butter",0.026,0.5078125,2.7479031385281387,0.01653824,1.6562793650793652,"['Tea', 'Cookies', 'Bread']","['Jam', 'Butter']",3,2
"Pasta, Eggs, Tomato Sauce",Cheese,0.0284,0.7473684210526317,2.7436432490918934,0.018048800000000004,2.8800833333333347,"['Pasta', 'Eggs', 'Tomato Sauce']",['Cheese'],3,1
"Tea, Jam, Butter",Bread,0.038,0.95,2.7424942263279446,0.024144,13.071999999999987,"['Tea', 'Jam', 'Butter']",['Bread'],3,1
"Cookies, Jam, Butter",Bread,0.0372,0.9489795918367346,2.739548475279257,0.023621119999999995,12.810559999999985,"['Cookies', 'Jam', 'Butter']",['Bread'],3,1
"Coffee, Jam",Sugar,0.046,0.7055214723926381,2.7388255915863278,0.02920448,2.521066666666667,"['Coffee', 'Jam']",['Sugar'],2,1
"Jam, Milk, Butter",Bread,0.0724,0.9476439790575918,2.735692780189353,0.04593504000000001,12.48376000000004,"['Jam', 'Milk', 'Butter']",['Bread'],3,1
Bread,"Jam, Milk, Butter",0.0724,0.20900692840646654,2.735692780189353,0.04593504000000001,1.1676461313868614,['Bread'],"['Jam', 'Milk', 'Butter']",1,3
"Yogurt, Jam, Butter",Bread,0.0356,0.9468085106382979,2.733280919856518,0.02257536,12.287679999999995,"['Yogurt', 'Jam', 'Butter']",['Bread'],3,1
"Water, Jam, Milk, Butter",Bread,0.0284,0.9466666666666668,2.7328714395688998,0.018008000000000003,12.255000000000022,"['Water', 'Jam', 'Milk', 'Butter']",['Bread'],4,1
"Cheese, Coffee",Sugar,0.0504,0.7039106145251397,2.732572261355356,0.03195584,2.5073509433962267,"['Cheese', 'Coffee']",['Sugar'],2,1
"Eggs, Jam, Butter",Bread,0.042,0.9459459459459459,2.730790837026403,0.026619840000000002,12.091599999999998,"['Eggs', 'Jam', 'Butter']",['Bread'],3,1
"Sugar, Water",Coffee,0.0704,0.6848249027237354,2.730561813093044,0.044617760000000006,2.3770913580246913,"['Sugar', 'Water']",['Coffee'],2,1
Coffee,"Sugar, Water",0.0704,0.2807017543859649,2.730561813093044,0.044617760000000006,1.2473268292682926,['Coffee'],"['Sugar', 'Water']",1,2
"Jam, Water, Butter",Bread,0.0692,0.9453551912568305,2.729085425106324,0.04384352,11.960879999999985,"['Jam', 'Water', 'Butter']",['Bread'],3,1
"Yogurt, Sugar",Coffee,0.0416,0.6842105263157895,2.728112146394695,0.026351359999999997,2.372466666666667,"['Yogurt', 'Sugar']",['Coffee'],2,1
"Eggs, Jam","Bread, Butter",0.042,0.7342657342657343,2.7275844512100087,0.026601760000000002,2.7501157894736843,"['Eggs', 'Jam']","['Bread', 'Butter']",2,2
"Cheese, Tea, Cookies",Wine,0.02,0.4854368932038835,2.7271735573251883,0.012666400000000001,1.5974716981132078,"['Cheese', 'Tea', 'Cookies']",['Wine'],3,1
"Coffee, Jam, Milk, Butter",Bread,0.034,0.9444444444444445,2.7264562483962025,0.021529600000000003,11.764800000000017,"['Coffee', 'Jam', 'Milk', 'Butter']",['Bread'],4,1
"Cheese, Jam, Tomato Sauce, Butter",Bread,0.0204,0.9444444444444444,2.726456248396202,0.01291776,11.764799999999994,"['Cheese', 'Jam', 'Tomato Sauce', 'Butter']",['Bread'],4,1
"Coffee, Jam, Milk",Sugar,0.0348,0.7016129032258064,2.7236525746343414,0.02202304,2.4880432432432427,"['Coffee', 'Jam', 'Milk']",['Sugar'],3,1
"Cookies, Milk, Butter",Tea,0.0212,0.630952380952381,2.7196223316912973,0.013404800000000001,2.081032258064517,"['Cookies', 'Milk', 'Butter']",['Tea'],3,1
"Butter, Tea, Jam, Cookies",Bread,0.026,0.9420289855072463,2.719483214512836,0.01643936,11.274599999999992,"['Butter', 'Tea', 'Jam', 'Cookies']",['Bread'],4,1
"Jam, Milk","Water, Bread, Butter",0.0284,0.27626459143968873,2.7191396795244955,0.017955520000000003,1.2413376344086022,"['Jam', 'Milk']","['Water', 'Bread', 'Butter']",2,3
"Water, Bread, Butter","Jam, Milk",0.0284,0.2795275590551181,2.719139679524495,0.017955520000000003,1.2452939890710382,"['Water', 'Bread', 'Butter']","['Jam', 'Milk']",3,2
"Cheese, Coffee, Milk","Pasta, Tomato Sauce",0.0268,0.47183098591549294,2.7179204257804894,0.01693952,1.5646506666666669,"['Cheese', 'Coffee', 'Milk']","['Pasta', 'Tomato Sauce']",3,2
"Pasta, Diapers, Tomato Sauce",Cheese,0.0228,0.7402597402597403,2.7175467704102068,0.01441008,2.8012600000000005,"['Pasta', 'Diapers', 'Tomato Sauce']",['Cheese'],3,1
"Coffee, Butter","Jam, Bread",0.0436,0.5,2.717391304347826,0.027555200000000002,1.6320000000000001,"['Coffee', 'Butter']","['Jam', 'Bread']",2,2
"Jam, Bread","Coffee, Butter",0.0436,0.23695652173913043,2.717391304347826,0.027555200000000002,1.1962621082621083,"['Jam', 'Bread']","['Coffee', 'Butter']",2,2
"Wine, Jam, Butter",Bread,0.0256,0.9411764705882354,2.717022143730472,0.016177920000000002,11.111200000000018,"['Wine', 'Jam', 'Butter']",['Bread'],3,1
"Soda, Bread","Jam, Butter",0.048,0.502092050209205,2.7169483236428844,0.03033312,1.6372504201680673,"['Soda', 'Bread']","['Jam', 'Butter']",2,2
"Jam, Butter","Soda, Bread",0.048,0.25974025974025977,2.7169483236428844,0.03033312,1.2217333333333336,"['Jam', 'Butter']","['Soda', 'Bread']",2,2
"Yogurt, Pasta, Tomato Sauce",Cheese,0.0272,0.7391304347826086,2.713401008746728,0.01717568,2.789133333333333,"['Yogurt', 'Pasta', 'Tomato Sauce']",['Cheese'],3,1
"Jam, Butter","Milk, Bread",0.0724,0.39177489177489183,2.7131225192167023,0.045714880000000006,1.4067160142348756,"['Jam', 'Butter']","['Milk', 'Bread']",2,2
"Milk, Bread","Jam, Butter",0.0724,0.5013850415512465,2.713122519216702,0.045714880000000006,1.6349288888888889,"['Milk', 'Bread']","['Jam', 'Butter']",2,2
"Sugar, Cookies",Tea,0.0428,0.6294117647058822,2.712981744421906,0.027023999999999996,2.0723809523809518,"['Sugar', 'Cookies']",['Tea'],2,1
"Cheese, Coffee, Milk",Sugar,0.0396,0.6971830985915494,2.706456128072785,0.024968320000000002,2.4516465116279074,"['Cheese', 'Coffee', 'Milk']",['Sugar'],3,1
"Eggs, Bread","Jam, Butter",0.042,0.5,2.705627705627706,0.0264768,1.6304,"['Eggs', 'Bread']","['Jam', 'Butter']",2,2
"Milk, Water, Bread","Jam, Butter",0.0284,0.5,2.705627705627706,0.01790336,1.6304,"['Milk', 'Water', 'Bread']","['Jam', 'Butter']",3,2
"Pasta, Bread","Jam, Butter",0.0348,0.5,2.705627705627706,0.02193792,1.6304,"['Pasta', 'Bread']","['Jam', 'Butter']",2,2
"Jam, Butter","Eggs, Bread",0.042,0.2272727272727273,2.705627705627706,0.0264768,1.1854117647058824,"['Jam', 'Butter']","['Eggs', 'Bread']",2,2
"Cheese, Yogurt","Pasta, Tomato Sauce",0.0272,0.46896551724137925,2.701414269823613,0.0171312,1.5562077922077922,"['Cheese', 'Yogurt']","['Pasta', 'Tomato Sauce']",2,2
"Cookies, Milk",Tea,0.0624,0.6265060240963856,2.700457000415455,0.039292799999999996,2.056258064516129,"['Cookies', 'Milk']",['Tea'],2,1
Tea,"Cookies, Milk",0.0624,0.2689655172413793,2.700457000415455,0.039292799999999996,1.2316792452830188,['Tea'],"['Cookies', 'Milk']",1,2
"Pasta, Butter","Milk, Bread",0.0248,0.38993710691823896,2.700395477273123,0.015616159999999999,1.4024783505154637,"['Pasta', 'Butter']","['Milk', 'Bread']",2,2
"Wine, Jam, Butter",Cheese,0.02,0.7352941176470589,2.6993176125075586,0.012590720000000001,2.7487111111111115,"['Wine', 'Jam', 'Butter']",['Cheese'],3,1
"Bread, Croissant, Butter",Jam,0.024,0.6818181818181818,2.6970655926352123,0.015101439999999999,2.348342857142857,"['Bread', 'Croissant', 'Butter']",['Jam'],3,1
"Water, Bread, Butter",Jam,0.0692,0.6811023622047244,2.6942340277085615,0.043515519999999995,2.3430716049382716,"['Water', 'Bread', 'Butter']",['Jam'],3,1
Jam,"Water, Bread, Butter",0.0692,0.27373417721518983,2.6942340277085615,0.043515519999999995,1.237012636165577,['Jam'],"['Water', 'Bread', 'Butter']",1,3
"Butter, Water, Cookies",Tea,0.02,0.625,2.693965517241379,0.012576,2.048,"['Butter', 'Water', 'Cookies']",['Tea'],3,1
"Tea, Bread","Jam, Butter",0.038,0.4973821989528796,2.6914621155458853,0.02388128,1.6219083333333335,"['Tea', 'Bread']","['Jam', 'Butter']",2,2
"Jam, Butter","Tea, Bread",0.038,0.20562770562770563,2.6914621155458853,0.02388128,1.1626790190735694,"['Jam', 'Butter']","['Tea', 'Bread']",2,2
"Cookies, Butter","Tea, Water",0.02,0.25906735751295334,2.6874207210887278,0.01255792,1.219544055944056,"['Cookies', 'Butter']","['Tea', 'Water']",2,2
"Tea, Water","Cookies, Butter",0.02,0.2074688796680498,2.6874207210887278,0.01255792,1.1643706806282723,"['Tea', 'Water']","['Cookies', 'Butter']",2,2
"Water, Jam, Butter","Milk, Bread",0.0284,0.3879781420765028,2.6868292387569443,0.01782992,1.3979892857142857,"['Water', 'Jam', 'Butter']","['Milk', 'Bread']",3,2
"Tea, Water, Milk",Cookies,0.0224,0.6436781609195402,2.6864697868094334,0.01406192,2.134025806451613,"['Tea', 'Water', 'Milk']",['Cookies'],3,1
"Tea, Sugar",Coffee,0.0396,0.6734693877551021,2.6852846401718584,0.02485296,2.2944250000000004,"['Tea', 'Sugar']",['Coffee'],2,1
"Yogurt, Tea",Cookies,0.0288,0.6428571428571428,2.6830431671834005,0.01806592,2.1291199999999995,"['Yogurt', 'Tea']",['Cookies'],2,1
"Tea, Tomato Sauce",Cookies,0.0388,0.6423841059602649,2.681068889650521,0.02432816,2.1263037037037034,"['Tea', 'Tomato Sauce']",['Cookies'],2,1
"Bread, Baby Wipes","Jam, Butter",0.038,0.4947916666666667,2.677444083694084,0.02380736,1.6135917525773198,"['Bread', 'Baby Wipes']","['Jam', 'Butter']",2,2
"Jam, Butter","Bread, Baby Wipes",0.038,0.20562770562770563,2.677444083694084,0.02380736,1.162175476839237,"['Jam', 'Butter']","['Bread', 'Baby Wipes']",2,2
"Jam, Juice, Butter",Bread,0.0204,0.9272727272727274,2.6768843166071807,0.012779200000000001,8.98700000000001,"['Jam', 'Juice', 'Butter']",['Bread'],3,1
"Jam, Baby Wipes","Bread, Butter",0.038,0.7196969696969697,2.673465712098699,0.02378624,2.6071783783783786,"['Jam', 'Baby Wipes']","['Bread', 'Butter']",2,2
"Coffee, Sugar, Cookies",Tea,0.03,0.6198347107438017,2.6717013394129383,0.0187712,2.0201739130434784,"['Coffee', 'Sugar', 'Cookies']",['Tea'],3,1
"Sugar, Water","Coffee, Milk",0.052,0.5058365758754864,2.662297767765718,0.032468,1.6391338582677166,"['Sugar', 'Water']","['Coffee', 'Milk']",2,2
"Coffee, Milk","Sugar, Water",0.052,0.27368421052631575,2.6622977677657174,0.032468,1.2352753623188406,"['Coffee', 'Milk']","['Sugar', 'Water']",2,2
"Cheese, Jam, Butter",Bread,0.0464,0.9206349206349206,2.6577220572601634,0.02894144,8.235359999999995,"['Cheese', 'Jam', 'Butter']",['Bread'],3,1
"Sugar, Tea, Cookies","Coffee, Milk",0.0216,0.5046728971962617,2.65617314313822,0.013468,1.6352830188679248,"['Sugar', 'Tea', 'Cookies']","['Coffee', 'Milk']",3,2
"Beer, Cookies",Tea,0.0244,0.6161616161616161,2.65586903517938,0.0152128,2.0008421052631578,"['Beer', 'Cookies']",['Tea'],2,1
"Cheese, Water, Milk","Pasta, Tomato Sauce",0.0212,0.4608695652173913,2.654778601482669,0.0132144,1.5328387096774194,"['Cheese', 'Water', 'Milk']","['Pasta', 'Tomato Sauce']",3,2
"Sugar, Milk, Cookies",Tea,0.0256,0.6153846153846154,2.6525198938992043,0.0159488,1.9968000000000001,"['Sugar', 'Milk', 'Cookies']",['Tea'],3,1
"Milk, Water, Bread, Butter",Jam,0.0284,0.669811320754717,2.64957009792214,0.01768128,2.2629485714285718,"['Milk', 'Water', 'Bread', 'Butter']",['Jam'],4,1
"Coffee, Sugar, Jam, Milk","Bread, Butter",0.0248,0.7126436781609196,2.6472647777151543,0.01543184,2.543184,"['Coffee', 'Sugar', 'Jam', 'Milk']","['Bread', 'Butter']",4,2
"Pasta, Tea",Cookies,0.0312,0.6341463414634146,2.646687568712081,0.01941168,2.0784266666666666,"['Pasta', 'Tea']",['Cookies'],2,1
"Coffee, Sugar, Butter","Water, Bread",0.0216,0.3461538461538462,2.646436132674665,0.013438080000000002,1.329364705882353,"['Coffee', 'Sugar', 'Butter']","['Water', 'Bread']",3,2
"Sugar, Butter","Water, Bread",0.0288,0.34615384615384615,2.6464361326746646,0.01791744,1.3293647058823528,"['Sugar', 'Butter']","['Water', 'Bread']",2,2
"Water, Bread","Sugar, Butter",0.0288,0.2201834862385321,2.6464361326746646,0.01791744,1.1756611764705884,"['Water', 'Bread']","['Sugar', 'Butter']",2,2
"Coffee, Milk, Bread","Jam, Butter",0.034,0.48850574712643685,2.643429367567299,0.021137920000000004,1.5937617977528094,"['Coffee', 'Milk', 'Bread']","['Jam', 'Butter']",3,2
"Cheese, Coffee","Pasta, Tomato Sauce",0.0328,0.45810055865921795,2.6388281028756793,0.020370240000000005,1.5250061855670105,"['Cheese', 'Coffee']","['Pasta', 'Tomato Sauce']",2,2
"Jam, Diapers","Bread, Butter",0.0284,0.7100000000000001,2.6374442793462114,0.017632000000000002,2.5200000000000005,"['Jam', 'Diapers']","['Bread', 'Butter']",2,2
"Water, Jam, Milk","Bread, Butter",0.0284,0.7100000000000001,2.6374442793462114,0.017632000000000002,2.5200000000000005,"['Water', 'Jam', 'Milk']","['Bread', 'Butter']",3,2
"Cheese, Bread","Jam, Butter",0.0464,0.4873949579831932,2.637418603805158,0.028807039999999996,1.5903081967213113,"['Cheese', 'Bread']","['Jam', 'Butter']",2,2
"Jam, Butter","Cheese, Bread",0.0464,0.2510822510822511,2.637418603805158,0.028807039999999996,1.208143352601156,"['Jam', 'Butter']","['Cheese', 'Bread']",2,2
"Cheese, Tea",Cookies,0.0412,0.6319018404907976,2.6373198684924772,0.025578080000000003,2.0657533333333333,"['Cheese', 'Tea']",['Cookies'],2,1
"Bread, Diapers, Baby Wipes, Butter",Jam,0.0208,0.6666666666666666,2.6371308016877633,0.012912639999999998,2.2415999999999996,"['Bread', 'Diapers', 'Baby Wipes', 'Butter']",['Jam'],4,1
"Coffee, Bread","Cheese, Butter",0.0216,0.23893805309734517,2.6314763556976337,0.013391680000000001,1.194646511627907,"['Coffee', 'Bread']","['Cheese', 'Butter']",2,2
"Cheese, Butter","Coffee, Bread",0.0216,0.23788546255506607,2.6314763556976337,0.013391680000000001,1.1935213872832369,"['Cheese', 'Butter']","['Coffee', 'Bread']",2,2
"Cake, Jam","Bread, Butter",0.0212,0.7066666666666667,2.6250619118375433,0.013124,2.4913636363636362,"['Cake', 'Jam']","['Bread', 'Butter']",2,2
"Beer, Tea",Cookies,0.0244,0.6288659793814433,2.624649329638745,0.01510352,2.0488555555555554,"['Beer', 'Tea']",['Cookies'],2,1
"Cookies, Butter","Jam, Bread",0.0372,0.4818652849740932,2.6188330705113763,0.022995199999999997,1.5748799999999998,"['Cookies', 'Butter']","['Jam', 'Bread']",2,2
"Jam, Bread","Cookies, Butter",0.0372,0.20217391304347826,2.6188330705113763,0.022995199999999997,1.1566430517711173,"['Jam', 'Bread']","['Cookies', 'Butter']",2,2
"Bread, Butter","Jam, Milk",0.0724,0.26894502228826156,2.6161967148663576,0.04472624000000001,1.2272674796747969,"['Bread', 'Butter']","['Jam', 'Milk']",2,2
"Jam, Milk","Bread, Butter",0.0724,0.7042801556420234,2.616196714866357,0.04472624000000001,2.4712578947368424,"['Jam', 'Milk']","['Bread', 'Butter']",2,2
"Sugar, Jam, Milk","Bread, Butter",0.0276,0.7040816326530612,2.615459259483883,0.017047359999999998,2.4696000000000002,"['Sugar', 'Jam', 'Milk']","['Bread', 'Butter']",3,2
"Soda, Bread","Sugar, Butter",0.0208,0.21757322175732216,2.6150627615062763,0.01284608,1.171739037433155,"['Soda', 'Bread']","['Sugar', 'Butter']",2,2
"Sugar, Butter","Soda, Bread",0.0208,0.25,2.615062761506276,0.01284608,1.2058666666666666,"['Sugar', 'Butter']","['Soda', 'Bread']",2,2
"Pasta, Tomato Sauce, Bread","Jam, Butter",0.0284,0.4829931972789116,2.613599552375063,0.017533760000000002,1.5767684210526318,"['Pasta', 'Tomato Sauce', 'Bread']","['Jam', 'Butter']",3,2
"Coffee, Bread","Jam, Butter",0.0436,0.48230088495575224,2.609853273570088,0.02689408,1.574659829059829,"['Coffee', 'Bread']","['Jam', 'Butter']",2,2
"Jam, Butter","Coffee, Bread",0.0436,0.23593073593073594,2.609853273570088,0.02689408,1.1904679886685552,"['Jam', 'Butter']","['Coffee', 'Bread']",2,2
"Pasta, Tomato Sauce, Butter","Milk, Bread",0.0208,0.37681159420289856,2.6094985748123167,0.01282912,1.372939534883721,"['Pasta', 'Tomato Sauce', 'Butter']","['Milk', 'Bread']",3,2
"Coffee, Cookies, Bread",Butter,0.02,0.8771929824561403,2.6075891273963743,0.01233008,5.403599999999997,"['Coffee', 'Cookies', 'Bread']",['Butter'],3,1
"Wine, Tea",Cheese,0.0284,0.7100000000000001,2.6064610866372986,0.017504000000000002,2.50896551724138,"['Wine', 'Tea']",['Cheese'],2,1
"Yogurt, Jam","Bread, Butter",0.0356,0.7007874015748031,2.6032221455230427,0.021924640000000002,2.4424105263157894,"['Yogurt', 'Jam']","['Bread', 'Butter']",2,2
"Coffee, Butter","Cheese, Bread",0.0216,0.24770642201834864,2.601958214478452,0.013298560000000001,1.2027219512195124,"['Coffee', 'Butter']","['Cheese', 'Bread']",2,2
"Cheese, Bread","Coffee, Butter",0.0216,0.226890756302521,2.601958214478452,0.013298560000000001,1.180686956521739,"['Cheese', 'Bread']","['Coffee', 'Butter']",2,2
"Tomato Sauce, Butter","Jam, Bread",0.0404,0.47867298578199047,2.601483618380383,0.024870399999999997,1.5652363636363635,"['Tomato Sauce', 'Butter']","['Jam', 'Bread']",2,2
"Jam, Bread","Tomato Sauce, Butter",0.0404,0.21956521739130433,2.601483618380383,0.024870399999999997,1.173192200557103,"['Jam', 'Bread']","['Tomato Sauce', 'Butter']",2,2
"Coffee, Milk, Sugar, Bread","Jam, Butter",0.0248,0.48062015503875966,2.600758414711903,0.01526432,1.5695641791044777,"['Coffee', 'Milk', 'Sugar', 'Bread']","['Jam', 'Butter']",4,2
"Coffee, Cookies",Tea,0.0376,0.6025641025641026,2.5972590627763044,0.023123200000000003,1.932387096774194,"['Coffee', 'Cookies']",['Tea'],2,1
"Tea, Cookies, Bread, Butter",Jam,0.026,0.6565656565656565,2.5971742743894635,0.015989119999999996,2.1756705882352936,"['Tea', 'Cookies', 'Bread', 'Butter']",['Jam'],4,1
"Cheese, Eggs, Bread",Butter,0.022,0.8730158730158729,2.595172036313534,0.013522719999999998,5.225849999999996,"['Cheese', 'Eggs', 'Bread']",['Butter'],3,1
"Soda, Pasta, Tomato Sauce",Cheese,0.0328,0.706896551724138,2.5950681047141635,0.020160640000000004,2.4824000000000006,"['Soda', 'Pasta', 'Tomato Sauce']",['Cheese'],3,1
"Tomato Sauce, Butter","Milk, Bread",0.0316,0.37440758293838866,2.5928502973572622,0.019412640000000002,1.3676636363636363,"['Tomato Sauce', 'Butter']","['Milk', 'Bread']",2,2
"Milk, Bread","Tomato Sauce, Butter",0.0316,0.21883656509695293,2.5928502973572622,0.019412640000000002,1.1720978723404256,"['Milk', 'Bread']","['Tomato Sauce', 'Butter']",2,2
Jam,"Bread, Butter",0.1764,0.6977848101265822,2.5920683882859668,0.10834624,2.4181445026178006,['Jam'],"['Bread', 'Butter']",1,2
"Bread, Butter",Jam,0.1764,0.6552748885586924,2.5920683882859668,0.10834624,2.1675241379310344,"['Bread', 'Butter']",['Jam'],2,1
"Jam, Croissant","Bread, Butter",0.024,0.6976744186046512,2.591658315767649,0.01473952,2.417261538461539,"['Jam', 'Croissant']","['Bread', 'Butter']",2,2
"Coffee, Sugar, Bread","Jam, Butter",0.0316,0.4787878787878788,2.5908434999344094,0.019403200000000002,1.564046511627907,"['Coffee', 'Sugar', 'Bread']","['Jam', 'Butter']",3,2
"Yogurt, Bread, Butter",Jam,0.0356,0.6544117647058824,2.5886541325390913,0.02184768,2.162110638297872,"['Yogurt', 'Bread', 'Butter']",['Jam'],3,1
"Pasta, Bread, Butter",Jam,0.0348,0.6541353383458647,2.5875606738364896,0.021351039999999995,2.1603826086956524,"['Pasta', 'Bread', 'Butter']",['Jam'],3,1
"Pasta, Tomato Sauce","Cheese, Milk",0.0528,0.30414746543778803,2.5862879714097624,0.03238464,1.2680847682119205,"['Pasta', 'Tomato Sauce']","['Cheese', 'Milk']",2,2
"Cheese, Milk","Pasta, Tomato Sauce",0.0528,0.4489795918367347,2.586287971409762,0.03238464,1.4997629629629632,"['Cheese', 'Milk']","['Pasta', 'Tomato Sauce']",2,2
"Bread, Diapers, Baby Wipes","Jam, Butter",0.0208,0.4770642201834862,2.5815163429842327,0.012742719999999999,1.5588912280701757,"['Bread', 'Diapers', 'Baby Wipes']","['Jam', 'Butter']",3,2
"Cookies, Bread","Jam, Butter",0.0372,0.4769230769230769,2.5807525807525806,0.022785599999999996,1.558470588235294,"['Cookies', 'Bread']","['Jam', 'Butter']",2,2
"Jam, Butter","Cookies, Bread",0.0372,0.20129870129870128,2.5807525807525806,0.022785599999999996,1.1543739837398375,"['Jam', 'Butter']","['Cookies', 'Bread']",2,2
"Cheese, Tomato Sauce, Bread","Jam, Butter",0.0204,0.47663551401869164,2.5791965044301497,0.012490560000000003,1.5576142857142858,"['Cheese', 'Tomato Sauce', 'Bread']","['Jam', 'Butter']",3,2
"Tea, Sugar","Coffee, Milk",0.0288,0.4897959183673469,2.5778732545649836,0.017627999999999998,1.5876000000000001,"['Tea', 'Sugar']","['Coffee', 'Milk']",2,2
"Diapers, Jam, Baby Wipes","Bread, Butter",0.0208,0.6933333333333334,2.575532441802873,0.012724,2.38304347826087,"['Diapers', 'Jam', 'Baby Wipes']","['Bread', 'Butter']",3,2
"Tea, Bread, Butter",Jam,0.038,0.6506849315068493,2.5739119126062073,0.023236479999999997,2.1390431372549017,"['Tea', 'Bread', 'Butter']",['Jam'],3,1
"Eggs, Bread, Butter",Jam,0.042,0.6481481481481483,2.563877168307548,0.025618560000000002,2.1236210526315795,"['Eggs', 'Bread', 'Butter']",['Jam'],3,1
"Wine, Eggs",Cheese,0.0268,0.6979166666666667,2.5621023005384242,0.01633984,2.4086068965517247,"['Wine', 'Eggs']",['Cheese'],2,1
"Cheese, Eggs, Butter",Bread,0.022,0.8870967741935484,2.5609029278104747,0.013409279999999999,5.78902857142857,"['Cheese', 'Eggs', 'Butter']",['Bread'],3,1
"Jam, Juice","Bread, Butter",0.0204,0.6891891891891893,2.5601381470623674,0.01243168,2.351269565217392,"['Jam', 'Juice']","['Bread', 'Butter']",2,2
"Coffee, Sugar, Cookies, Milk",Tea,0.0216,0.5934065934065934,2.5577870405456613,0.0131552,1.888864864864865,"['Coffee', 'Sugar', 'Cookies', 'Milk']",['Tea'],4,1
"Milk, Sugar, Bread","Jam, Butter",0.0276,0.4726027397260274,2.5573741327165984,0.01680768,1.5457038961038962,"['Milk', 'Sugar', 'Bread']","['Jam', 'Butter']",3,2
"Tea, Jam","Bread, Butter",0.038,0.6884057971014492,2.5572280724422334,0.02314016,2.3453581395348833,"['Tea', 'Jam']","['Bread', 'Butter']",2,2
"Coffee, Sugar, Jam","Bread, Butter",0.0316,0.6869565217391305,2.551844434394987,0.019216800000000006,2.3345000000000002,"['Coffee', 'Sugar', 'Jam']","['Bread', 'Butter']",3,2
"Tomato Sauce, Bread","Milk, Butter",0.0316,0.3590909090909091,2.550361570247934,0.019209600000000004,1.3405957446808512,"['Tomato Sauce', 'Bread']","['Milk', 'Butter']",2,2
"Milk, Butter","Tomato Sauce, Bread",0.0316,0.22443181818181818,2.550361570247934,0.019209600000000004,1.175912087912088,"['Milk', 'Butter']","['Tomato Sauce', 'Bread']",2,2
"Coffee, Cookies, Milk",Tea,0.0284,0.5916666666666667,2.550287356321839,0.017264,1.8808163265306124,"['Coffee', 'Cookies', 'Milk']",['Tea'],3,1
"Coffee, Jam, Milk","Bread, Butter",0.034,0.685483870967742,2.5463739634760105,0.02064768,2.3235692307692313,"['Coffee', 'Jam', 'Milk']","['Bread', 'Butter']",3,2
"Pasta, Water, Tomato Sauce","Cheese, Milk",0.0212,0.2994350282485876,2.546216226603636,0.01287392,1.2595548387096773,"['Pasta', 'Water', 'Tomato Sauce']","['Cheese', 'Milk']",3,2
"Pasta, Jam","Bread, Butter",0.0348,0.6850393700787402,2.544722771466345,0.02112464,2.32029,"['Pasta', 'Jam']","['Bread', 'Butter']",2,2
"Cheese, Tea","Pasta, Tomato Sauce",0.0288,0.44171779141104295,2.54445732379633,0.017481280000000002,1.4802549450549451,"['Cheese', 'Tea']","['Pasta', 'Tomato Sauce']",2,2
"Wine, Soda",Cheese,0.0324,0.6923076923076923,2.5415113520840396,0.019651679999999998,2.3647,"['Wine', 'Soda']",['Cheese'],2,1
"Sugar, Jam","Bread, Butter",0.0424,0.6838709677419355,2.540382495326655,0.0257096,2.3117142857142854,"['Sugar', 'Jam']","['Bread', 'Butter']",2,2
"Milk, Bread, Butter",Jam,0.0724,0.6418439716312058,2.53893976119939,0.043884160000000005,2.0862415841584165,"['Milk', 'Bread', 'Butter']",['Jam'],3,1
Jam,"Milk, Bread, Butter",0.0724,0.2863924050632911,2.5389397611993894,0.043884160000000005,1.243260310421286,['Jam'],"['Milk', 'Bread', 'Butter']",1,3
"Soda, Bread, Butter",Jam,0.048,0.6417112299465241,2.5384146754213766,0.029090559999999998,2.085468656716418,"['Soda', 'Bread', 'Butter']",['Jam'],3,1
"Beer, Soda",Baby Wipes,0.0248,0.5391304347826087,2.5382788831572913,0.015029599999999999,1.7089433962264151,"['Beer', 'Soda']",['Baby Wipes'],2,1
"Sugar, Bread","Jam, Butter",0.0424,0.4690265486725664,2.5380224495268746,0.02569408,1.5352933333333336,"['Sugar', 'Bread']","['Jam', 'Butter']",2,2
"Jam, Butter","Sugar, Bread",0.0424,0.22943722943722944,2.5380224495268746,0.02569408,1.1804359550561798,"['Jam', 'Butter']","['Sugar', 'Bread']",2,2
"Cheese, Diapers",Pasta,0.0232,0.5178571428571428,2.5335476656415987,0.014042879999999999,1.650133333333333,"['Cheese', 'Diapers']",['Pasta'],2,1
"Soda, Baby Wipes",Beer,0.0248,0.4275862068965517,2.5330936427520836,0.015009599999999998,1.4520963855421685,"['Soda', 'Baby Wipes']",['Beer'],2,1
"Pasta, Bread","Milk, Butter",0.0248,0.3563218390804598,2.5306948798328106,0.01500032,1.3348285714285715,"['Pasta', 'Bread']","['Milk', 'Butter']",2,2
"Wine, Jam","Bread, Butter",0.0256,0.6808510638297872,2.52916442730233,0.015478080000000002,2.28984,"['Wine', 'Jam']","['Bread', 'Butter']",2,2
"Cheese, Coffee, Sugar, Milk",Pasta,0.0204,0.5151515151515151,2.5203107394888216,0.01230576,1.640925,"['Cheese', 'Coffee', 'Sugar', 'Milk']",['Pasta'],4,1
"Pasta, Tea, Tomato Sauce",Cookies,0.0256,0.6037735849056604,2.519923142344158,0.01544096,1.9191047619047616,"['Pasta', 'Tea', 'Tomato Sauce']",['Cookies'],3,1
"Wine, Tea, Cookies",Cheese,0.02,0.684931506849315,2.5144328445275885,0.012045920000000002,2.3093391304347826,"['Wine', 'Tea', 'Cookies']",['Cheese'],3,1
"Tomato Sauce, Pasta, Sugar, Coffee, Milk",Cheese,0.02,0.684931506849315,2.5144328445275885,0.012045920000000002,2.3093391304347826,"['Tomato Sauce', 'Pasta', 'Sugar', 'Coffee', 'Milk']",['Cheese'],5,1
"Wine, Yogurt",Cheese,0.0252,0.6847826086956522,2.5138862286918218,0.01517568,2.3082482758620695,"['Wine', 'Yogurt']",['Cheese'],2,1
"Pasta, Tomato Sauce, Bread","Milk, Butter",0.0208,0.35374149659863946,2.512368583797155,0.01252096,1.329498947368421,"['Pasta', 'Tomato Sauce', 'Bread']","['Milk', 'Butter']",3,2
"Jam, Water","Bread, Butter",0.0692,0.6757812499999999,2.5103315378900444,0.04163392,2.254033734939758,"['Jam', 'Water']","['Bread', 'Butter']",2,2
"Bread, Butter","Jam, Water",0.0692,0.25705794947994054,2.5103315378900444,0.04163392,1.2081696,"['Bread', 'Butter']","['Jam', 'Water']",2,2
"Cheese, Eggs","Pasta, Tomato Sauce",0.0284,0.4355828220858896,2.5091176387436036,0.017081280000000004,1.4641652173913045,"['Cheese', 'Eggs']","['Pasta', 'Tomato Sauce']",2,2
"Eggs, Milk, Butter",Bread,0.0264,0.868421052631579,2.506989181961833,0.01586944,4.967360000000001,"['Eggs', 'Milk', 'Butter']",['Bread'],3,1
"Coffee, Baby Wipes",Beer,0.022,0.4230769230769231,2.5063798760481224,0.013222399999999999,1.4407466666666666,"['Coffee', 'Baby Wipes']",['Beer'],2,1
"Soda, Jam","Bread, Butter",0.048,0.6741573033707865,2.5042990466968296,0.02883296,2.2428,"['Soda', 'Jam']","['Bread', 'Butter']",2,2
"Cheese, Cookies",Wine,0.0276,0.4451612903225806,2.5009061254077563,0.016564000000000002,1.4815116279069767,"['Cheese', 'Cookies']",['Wine'],2,1
"Coffee, Tomato Sauce, Bread",Butter,0.0212,0.8412698412698413,2.5008021440839516,0.01272272,4.18068,"['Coffee', 'Tomato Sauce', 'Bread']",['Butter'],3,1
"Wine, Jam",Cheese,0.0256,0.6808510638297872,2.4994532446027433,0.015357760000000002,2.2798133333333332,"['Wine', 'Jam']",['Cheese'],2,1
"Cheese, Soda","Pasta, Tomato Sauce",0.0328,0.4338624338624339,2.4992075683319923,0.01967584,1.4597158878504675,"['Cheese', 'Soda']","['Pasta', 'Tomato Sauce']",2,2
"Coffee, Sugar, Milk, Butter",Bread,0.0408,0.864406779661017,2.4954006341253376,0.024449920000000003,4.8203000000000005,"['Coffee', 'Sugar', 'Milk', 'Butter']",['Bread'],4,1
"Pasta, Tomato Sauce",Cheese,0.118,0.6797235023041475,2.4953138851106735,0.07071136,2.271787050359712,"['Pasta', 'Tomato Sauce']",['Cheese'],2,1
Cheese,"Pasta, Tomato Sauce",0.118,0.43318649045521296,2.4953138851106735,0.07071136,1.457975129533679,['Cheese'],"['Pasta', 'Tomato Sauce']",1,2
"Pasta, Tea, Tomato Sauce",Cheese,0.0288,0.6792452830188679,2.4935583077050953,0.01725024,2.2683999999999997,"['Pasta', 'Tea', 'Tomato Sauce']",['Cheese'],3,1
"Cheese, Baby Wipes","Pasta, Tomato Sauce",0.0244,0.4326241134751773,2.4920743863777495,0.01460896,1.4565300000000003,"['Cheese', 'Baby Wipes']","['Pasta', 'Tomato Sauce']",2,2
"Coffee, Cookies, Butter",Bread,0.02,0.8620689655172414,2.488651748028988,0.011963520000000002,4.738600000000002,"['Coffee', 'Cookies', 'Butter']",['Bread'],3,1
"Cheese, Sugar, Milk",Pasta,0.0236,0.5086206896551725,2.4883595384303936,0.014115840000000001,1.6191157894736845,"['Cheese', 'Sugar', 'Milk']",['Pasta'],3,1
"Coffee, Pasta, Sugar, Tomato Sauce",Cheese,0.0244,0.6777777777777779,2.4881709903736344,0.014593600000000003,2.2580689655172423,"['Coffee', 'Pasta', 'Sugar', 'Tomato Sauce']",['Cheese'],4,1
"Sugar, Bread, Cookies",Butter,0.0204,0.8360655737704918,2.4853316699479544,0.01219184,4.047960000000001,"['Sugar', 'Bread', 'Cookies']",['Butter'],3,1
"Pasta, Tomato Sauce, Milk",Cheese,0.0528,0.676923076923077,2.4850333220377276,0.031552800000000006,2.2520952380952384,"['Pasta', 'Tomato Sauce', 'Milk']",['Cheese'],3,1
"Jam, Tomato Sauce","Bread, Butter",0.0404,0.6688741721854304,2.484673745116755,0.02414032,2.207016,"['Jam', 'Tomato Sauce']","['Bread', 'Butter']",2,2
"Coffee, Pasta, Tomato Sauce, Milk",Cheese,0.0268,0.6767676767676767,2.4844628368857444,0.01601296,2.2510124999999994,"['Coffee', 'Pasta', 'Tomato Sauce', 'Milk']",['Cheese'],4,1
"Jam, Butter","Tomato Sauce, Bread",0.0404,0.21861471861471862,2.4842581660763483,0.0241376,1.1671578947368422,"['Jam', 'Butter']","['Tomato Sauce', 'Bread']",2,2
"Tomato Sauce, Bread","Jam, Butter",0.0404,0.4590909090909091,2.484258166076348,0.0241376,1.50709243697479,"['Tomato Sauce', 'Bread']","['Jam', 'Butter']",2,2
"Coffee, Jam","Bread, Butter",0.0436,0.6687116564417178,2.4840700462173766,0.02604816,2.2059333333333333,"['Coffee', 'Jam']","['Bread', 'Butter']",2,2
"Cookies, Bread","Milk, Butter",0.0272,0.3487179487179487,2.4766899766899764,0.0162176,1.319244094488189,"['Cookies', 'Bread']","['Milk', 'Butter']",2,2
"Tea, Milk","Water, Cookies",0.0224,0.24561403508771928,2.475947934352009,0.01335296,1.1940837209302326,"['Tea', 'Milk']","['Water', 'Cookies']",2,2
"Water, Cookies","Tea, Milk",0.0224,0.22580645161290322,2.4759479343520088,0.01335296,1.1738666666666668,"['Water', 'Cookies']","['Tea', 'Milk']",2,2
"Pasta, Sugar, Tomato Sauce, Milk",Cheese,0.0232,0.6744186046511628,2.4758392241232117,0.013829439999999998,2.2347714285714284,"['Pasta', 'Sugar', 'Tomato Sauce', 'Milk']",['Cheese'],4,1
"Cheese, Water","Pasta, Tomato Sauce",0.0476,0.42960288808664265,2.4746710143239783,0.028365120000000004,1.448815189873418,"['Cheese', 'Water']","['Pasta', 'Tomato Sauce']",2,2
"Pasta, Tomato Sauce","Cheese, Water",0.0476,0.2741935483870968,2.4746710143239783,0.028365120000000004,1.22512,"['Pasta', 'Tomato Sauce']","['Cheese', 'Water']",2,2
"Cheese, Water",Wine,0.0488,0.44043321299638993,2.474343893238146,0.029077600000000006,1.468993548387097,"['Cheese', 'Water']",['Wine'],2,1
Wine,"Cheese, Water",0.0488,0.27415730337078653,2.474343893238146,0.029077600000000006,1.2250588235294118,['Wine'],"['Cheese', 'Water']",1,2
"Rice, Butter",Jam,0.024,0.6250000000000001,2.4723101265822787,0.01429248,1.992533333333334,"['Rice', 'Butter']",['Jam'],2,1
"Milk, Tomato Sauce, Bread",Butter,0.0316,0.8315789473684212,2.4719944927717634,0.018816800000000005,3.940125000000003,"['Milk', 'Tomato Sauce', 'Bread']",['Butter'],3,1
"Coffee, Sugar, Water, Bread",Butter,0.0216,0.8307692307692308,2.4695874874233974,0.012853600000000001,3.9212727272727284,"['Coffee', 'Sugar', 'Water', 'Bread']",['Butter'],4,1
"Wine, Bread, Butter",Cheese,0.0304,0.672566371681416,2.469039543617533,0.018087520000000003,2.22212972972973,"['Wine', 'Bread', 'Butter']",['Cheese'],3,1
"Pasta, Water, Tomato Sauce",Cheese,0.0476,0.672316384180791,2.4681218215153855,0.028314080000000005,2.220434482758621,"['Pasta', 'Water', 'Tomato Sauce']",['Cheese'],3,1
"Coffee, Tomato Sauce, Butter",Bread,0.0212,0.8548387096774194,2.467779184981003,0.01260928,4.502577777777778,"['Coffee', 'Tomato Sauce', 'Butter']",['Bread'],3,1
"Coffee, Pasta, Tomato Sauce",Cheese,0.0328,0.6721311475409836,2.467441804482319,0.019506880000000004,2.2191799999999997,"['Coffee', 'Pasta', 'Tomato Sauce']",['Cheese'],3,1
"Pasta, Jam, Tomato Sauce","Bread, Butter",0.0284,0.663551401869159,2.464901195650665,0.016878240000000003,2.1721000000000004,"['Pasta', 'Jam', 'Tomato Sauce']","['Bread', 'Butter']",3,2
"Pasta, Tomato Sauce, Bread, Butter",Jam,0.0284,0.6228070175438597,2.4636353542083054,0.01687232,1.9809488372093025,"['Pasta', 'Tomato Sauce', 'Bread', 'Butter']",['Jam'],4,1
"Water, Milk, Cookies",Tea,0.0224,0.5714285714285714,2.463054187192118,0.013305599999999999,1.7919999999999998,"['Water', 'Milk', 'Cookies']",['Tea'],3,1
"Pasta, Milk, Water, Tomato Sauce",Cheese,0.0212,0.670886075949367,2.4628710570828454,0.01259216,2.2107846153846147,"['Pasta', 'Milk', 'Water', 'Tomato Sauce']",['Cheese'],4,1
"Cheese, Jam","Bread, Butter",0.0464,0.6628571428571427,2.4623222245807677,0.027555999999999994,2.167627118644067,"['Cheese', 'Jam']","['Bread', 'Butter']",2,2
"Coffee, Sugar, Butter",Bread,0.0532,0.8525641025641025,2.4612127672173862,0.03158464,4.43311304347826,"['Coffee', 'Sugar', 'Butter']",['Bread'],3,1
"Pasta, Tomato Sauce, Baby Wipes",Cheese,0.0244,0.6703296703296704,2.46082845201788,0.014484640000000002,2.207053333333334,"['Pasta', 'Tomato Sauce', 'Baby Wipes']",['Cheese'],3,1
"Yogurt, Pasta",Cheese,0.0276,0.6699029126213593,2.459261793764168,0.016377120000000002,2.2042,"['Yogurt', 'Pasta']",['Cheese'],2,1
"Milk, Sugar, Bread, Butter",Jam,0.0276,0.6216216216216216,2.4589462880602118,0.016375679999999997,1.974742857142857,"['Milk', 'Sugar', 'Bread', 'Butter']",['Jam'],4,1
"Water, Jam","Milk, Bread, Butter",0.0284,0.27734375,2.4587211879432624,0.01684928,1.2276929729729729,"['Water', 'Jam']","['Milk', 'Bread', 'Butter']",2,3
"Milk, Bread, Butter","Water, Jam",0.0284,0.2517730496453901,2.4587211879432624,0.01684928,1.1996360189573458,"['Milk', 'Bread', 'Butter']","['Water', 'Jam']",3,2
"Cookies, Sugar, Butter",Bread,0.0204,0.8500000000000001,2.453810623556582,0.012086400000000002,4.357333333333336,"['Cookies', 'Sugar', 'Butter']",['Bread'],3,1
"Cheese, Tomato Sauce, Butter",Bread,0.034,0.8500000000000001,2.453810623556582,0.020144000000000002,4.357333333333336,"['Cheese', 'Tomato Sauce', 'Butter']",['Bread'],3,1
"Cheese, Bread, Butter",Jam,0.0464,0.6203208556149732,2.4538008529073303,0.027490559999999994,1.967977464788732,"['Cheese', 'Bread', 'Butter']",['Jam'],3,1
"Pasta, Milk, Tomato Sauce, Bread",Butter,0.0208,0.8253968253968254,2.45361719796916,0.012322719999999999,3.8006181818181806,"['Pasta', 'Milk', 'Tomato Sauce', 'Bread']",['Butter'],4,1
"Pasta, Tomato Sauce, Milk","Cheese, Water",0.0212,0.2717948717948718,2.4530223086179763,0.0125576,1.2210845070422534,"['Pasta', 'Tomato Sauce', 'Milk']","['Cheese', 'Water']",3,2
"Bagel, Butter",Bread,0.0268,0.8481012658227848,2.448329289326746,0.01585376,4.302866666666666,"['Bagel', 'Butter']",['Bread'],2,1
"Pasta, Cookies, Tomato Sauce",Cheese,0.0256,0.6666666666666667,2.4473813020068533,0.015139840000000003,2.1828000000000007,"['Pasta', 'Cookies', 'Tomato Sauce']",['Cheese'],3,1
"Cheese, Tea",Wine,0.0284,0.4355828220858896,2.4470945061005036,0.0167944,1.4563695652173916,"['Cheese', 'Tea']",['Wine'],2,1
"Sugar, Milk, Butter",Bread,0.0444,0.8473282442748091,2.446097702871851,0.026248640000000004,4.281079999999998,"['Sugar', 'Milk', 'Butter']",['Bread'],3,1
"Sugar, Water, Butter",Bread,0.0288,0.8470588235294116,2.445319929357424,0.0170224,4.2735384615384575,"['Sugar', 'Water', 'Butter']",['Bread'],3,1
"Coffee, Sugar, Bread","Water, Butter",0.0216,0.32727272727272727,2.4423337856173677,0.012756,1.2872972972972974,"['Coffee', 'Sugar', 'Bread']","['Water', 'Butter']",3,2
"Cheese, Yogurt",Wine,0.0252,0.43448275862068964,2.4409143742735373,0.014876,1.4535365853658537,"['Cheese', 'Yogurt']",['Wine'],2,1
"Cheese, Butter","Milk, Bread",0.032,0.35242290748898675,2.4406018524168056,0.01888848,1.3212326530612244,"['Cheese', 'Butter']","['Milk', 'Bread']",2,2
"Milk, Bread","Cheese, Butter",0.032,0.22160664819944598,2.4406018524168056,0.01888848,1.168046975088968,"['Milk', 'Bread']","['Cheese', 'Butter']",2,2
"Cookies, Butter","Milk, Bread",0.0272,0.35233160621761656,2.4399695721441588,0.01605232,1.3210464,"['Cookies', 'Butter']","['Milk', 'Bread']",2,2
"Beer, Diapers, Butter",Bread,0.024,0.8450704225352113,2.439579741729825,0.01416224,4.218690909090909,"['Beer', 'Diapers', 'Butter']",['Bread'],3,1
"Coffee, Milk, Bread, Butter",Jam,0.034,0.6159420289855073,2.4364795450376078,0.02004544,1.9455396226415098,"['Coffee', 'Milk', 'Bread', 'Butter']",['Jam'],4,1
"Rice, Butter",Bread,0.0324,0.84375,2.435767898383372,0.019098240000000002,4.18304,"['Rice', 'Butter']",['Bread'],2,1
"Coffee, Sugar, Water, Butter",Bread,0.0216,0.84375,2.435767898383372,0.012732160000000001,4.18304,"['Coffee', 'Sugar', 'Water', 'Butter']",['Bread'],4,1
"Cheese, Coffee, Butter",Bread,0.0216,0.84375,2.435767898383372,0.012732160000000001,4.18304,"['Cheese', 'Coffee', 'Butter']",['Bread'],3,1
"Sugar, Water, Bread",Butter,0.0288,0.8181818181818181,2.4321694951897093,0.01695872,3.6497999999999986,"['Sugar', 'Water', 'Bread']",['Butter'],3,1
"Sugar, Baby Wipes",Beer,0.0228,0.4100719424460432,2.4293361519315355,0.013414720000000002,1.4089853658536586,"['Sugar', 'Baby Wipes']",['Beer'],2,1
"Bread, Water, Tomato Sauce",Butter,0.0268,0.8170731707317073,2.4288738725675008,0.015766080000000002,3.627679999999999,"['Bread', 'Water', 'Tomato Sauce']",['Butter'],3,1
"Tomato Sauce, Butter","Water, Bread",0.0268,0.3175355450236967,2.427641781526733,0.01576048,1.2736194444444444,"['Tomato Sauce', 'Butter']","['Water', 'Bread']",2,2
"Water, Bread","Tomato Sauce, Butter",0.0268,0.20489296636085627,2.427641781526733,0.01576048,1.151543076923077,"['Water', 'Bread']","['Tomato Sauce', 'Butter']",2,2
"Cheese, Pasta, Butter",Bread,0.0296,0.8409090909090909,2.4275666596682766,0.01740672,4.1083428571428575,"['Cheese', 'Pasta', 'Butter']",['Bread'],3,1
"Soda, Butter","Sugar, Bread",0.0208,0.21940928270042195,2.427093835181659,0.01223008,1.1652713513513513,"['Soda', 'Butter']","['Sugar', 'Bread']",2,2
"Sugar, Bread","Soda, Butter",0.0208,0.23008849557522124,2.4270938351816587,0.01223008,1.175719540229885,"['Sugar', 'Bread']","['Soda', 'Butter']",2,2
"Pasta, Eggs",Cheese,0.0296,0.6607142857142857,2.4255296832389344,0.017396480000000002,2.1445052631578947,"['Pasta', 'Eggs']",['Cheese'],2,1
"Sugar, Bread, Butter",Jam,0.0424,0.6127167630057804,2.4237213726494473,0.02490624,1.929337313432836,"['Sugar', 'Bread', 'Butter']",['Jam'],3,1
"Shampoo, Butter",Bread,0.0272,0.8395061728395061,2.4235166652410687,0.01597664,4.072430769230768,"['Shampoo', 'Butter']",['Bread'],2,1
"Cheese, Pasta, Tomato Sauce, Butter",Bread,0.0292,0.839080459770115,2.422287701414882,0.017145280000000002,4.061657142857145,"['Cheese', 'Pasta', 'Tomato Sauce', 'Butter']",['Bread'],4,1
"Soda, Sugar, Butter",Bread,0.0208,0.8387096774193549,2.421217313566267,0.01220928,4.052320000000001,"['Soda', 'Sugar', 'Butter']",['Bread'],3,1
"Pasta, Diapers",Cheese,0.0232,0.6590909090909091,2.419570150847684,0.013611519999999998,2.1342933333333334,"['Pasta', 'Diapers']",['Cheese'],2,1
"Juice, Bread",Jam,0.022,0.6111111111111112,2.417369901547117,0.012899199999999998,1.9213714285714287,"['Juice', 'Bread']",['Jam'],2,1
"Pasta, Butter",Bread,0.0532,0.8364779874213836,2.4147747904774355,0.031168959999999996,3.9970153846153824,"['Pasta', 'Butter']",['Bread'],2,1
"Coffee, Milk, Butter",Bread,0.0552,0.8363636363636363,2.4144446777241235,0.032337599999999994,3.994222222222221,"['Coffee', 'Milk', 'Butter']",['Bread'],3,1
"Wine, Milk",Cheese,0.0468,0.6573033707865169,2.4130079691134982,0.02740512,2.1231606557377054,"['Wine', 'Milk']",['Cheese'],2,1
"Diapers, Butter",Bread,0.0404,0.8347107438016529,2.40967304792625,0.02363424,3.95428,"['Diapers', 'Butter']",['Bread'],2,1
"Beer, Butter",Bread,0.0464,0.8345323741007195,2.4091581238473427,0.02714016,3.9500173913043484,"['Beer', 'Butter']",['Bread'],2,1
"Pasta, Sugar, Tomato Sauce",Cheese,0.0328,0.656,2.4082232011747435,0.019180000000000003,2.1151162790697677,"['Pasta', 'Sugar', 'Tomato Sauce']",['Cheese'],3,1
"Cheese, Soda",Wine,0.0324,0.42857142857142855,2.407704654895666,0.0189432,1.4385000000000001,"['Cheese', 'Soda']",['Wine'],2,1
"Cheese, Coffee, Sugar",Pasta,0.0248,0.49206349206349204,2.4073556363184543,0.014498239999999999,1.5663375,"['Cheese', 'Coffee', 'Sugar']",['Pasta'],3,1
"Baby Wipes, Butter","Milk, Bread",0.0228,0.3475609756097561,2.4069319640564824,0.01332736,1.3113869158878504,"['Baby Wipes', 'Butter']","['Milk', 'Bread']",2,2
"Shampoo, Bread",Butter,0.0272,0.8095238095238095,2.4064322518543686,0.01589696,3.4839,"['Shampoo', 'Bread']",['Butter'],2,1
"Sugar, Bread, Coffee, Milk, Butter",Jam,0.0248,0.6078431372549019,2.404442789774137,0.014485759999999997,1.9053599999999997,"['Sugar', 'Bread', 'Coffee', 'Milk', 'Butter']",['Jam'],5,1
"Cookies, Bread, Butter",Jam,0.0372,0.6078431372549019,2.404442789774137,0.021728639999999994,1.9053599999999997,"['Cookies', 'Bread', 'Butter']",['Jam'],3,1
"Pasta, Jam, Tomato Sauce",Cheese,0.028,0.6542056074766356,2.401635857109529,0.01634128,2.104140540540541,"['Pasta', 'Jam', 'Tomato Sauce']",['Cheese'],3,1
"Sugar, Butter",Bread,0.0692,0.8317307692307693,2.4010703499733523,0.04037952,3.8842514285714294,"['Sugar', 'Butter']",['Bread'],2,1
"Jam, Cookies","Bread, Butter",0.0372,0.6458333333333333,2.3990837048043585,0.021694079999999998,2.063435294117647,"['Jam', 'Cookies']","['Bread', 'Butter']",2,2
"Cheese, Jam, Tomato Sauce","Bread, Butter",0.0204,0.6455696202531646,2.3981040871217107,0.01189328,2.0619,"['Cheese', 'Jam', 'Tomato Sauce']","['Bread', 'Butter']",3,2
"Coffee, Sugar, Bread",Butter,0.0532,0.806060606060606,2.3961373545202322,0.030997599999999997,3.4216874999999995,"['Coffee', 'Sugar', 'Bread']",['Butter'],3,1
"Cheese, Coffee, Bread",Butter,0.0216,0.8059701492537313,2.395868457948072,0.012584480000000002,3.4200923076923075,"['Cheese', 'Coffee', 'Bread']",['Butter'],3,1
"Diapers, Baby Wipes, Butter",Bread,0.0312,0.8297872340425532,2.395459682570881,0.018175359999999998,3.839899999999999,"['Diapers', 'Baby Wipes', 'Butter']",['Bread'],3,1
"Coffee, Bread, Butter",Jam,0.0436,0.6055555555555556,2.395393811533052,0.025398399999999998,1.8943098591549299,"['Coffee', 'Bread', 'Butter']",['Jam'],3,1
"Baby Wipes, Butter",Bread,0.0544,0.8292682926829267,2.3939615839576405,0.031676159999999995,3.8282285714285678,"['Baby Wipes', 'Butter']",['Bread'],2,1
"Pasta, Milk, Bread",Butter,0.0248,0.8051948051948051,2.393563630186698,0.01443888,3.406479999999999,"['Pasta', 'Milk', 'Bread']",['Butter'],3,1
"Cake, Bread",Butter,0.0296,0.8043478260869565,2.391045856382154,0.017220480000000003,3.3917333333333337,"['Cake', 'Bread']",['Butter'],2,1
"Beer, Butter",Jam,0.0336,0.60431654676259,2.3904926691558144,0.019544319999999997,1.8883781818181817,"['Beer', 'Butter']",['Jam'],2,1
"Wine, Butter",Cheese,0.038,0.6506849315068493,2.388711202301209,0.02209184,2.082933333333333,"['Wine', 'Butter']",['Cheese'],2,1
"Cheese, Bread","Milk, Butter",0.032,0.3361344537815126,2.387318563789152,0.01859584,1.2942379746835442,"['Cheese', 'Bread']","['Milk', 'Butter']",2,2
"Milk, Butter","Cheese, Bread",0.032,0.22727272727272727,2.387318563789152,0.01859584,1.1709176470588236,"['Milk', 'Butter']","['Cheese', 'Bread']",2,2
"Diapers, Butter",Jam,0.0292,0.6033057851239669,2.3864944031802486,0.016964479999999997,1.8835666666666666,"['Diapers', 'Butter']",['Jam'],2,1
"Tea, Milk, Butter",Bread,0.0248,0.8266666666666667,2.386451116243264,0.014408,3.7707692307692304,"['Tea', 'Milk', 'Butter']",['Bread'],3,1
"Milk, Baby Wipes, Butter",Bread,0.0228,0.8260869565217391,2.3847775881112563,0.013239360000000002,3.7582,"['Milk', 'Baby Wipes', 'Butter']",['Bread'],3,1
"Pasta, Tomato Sauce, Butter",Bread,0.0456,0.8260869565217391,2.3847775881112563,0.026478720000000004,3.7582,"['Pasta', 'Tomato Sauce', 'Butter']",['Bread'],3,1
Wine,Cheese,0.1156,0.6494382022471911,2.3841343694830806,0.0671128,2.0755256410256413,['Wine'],['Cheese'],1,1
Cheese,Wine,0.1156,0.4243759177679883,2.38413436948308,0.0671128,1.428015306122449,['Cheese'],['Wine'],1,1
"Coffee, Butter",Bread,0.072,0.8256880733944953,2.3836260779286818,0.04179392,3.7495999999999983,"['Coffee', 'Butter']",['Bread'],2,1
Bread,"Coffee, Butter",0.072,0.20785219399538105,2.3836260779286818,0.04179392,1.1523102040816326,['Bread'],"['Coffee', 'Butter']",1,2
"Wine, Butter","Jam, Bread",0.0256,0.4383561643835617,2.3823704586063137,0.014854400000000002,1.4528780487804878,"['Wine', 'Butter']","['Jam', 'Bread']",2,2
"Wine, Water",Cheese,0.0488,0.648936170212766,2.3822913737619897,0.028315520000000004,2.0725575757575756,"['Wine', 'Water']",['Cheese'],2,1
"Water, Baby Wipes, Butter",Bread,0.0244,0.8243243243243243,2.379689157980151,0.01414656,3.7204923076923078,"['Water', 'Baby Wipes', 'Butter']",['Bread'],3,1
"Cheese, Cookies","Pasta, Tomato Sauce",0.0256,0.4129032258064516,2.3784748030325553,0.0148368,1.4076043956043955,"['Cheese', 'Cookies']","['Pasta', 'Tomato Sauce']",2,2
Bread,"Cheese, Butter",0.0748,0.21593533487297925,2.3781424545482297,0.043346880000000004,1.15959823269514,['Bread'],"['Cheese', 'Butter']",1,2
"Cheese, Butter",Bread,0.0748,0.8237885462555066,2.3781424545482293,0.043346880000000004,3.709179999999999,"['Cheese', 'Butter']",['Bread'],2,1
"Soda, Sugar, Bread",Butter,0.0208,0.8,2.378121284185494,0.0120536,3.3180000000000005,"['Soda', 'Sugar', 'Bread']",['Butter'],3,1
"Yogurt, Bread",Butter,0.0544,0.7999999999999999,2.3781212841854935,0.03152479999999999,3.3179999999999987,"['Yogurt', 'Bread']",['Butter'],2,1
"Sugar, Bread","Water, Butter",0.0288,0.3185840707964602,2.377493065645225,0.016686399999999997,1.270883116883117,"['Sugar', 'Bread']","['Water', 'Butter']",2,2
"Water, Butter","Sugar, Bread",0.0288,0.21492537313432833,2.377493065645225,0.016686399999999997,1.158615969581749,"['Water', 'Butter']","['Sugar', 'Bread']",2,2
"Tomato Sauce, Milk, Butter",Bread,0.0316,0.8229166666666669,2.3756254811393385,0.018298240000000007,3.690917647058827,"['Tomato Sauce', 'Milk', 'Butter']",['Bread'],3,1
"Cheese, Sugar",Pasta,0.0332,0.4853801169590643,2.374658106453348,0.01921904,1.5459954545454546,"['Cheese', 'Sugar']",['Pasta'],2,1
"Croissant, Butter",Bread,0.0352,0.8224299065420562,2.374220284474758,0.020374080000000003,3.680800000000002,"['Croissant', 'Butter']",['Bread'],2,1
"Cheese, Tomato Sauce, Bread, Butter",Jam,0.0204,0.6,2.373417721518987,0.0118048,1.8679999999999999,"['Cheese', 'Tomato Sauce', 'Bread', 'Butter']",['Jam'],4,1
"Bread, Baby Wipes","Water, Butter",0.0244,0.31770833333333337,2.370957711442786,0.014108800000000001,1.2692519083969467,"['Bread', 'Baby Wipes']","['Water', 'Butter']",2,2
"Coffee, Water, Bread",Butter,0.0252,0.7974683544303797,2.3705955839190835,0.01456976,3.2765249999999986,"['Coffee', 'Water', 'Bread']",['Butter'],3,1
"Coffee, Bread",Butter,0.072,0.7964601769911505,2.3675986236360003,0.04158944,3.2602956521739133,"['Coffee', 'Bread']",['Butter'],2,1
Butter,"Coffee, Bread",0.072,0.2140309155766944,2.3675986236360003,0.04158944,1.157297428139183,['Butter'],"['Coffee', 'Bread']",1,2
"Tea, Jam, Cookies","Bread, Butter",0.026,0.6372549019607843,2.3672173178335227,0.015016639999999998,2.014637837837838,"['Tea', 'Jam', 'Cookies']","['Bread', 'Butter']",3,2
"Tomato Sauce, Butter",Bread,0.0692,0.8199052132701421,2.3669319089784704,0.03996384,3.629199999999998,"['Tomato Sauce', 'Butter']",['Bread'],2,1
"Soda, Milk, Bread",Butter,0.0296,0.7956989247311829,2.365335685883421,0.017085920000000004,3.2481473684210536,"['Soda', 'Milk', 'Bread']",['Butter'],3,1
"Cheese, Pasta, Bread",Butter,0.0296,0.7956989247311829,2.365335685883421,0.017085920000000004,3.2481473684210536,"['Cheese', 'Pasta', 'Bread']",['Butter'],3,1
"Cake, Bread",Jam,0.022,0.5978260869565217,2.364818381948266,0.012696959999999998,1.8579027027027026,"['Cake', 'Bread']",['Jam'],2,1
"Juice, Butter",Jam,0.022,0.5978260869565217,2.364818381948266,0.012696959999999998,1.8579027027027026,"['Juice', 'Butter']",['Jam'],2,1
"Baby Wipes, Butter",Jam,0.0392,0.5975609756097561,2.3637696820006173,0.022616319999999995,1.8566787878787876,"['Baby Wipes', 'Butter']",['Jam'],2,1
"Cheese, Tomato Sauce, Bread",Butter,0.034,0.7943925233644861,2.361452209763633,0.019602080000000004,3.227509090909092,"['Cheese', 'Tomato Sauce', 'Bread']",['Butter'],3,1
"Yogurt, Milk, Bread",Butter,0.02,0.7936507936507936,2.359247305739577,0.01152272,3.2159076923076912,"['Yogurt', 'Milk', 'Bread']",['Butter'],3,1
"Tea, Butter","Milk, Bread",0.0248,0.3406593406593406,2.3591367081671786,0.014287679999999999,1.2976599999999998,"['Tea', 'Butter']","['Milk', 'Bread']",2,2
"Cheese, Pasta, Tomato Sauce, Bread",Butter,0.0292,0.7934782608695652,2.358734425890503,0.01682048,3.2132210526315785,"['Cheese', 'Pasta', 'Tomato Sauce', 'Bread']",['Butter'],4,1
"Wine, Bread",Cheese,0.0388,0.6423841059602649,2.358238274450312,0.022347040000000002,2.034585185185185,"['Wine', 'Bread']",['Cheese'],2,1
"Coffee, Milk, Bread",Butter,0.0552,0.7931034482758621,2.3576202386321703,0.031786560000000005,3.2074000000000003,"['Coffee', 'Milk', 'Bread']",['Butter'],3,1
"Pasta, Milk, Butter",Bread,0.0248,0.8157894736842105,2.3550504436611157,0.01426944,3.548114285714285,"['Pasta', 'Milk', 'Butter']",['Bread'],3,1
"Cheese, Milk, Bread",Butter,0.032,0.7920792079207921,2.3545755288965284,0.018409440000000003,3.1916,"['Cheese', 'Milk', 'Bread']",['Butter'],3,1
"Water, Bread, Cookies",Butter,0.0228,0.7916666666666667,2.3533491874752284,0.013111680000000002,3.185280000000001,"['Water', 'Bread', 'Cookies']",['Butter'],3,1
"Jam, Tomato Sauce","Milk, Butter",0.02,0.3311258278145695,2.351745936183022,0.01149568,1.284546534653465,"['Jam', 'Tomato Sauce']","['Milk', 'Butter']",2,2
"Cheese, Butter",Wine,0.038,0.4185022026431718,2.3511359699054597,0.0218376,1.4135909090909091,"['Cheese', 'Butter']",['Wine'],2,1
Wine,"Cheese, Butter",0.038,0.21348314606741572,2.3511359699054593,0.0218376,1.1559828571428572,['Wine'],"['Cheese', 'Butter']",1,2
"Yogurt, Butter",Bread,0.0544,0.8143712574850299,2.3509562860422344,0.03126048,3.5210064516129025,"['Yogurt', 'Butter']",['Bread'],2,1
"Pasta, Tomato Sauce, Bread, Butter",Cheese,0.0292,0.6403508771929824,2.3507741453486877,0.01677856,2.0230829268292685,"['Pasta', 'Tomato Sauce', 'Bread', 'Butter']",['Cheese'],4,1
"Coffee, Milk, Sugar, Bread",Butter,0.0408,0.7906976744186047,2.3504687111135696,0.023441760000000002,3.170533333333334,"['Coffee', 'Milk', 'Sugar', 'Bread']",['Butter'],4,1
"Eggs, Butter",Bread,0.0648,0.8140703517587938,2.3500876205507906,0.03722655999999999,3.5153081081081052,"['Eggs', 'Butter']",['Bread'],2,1
"Coffee, Sugar, Bread, Butter",Jam,0.0316,0.5939849624060152,2.349624060150376,0.01815104,1.8403259259259264,"['Coffee', 'Sugar', 'Bread', 'Butter']",['Jam'],4,1
"Rice, Jam",Butter,0.024,0.7894736842105263,2.346830214656737,0.013773440000000001,3.1521,"['Rice', 'Jam']",['Butter'],2,1
"Cheese, Coffee, Milk",Pasta,0.0272,0.4788732394366197,2.3428240676938343,0.015590079999999997,1.526691891891892,"['Cheese', 'Coffee', 'Milk']",['Pasta'],3,1
"Jam, Tomato Sauce","Milk, Bread",0.0204,0.33774834437086093,2.3389774540918347,0.011678240000000001,1.2919559999999999,"['Jam', 'Tomato Sauce']","['Milk', 'Bread']",2,2
"Tomato Sauce, Bread",Butter,0.0692,0.7863636363636364,2.337585125932332,0.0395968,3.106212765957447,"['Tomato Sauce', 'Bread']",['Butter'],2,1
Butter,"Tomato Sauce, Bread",0.0692,0.2057074910820452,2.337585125932332,0.0395968,1.1481916167664672,['Butter'],"['Tomato Sauce', 'Bread']",1,2
"Cookies, Milk, Butter",Bread,0.0272,0.8095238095238095,2.3369624986253164,0.01556096,3.4314,"['Cookies', 'Milk', 'Butter']",['Bread'],3,1
"Cheese, Bread",Butter,0.0748,0.7857142857142857,2.3356548326821813,0.04277472,3.0967999999999996,"['Cheese', 'Bread']",['Butter'],2,1
Butter,"Cheese, Bread",0.0748,0.22235434007134366,2.3356548326821813,0.04277472,1.1635119266055047,['Butter'],"['Cheese', 'Bread']",1,2
"Tea, Water","Cookies, Milk",0.0224,0.23236514522821577,2.3329833858254596,0.01279856,1.1729535135135136,"['Tea', 'Water']","['Cookies', 'Milk']",2,2
"Cookies, Milk","Tea, Water",0.0224,0.22489959839357432,2.3329833858254596,0.01279856,1.1657844559585493,"['Cookies', 'Milk']","['Tea', 'Water']",2,2
"Cookies, Bread",Butter,0.0612,0.7846153846153846,2.332388182566542,0.0349608,3.0809999999999995,"['Cookies', 'Bread']",['Butter'],2,1
"Cheese, Wine, Bread",Butter,0.0304,0.7835051546391752,2.3290878556455867,0.01734768,3.0652,"['Cheese', 'Wine', 'Bread']",['Butter'],3,1
"Cheese, Yogurt",Pasta,0.0276,0.4758620689655172,2.328092313921317,0.0157448,1.5179210526315787,"['Cheese', 'Yogurt']",['Pasta'],2,1
Butter,"Soda, Bread",0.0748,0.22235434007134366,2.3258822183194945,0.04264016,1.1629975535168195,['Butter'],"['Soda', 'Bread']",1,2
"Soda, Bread",Butter,0.0748,0.7824267782426778,2.325882218319494,0.04264016,3.050007692307692,"['Soda', 'Bread']",['Butter'],2,1
"Wine, Cookies",Cheese,0.0276,0.6330275229357798,2.3238895849331125,0.01572336,1.98271,"['Wine', 'Cookies']",['Cheese'],2,1
"Milk, Cookies, Bread",Butter,0.0272,0.7816091954022989,2.3234518293766317,0.01549328,3.038589473684211,"['Milk', 'Cookies', 'Bread']",['Butter'],3,1
"Cheese, Wine, Jam",Butter,0.02,0.78125,2.322384066587396,0.011388160000000001,3.0336,"['Cheese', 'Wine', 'Jam']",['Butter'],3,1
Butter,"Milk, Bread",0.1128,0.3353151010701546,2.3221267387129823,0.06422384,1.2872264758497318,['Butter'],"['Milk', 'Bread']",1,2
"Milk, Bread",Butter,0.1128,0.7811634349030471,2.322126738712982,0.06422384,3.0323999999999995,"['Milk', 'Bread']",['Butter'],2,1
"Rice, Bread",Jam,0.0244,0.5865384615384616,2.320167964946446,0.013883520000000002,1.8071813953488374,"['Rice', 'Bread']",['Jam'],2,1
"Rice, Jam",Bread,0.0244,0.8026315789473685,2.3170657590859367,0.013869440000000002,3.311573333333334,"['Rice', 'Jam']",['Bread'],2,1
"Wine, Coffee, Milk",Cheese,0.0212,0.630952380952381,2.316271589399343,0.012047360000000002,1.9715612903225812,"['Wine', 'Coffee', 'Milk']",['Cheese'],3,1
"Tea, Butter",Bread,0.0584,0.8021978021978021,2.315813516737304,0.03318208,3.30431111111111,"['Tea', 'Butter']",['Bread'],2,1
"Rice, Bread",Butter,0.0324,0.7788461538461539,2.315238269459435,0.01840576,3.0006260869565216,"['Rice', 'Bread']",['Butter'],2,1
"Pasta, Tomato Sauce, Butter",Cheese,0.0348,0.6304347826086956,2.314371448636915,0.01976352,1.9687999999999997,"['Pasta', 'Tomato Sauce', 'Butter']",['Cheese'],3,1
"Cheese, Butter","Jam, Milk",0.0216,0.23788546255506607,2.3140609197963626,0.01226576,1.177250867052023,"['Cheese', 'Butter']","['Jam', 'Milk']",2,2
"Jam, Milk","Cheese, Butter",0.0216,0.21011673151750973,2.3140609197963626,0.01226576,1.151056157635468,"['Jam', 'Milk']","['Cheese', 'Butter']",2,2
"Milk, Butter",Bread,0.1128,0.8011363636363635,2.3127493176569387,0.06402688,3.286674285714284,"['Milk', 'Butter']",['Bread'],2,1
Bread,"Milk, Butter",0.1128,0.325635103926097,2.3127493176569387,0.06402688,1.2740876712328766,['Bread'],"['Milk', 'Butter']",1,2
"Juice, Bread",Butter,0.028,0.7777777777777779,2.312062359624786,0.015889600000000004,2.9862000000000015,"['Juice', 'Bread']",['Butter'],2,1
"Soda, Water, Bread",Butter,0.0252,0.7777777777777778,2.3120623596247856,0.014300640000000002,2.9862,"['Soda', 'Water', 'Bread']",['Butter'],3,1
"Beer, Jam",Butter,0.0336,0.7777777777777777,2.312062359624785,0.019067519999999998,2.9861999999999984,"['Beer', 'Jam']",['Butter'],2,1
"Cheese, Baby Wipes",Wine,0.0232,0.41134751773049644,2.310941110845486,0.013160799999999999,1.3964096385542168,"['Cheese', 'Baby Wipes']",['Wine'],2,1
Butter,Bread,0.2692,0.8002378121284186,2.310155346791047,0.15267104,3.271890476190477,['Butter'],['Bread'],1,1
Bread,Butter,0.2692,0.7771362586605081,2.3101553467910465,0.15267104,2.97760414507772,['Bread'],['Butter'],1,1
"Cheese, Wine, Butter",Bread,0.0304,0.8,2.309468822170901,0.0172368,3.2680000000000007,"['Cheese', 'Wine', 'Butter']",['Bread'],3,1
"Pasta, Tomato Sauce, Milk, Butter",Bread,0.0208,0.8,2.309468822170901,0.0117936,3.2680000000000007,"['Pasta', 'Tomato Sauce', 'Milk', 'Butter']",['Bread'],4,1
"Tomato Sauce, Bread, Butter",Jam,0.0404,0.5838150289017341,2.309394892807492,0.022906239999999998,1.7953555555555554,"['Tomato Sauce', 'Bread', 'Butter']",['Jam'],3,1
"Cheese, Eggs",Wine,0.0268,0.41104294478527614,2.309230026883574,0.015194400000000002,1.3956875000000002,"['Cheese', 'Eggs']",['Wine'],2,1
"Water, Bread",Butter,0.1016,0.7767584097859327,2.3090321337275053,0.05759888,2.972564383561643,"['Water', 'Bread']",['Butter'],2,1
Butter,"Water, Bread",0.1016,0.30202140309155767,2.3090321337275053,0.05759888,1.2453103918228279,['Butter'],"['Water', 'Bread']",1,2
"Eggs, Jam",Butter,0.0444,0.7762237762237763,2.30744285441075,0.025157920000000004,2.9654625,"['Eggs', 'Jam']",['Butter'],2,1
"Tea, Bread","Milk, Butter",0.0248,0.32460732984293195,2.3054497858162777,0.014042879999999999,1.2721488372093024,"['Tea', 'Bread']","['Milk', 'Butter']",2,2
"Pasta, Tomato Sauce, Bread",Butter,0.0456,0.7755102040816327,2.3053216530369585,0.025819680000000005,2.9560363636363647,"['Pasta', 'Tomato Sauce', 'Bread']",['Butter'],3,1
"Tomato Sauce, Butter","Jam, Milk",0.02,0.23696682464454977,2.3051247533516515,0.01132368,1.1758335403726707,"['Tomato Sauce', 'Butter']","['Jam', 'Milk']",2,2
"Tea, Cookies, Butter",Bread,0.0396,0.7983870967741936,2.3048126350294273,0.022418560000000004,3.2418560000000007,"['Tea', 'Cookies', 'Butter']",['Bread'],3,1
"Cheese, Jam","Pasta, Tomato Sauce",0.028,0.39999999999999997,2.304147465437788,0.015848,1.377333333333333,"['Cheese', 'Jam']","['Pasta', 'Tomato Sauce']",2,2
"Wine, Sugar",Cheese,0.0276,0.6272727272727273,2.3027633159791754,0.0156144,1.95209756097561,"['Wine', 'Sugar']",['Cheese'],2,1
"Milk, Butter","Water, Bread",0.0424,0.30113636363636365,2.3022657770364194,0.02398336,1.2437333333333334,"['Milk', 'Butter']","['Water', 'Bread']",2,2
"Water, Bread","Milk, Butter",0.0424,0.3241590214067278,2.302265777036419,0.02398336,1.2713049773755656,"['Water', 'Bread']","['Milk', 'Butter']",2,2
"Tea, Cookies, Bread",Butter,0.0396,0.7734375,2.299160225921522,0.022376320000000005,2.928993103448276,"['Tea', 'Cookies', 'Bread']",['Butter'],3,1
"Pasta, Tomato Sauce, Bread",Cheese,0.0368,0.6258503401360545,2.297541630455413,0.02078288,1.9446763636363638,"['Pasta', 'Tomato Sauce', 'Bread']",['Cheese'],3,1
"Cheese, Water, Milk",Pasta,0.0216,0.46956521739130436,2.2972857993703735,0.012197600000000001,1.4999016393442621,"['Cheese', 'Water', 'Milk']",['Pasta'],3,1
"Soda, Milk, Butter",Bread,0.0296,0.7956989247311829,2.2970523231269713,0.016713920000000004,3.1992000000000007,"['Soda', 'Milk', 'Butter']",['Bread'],3,1
"Eggs, Butter","Milk, Bread",0.0264,0.3316582914572864,2.296802572418881,0.014905759999999999,1.2801834586466165,"['Eggs', 'Butter']","['Milk', 'Bread']",2,2
"Cheese, Coffee",Pasta,0.0336,0.4692737430167598,2.295859799494911,0.01896496,1.499077894736842,"['Cheese', 'Coffee']",['Pasta'],2,1
"Wine, Bread","Jam, Butter",0.0256,0.423841059602649,2.293512227287062,0.01443808,1.414887356321839,"['Wine', 'Bread']","['Jam', 'Butter']",2,2
"Tea, Water, Bread",Butter,0.0216,0.7714285714285715,2.293188381178869,0.012180800000000002,2.9032500000000003,"['Tea', 'Water', 'Bread']",['Butter'],3,1
"Eggs, Bread",Butter,0.0648,0.7714285714285714,2.2931883811788687,0.036542399999999996,2.903249999999999,"['Eggs', 'Bread']",['Butter'],2,1
"Croissant, Butter",Jam,0.0248,0.5794392523364487,2.2920856500650655,0.013980159999999998,1.7766755555555558,"['Croissant', 'Butter']",['Jam'],2,1
"Cheese, Bread",Wine,0.0388,0.40756302521008403,2.2896799169105844,0.0218544,1.3874893617021278,"['Cheese', 'Bread']",['Wine'],2,1
Wine,"Cheese, Bread",0.0388,0.21797752808988766,2.2896799169105844,0.0218544,1.157,['Wine'],"['Cheese', 'Bread']",1,2
"Yogurt, Butter","Water, Bread",0.02,0.29940119760479045,2.2889999816880002,0.011262560000000001,1.2406529914529916,"['Yogurt', 'Butter']","['Water', 'Bread']",2,2
"Cookies, Butter",Bread,0.0612,0.7927461139896372,2.288528042695258,0.034457919999999996,3.1536199999999988,"['Cookies', 'Butter']",['Bread'],2,1
"Yogurt, Water, Bread",Butter,0.02,0.7692307692307693,2.28665508094759,0.0112536,2.8756000000000004,"['Yogurt', 'Water', 'Bread']",['Butter'],3,1
"Cheese, Milk, Butter",Bread,0.032,0.7920792079207921,2.2866027942286147,0.01800544,3.1435047619047625,"['Cheese', 'Milk', 'Butter']",['Bread'],3,1
"Pasta, Water","Cheese, Milk",0.0216,0.26865671641791045,2.284495887907402,0.012144960000000002,1.2065469387755101,"['Pasta', 'Water']","['Cheese', 'Milk']",2,2
"Cheese, Bread, Butter",Wine,0.0304,0.4064171122994652,2.28324220392958,0.0170856,1.3848108108108108,"['Cheese', 'Bread', 'Butter']",['Wine'],3,1
Bread,"Soda, Butter",0.0748,0.21593533487297925,2.2777988910651823,0.04196128000000001,1.1544966126656848,['Bread'],"['Soda', 'Butter']",1,2
"Soda, Butter",Bread,0.0748,0.789029535864979,2.277798891065182,0.04196128000000001,3.0980640000000017,"['Soda', 'Butter']",['Bread'],2,1
"Sugar, Bread",Butter,0.0692,0.7654867256637168,2.2755253438279337,0.03878944,2.829690566037735,"['Sugar', 'Bread']",['Butter'],2,1
Butter,"Sugar, Bread",0.0692,0.2057074910820452,2.2755253438279337,0.03878944,1.1451700598802395,['Butter'],"['Sugar', 'Bread']",1,2
"Water, Tomato Sauce, Butter",Bread,0.0268,0.788235294117647,2.2755060453742697,0.0150224,3.086444444444444,"['Water', 'Tomato Sauce', 'Butter']",['Bread'],3,1
"Bread, Croissant",Butter,0.0352,0.7652173913043478,2.2747247066122114,0.019725600000000003,2.8264444444444448,"['Bread', 'Croissant']",['Butter'],2,1
"Coffee, Water, Butter",Bread,0.0252,0.7875,2.2733833718244805,0.0141152,3.0757647058823525,"['Coffee', 'Water', 'Butter']",['Bread'],3,1
"Tomato Sauce, Bread","Water, Butter",0.0268,0.30454545454545456,2.272727272727273,0.015008,1.2452287581699346,"['Tomato Sauce', 'Bread']","['Water', 'Butter']",2,2
"Diapers, Baby Wipes, Butter",Jam,0.0216,0.574468085106383,2.2724212227309453,0.01209472,1.7559200000000001,"['Diapers', 'Baby Wipes', 'Butter']",['Jam'],3,1
"Tea, Bread",Butter,0.0584,0.7643979057591623,2.2722886615908515,0.03269904,2.8166133333333336,"['Tea', 'Bread']",['Butter'],2,1
"Pasta, Bread",Butter,0.0532,0.764367816091954,2.2721992154933237,0.02978656,2.8162536585365854,"['Pasta', 'Bread']",['Butter'],2,1
"Beer, Jam",Bread,0.034,0.7870370370370371,2.272046873663502,0.01903552,3.0690782608695657,"['Beer', 'Jam']",['Bread'],2,1
"Beer, Coffee",Baby Wipes,0.022,0.48245614035087714,2.2714507549476326,0.012314559999999999,1.5218033898305083,"['Beer', 'Coffee']",['Baby Wipes'],2,1
"Tea, Butter","Water, Bread",0.0216,0.2967032967032967,2.2683738280068555,0.01207776,1.23589375,"['Tea', 'Butter']","['Water', 'Bread']",2,2
"Cheese, Sugar",Wine,0.0276,0.40350877192982454,2.266903213088902,0.015424799999999999,1.3780588235294118,"['Cheese', 'Sugar']",['Wine'],2,1
"Eggs, Butter","Water, Bread",0.0236,0.29648241206030146,2.2666851074946597,0.013188319999999998,1.2355057142857142,"['Eggs', 'Butter']","['Water', 'Bread']",2,2
"Wine, Baby Wipes",Cheese,0.0232,0.6170212765957446,2.2651295029212357,0.012957759999999999,1.899844444444444,"['Wine', 'Baby Wipes']",['Cheese'],2,1
"Wine, Coffee",Cheese,0.0264,0.6168224299065421,2.264399522417556,0.01474128,1.8988585365853663,"['Wine', 'Coffee']",['Cheese'],2,1
"Milk, Sugar, Bread",Butter,0.0444,0.7602739726027398,2.260029645073543,0.024754240000000004,2.7681600000000004,"['Milk', 'Sugar', 'Bread']",['Butter'],3,1
"Cookies, Butter","Water, Bread",0.0228,0.29533678756476683,2.257926510433997,0.01270224,1.2334970588235292,"['Cookies', 'Butter']","['Water', 'Bread']",2,2
"Tomato Sauce, Bread","Jam, Milk",0.0204,0.23181818181818184,2.255040679165193,0.011353600000000002,1.1679526627218935,"['Tomato Sauce', 'Bread']","['Jam', 'Milk']",2,2
"Coffee, Tomato Sauce","Milk, Bread",0.0212,0.32515337423312884,2.251754669204493,0.011785120000000001,1.2678436363636365,"['Coffee', 'Tomato Sauce']","['Milk', 'Bread']",2,2
"Cheese, Bread, Butter","Pasta, Tomato Sauce",0.0292,0.3903743315508021,2.248700066536878,0.01621472,1.3555859649122808,"['Cheese', 'Bread', 'Butter']","['Pasta', 'Tomato Sauce']",3,2
"Eggs, Water, Bread",Butter,0.0236,0.7564102564102564,2.248544162931797,0.013104320000000001,2.724252631578947,"['Eggs', 'Water', 'Bread']",['Butter'],3,1
"Cheese, Milk",Pasta,0.054,0.45918367346938777,2.2464954670713686,0.02996256,1.471109433962264,"['Cheese', 'Milk']",['Pasta'],2,1
Pasta,"Cheese, Milk",0.054,0.26418786692759294,2.2464954670713686,0.02996256,1.1992191489361703,['Pasta'],"['Cheese', 'Milk']",1,2
"Wine, Bread, Butter",Jam,0.0256,0.5663716814159293,2.240394309398454,0.01417344,1.7231346938775514,"['Wine', 'Bread', 'Butter']",['Jam'],3,1
"Pasta, Butter",Jam,0.036,0.5660377358490565,2.239073322187723,0.019921919999999996,1.7218086956521734,"['Pasta', 'Butter']",['Jam'],2,1
"Wine, Coffee, Sugar",Cheese,0.02,0.6097560975609756,2.238458507933097,0.01106528,1.864475,"['Wine', 'Coffee', 'Sugar']",['Cheese'],3,1
"Beer, Sugar",Baby Wipes,0.0228,0.47500000000000003,2.236346516007533,0.012604800000000001,1.5001904761904763,"['Beer', 'Sugar']",['Baby Wipes'],2,1
"Cheese, Milk",Wine,0.0468,0.3979591836734694,2.2357257509745474,0.025867200000000003,1.36535593220339,"['Cheese', 'Milk']",['Wine'],2,1
Wine,"Cheese, Milk",0.0468,0.2629213483146068,2.2357257509745474,0.025867200000000003,1.1971585365853659,['Wine'],"['Cheese', 'Milk']",1,2
"Wine, Butter",Bread,0.0452,0.773972602739726,2.2343319940523267,0.024970239999999998,2.8916848484848483,"['Wine', 'Butter']",['Bread'],2,1
"Eggs, Bread","Milk, Butter",0.0264,0.3142857142857143,2.2321428571428568,0.014572799999999999,1.253,"['Eggs', 'Bread']","['Milk', 'Butter']",2,2
"Milk, Eggs, Bread",Butter,0.0264,0.75,2.2294887039239004,0.01455872,2.6544,"['Milk', 'Eggs', 'Bread']",['Butter'],3,1
"Jam, Water, Milk",Butter,0.03,0.75,2.2294887039239004,0.016544,2.6544,"['Jam', 'Water', 'Milk']",['Butter'],3,1
"Cheese, Coffee, Sugar",Wine,0.02,0.3968253968253968,2.2293561619404314,0.0110288,1.3627894736842106,"['Cheese', 'Coffee', 'Sugar']",['Wine'],3,1
"Cheese, Jam, Butter",Wine,0.02,0.3968253968253968,2.2293561619404314,0.0110288,1.3627894736842106,"['Cheese', 'Jam', 'Butter']",['Wine'],3,1
"Cheese, Bread","Pasta, Tomato Sauce",0.0368,0.38655462184873945,2.226697130465089,0.020273279999999998,1.347145205479452,"['Cheese', 'Bread']","['Pasta', 'Tomato Sauce']",2,2
"Pasta, Tomato Sauce","Cheese, Bread",0.0368,0.2119815668202765,2.226697130465089,0.020273279999999998,1.1481964912280702,"['Pasta', 'Tomato Sauce']","['Cheese', 'Bread']",2,2
"Yogurt, Butter",Jam,0.0376,0.562874251497006,2.226559539149549,0.02071296,1.7093479452054794,"['Yogurt', 'Butter']",['Jam'],2,1
"Wine, Bread",Butter,0.0452,0.7483443708609271,2.2245670953059666,0.024881439999999998,2.6369368421052624,"['Wine', 'Bread']",['Butter'],2,1
"Milk, Tomato Sauce, Bread",Coffee,0.0212,0.5578947368421053,2.224460673214136,0.011669599999999999,1.694619047619048,"['Milk', 'Tomato Sauce', 'Bread']",['Coffee'],3,1
"Coffee, Tomato Sauce","Milk, Butter",0.0204,0.3128834355828221,2.2221834913552705,0.011219840000000002,1.250442857142857,"['Coffee', 'Tomato Sauce']","['Milk', 'Butter']",2,2
"Cheese, Eggs",Pasta,0.0296,0.45398773006134974,2.2210750003001456,0.016273120000000002,1.4571101123595507,"['Cheese', 'Eggs']",['Pasta'],2,1
"Cheese, Tea",Pasta,0.0296,0.45398773006134974,2.2210750003001456,0.016273120000000002,1.4571101123595507,"['Cheese', 'Tea']",['Pasta'],2,1
"Yogurt, Milk, Butter",Bread,0.02,0.7692307692307693,2.220643098241251,0.010993600000000001,2.832266666666667,"['Yogurt', 'Milk', 'Butter']",['Bread'],3,1
"Eggs, Jam",Bread,0.044,0.7692307692307692,2.2206430982412506,0.02418592,2.8322666666666656,"['Eggs', 'Jam']",['Bread'],2,1
"Cheese, Water, Bread",Butter,0.0248,0.7469879518072289,2.2205349340286236,0.01363152,2.6227999999999994,"['Cheese', 'Water', 'Bread']",['Butter'],3,1
"Milk, Water, Bread",Butter,0.0424,0.7464788732394366,2.2190216208068865,0.02329248,2.6175333333333333,"['Milk', 'Water', 'Bread']",['Butter'],3,1
"Water, Milk, Butter",Bread,0.0424,0.7681159420289855,2.2174247749104663,0.023278720000000003,2.8186499999999994,"['Water', 'Milk', 'Butter']",['Bread'],3,1
"Soda, Pasta",Cheese,0.0328,0.6029411764705883,2.213440442256198,0.017981440000000005,1.8324740740740746,"['Soda', 'Pasta']",['Cheese'],2,1
"Eggs, Water, Butter",Bread,0.0236,0.7662337662337662,2.2119912420143364,0.012930879999999999,2.7959555555555546,"['Eggs', 'Water', 'Butter']",['Bread'],3,1
"Coffee, Butter","Water, Bread",0.0252,0.2889908256880734,2.20940998232472,0.013794240000000001,1.2224877419354838,"['Coffee', 'Butter']","['Water', 'Bread']",2,2
"Jam, Juice",Butter,0.022,0.7432432432432432,2.209403220104766,0.012042559999999999,2.584547368421052,"['Jam', 'Juice']",['Butter'],2,1
"Jam, Milk",Butter,0.0764,0.7431906614785991,2.2092469128376906,0.04181808,2.584018181818181,"['Jam', 'Milk']",['Butter'],2,1
Butter,"Jam, Milk",0.0764,0.22711058263971462,2.2092469128376906,0.04181808,1.1608387692307691,['Butter'],"['Jam', 'Milk']",1,2
"Jam, Baby Wipes",Bread,0.0404,0.7651515151515151,2.208866960599062,0.02211008,2.783070967741935,"['Jam', 'Baby Wipes']",['Bread'],2,1
"Pasta, Tea",Cheese,0.0296,0.6016260162601627,2.2086123944939895,0.016197920000000005,1.8264244897959188,"['Pasta', 'Tea']",['Cheese'],2,1
"Pasta, Tomato Sauce","Cheese, Butter",0.0348,0.20046082949308755,2.2077183864877483,0.019037119999999998,1.1371550432276656,"['Pasta', 'Tomato Sauce']","['Cheese', 'Butter']",2,2
"Cheese, Butter","Pasta, Tomato Sauce",0.0348,0.38325991189427305,2.207718386487748,0.019037119999999998,1.3399485714285713,"['Cheese', 'Butter']","['Pasta', 'Tomato Sauce']",2,2
"Jam, Baby Wipes",Butter,0.0392,0.7424242424242424,2.206968616005477,0.02143808,2.5763294117647058,"['Jam', 'Baby Wipes']",['Butter'],2,1
"Eggs, Butter",Jam,0.0444,0.5577889447236181,2.2064436104573497,0.02427712,1.689690909090909,"['Eggs', 'Butter']",['Jam'],2,1
"Beer, Milk",Baby Wipes,0.032,0.4678362573099415,2.2026189138886134,0.017471840000000002,1.4799956043956042,"['Beer', 'Milk']",['Baby Wipes'],2,1
"Soap, Bread",Butter,0.024,0.7407407407407408,2.2019641520236055,0.013100640000000002,2.5596000000000005,"['Soap', 'Bread']",['Butter'],2,1
"Jam, Milk","Water, Bread",0.0296,0.2879377431906615,2.201358892894966,0.016153760000000003,1.220679781420765,"['Jam', 'Milk']","['Water', 'Bread']",2,2
"Water, Bread","Jam, Milk",0.0296,0.22629969418960247,2.2013588928949654,0.016153760000000003,1.1596221343873518,"['Water', 'Bread']","['Jam', 'Milk']",2,2
"Tea, Cookies, Butter",Jam,0.0276,0.5564516129032259,2.2011535320538997,0.015061119999999999,1.684596363636364,"['Tea', 'Cookies', 'Butter']",['Jam'],3,1
"Yogurt, Jam",Butter,0.0376,0.7401574803149606,2.200230321982642,0.020510880000000002,2.5538545454545454,"['Yogurt', 'Jam']",['Butter'],2,1
"Milk, Butter","Soda, Bread",0.0296,0.21022727272727273,2.1990300494484596,0.016139519999999997,1.1451395683453236,"['Milk', 'Butter']","['Soda', 'Bread']",2,2
"Soda, Bread","Milk, Butter",0.0296,0.30962343096234307,2.199030049448459,0.016139519999999997,1.2445381818181818,"['Soda', 'Bread']","['Milk', 'Butter']",2,2
"Cake, Butter",Jam,0.022,0.5555555555555555,2.197609001406469,0.011989119999999997,1.6811999999999996,"['Cake', 'Butter']",['Jam'],2,1
"Yogurt, Tomato Sauce",Cheese,0.0304,0.5984251968503937,2.196861956132136,0.01656208,1.811866666666667,"['Yogurt', 'Tomato Sauce']",['Cheese'],2,1
"Juice, Butter",Bread,0.028,0.7608695652173914,2.1965056732603676,0.01525248,2.733236363636364,"['Juice', 'Butter']",['Bread'],2,1
"Coffee, Bread","Tomato Sauce, Milk",0.0212,0.2345132743362832,2.195817175433363,0.01154528,1.1668393063583815,"['Coffee', 'Bread']","['Tomato Sauce', 'Milk']",2,2
"Cheese, Butter",Jam,0.0504,0.5550660792951542,2.1956727820219704,0.027445759999999996,1.6793504950495048,"['Cheese', 'Butter']",['Jam'],2,1
"Yogurt, Bread","Water, Butter",0.02,0.29411764705882354,2.194907813871817,0.010887999999999998,1.2268333333333334,"['Yogurt', 'Bread']","['Water', 'Butter']",2,2
"Pasta, Water",Cheese,0.048,0.5970149253731344,2.1916847480658386,0.026099040000000004,1.8055259259259262,"['Pasta', 'Water']",['Cheese'],2,1
"Cheese, Jam","Milk, Butter",0.0216,0.30857142857142855,2.1915584415584415,0.011744,1.2426446280991734,"['Cheese', 'Jam']","['Milk', 'Butter']",2,2
"Water, Butter","Milk, Bread",0.0424,0.3164179104477612,2.1912597676437757,0.0230504,1.2516419213973797,"['Water', 'Butter']","['Milk', 'Bread']",2,2
"Milk, Bread","Water, Butter",0.0424,0.29362880886426596,2.1912597676437757,0.0230504,1.2259843137254904,"['Milk', 'Bread']","['Water', 'Butter']",2,2
"Soda, Water, Butter",Bread,0.0252,0.7590361445783133,2.1912128885055235,0.01369952,2.71244,"['Soda', 'Water', 'Butter']",['Bread'],3,1
"Bread, Baby Wipes",Beer,0.0284,0.36979166666666674,2.1907089257503953,0.015436160000000003,1.3189289256198347,"['Bread', 'Baby Wipes']",['Beer'],2,1
"Coffee, Butter","Tomato Sauce, Milk",0.0204,0.23394495412844038,2.1904958251726625,0.011087040000000001,1.1659736526946107,"['Coffee', 'Butter']","['Tomato Sauce', 'Milk']",2,2
"Water, Butter",Bread,0.1016,0.7582089552238805,2.1888249284754058,0.05518239999999999,2.7031604938271596,"['Water', 'Butter']",['Bread'],2,1
Bread,"Water, Butter",0.1016,0.2933025404157044,2.1888249284754058,0.05518239999999999,1.2254183006535948,['Bread'],"['Water', 'Butter']",1,2
"Yogurt, Water, Butter",Bread,0.02,0.7575757575757576,2.186996990692141,0.010855040000000002,2.6961,"['Yogurt', 'Water', 'Butter']",['Bread'],3,1
"Coffee, Sugar, Jam, Milk",Butter,0.0256,0.7356321839080461,2.186778192354477,0.013893280000000003,2.5101391304347835,"['Coffee', 'Sugar', 'Jam', 'Milk']",['Butter'],4,1
"Cheese, Baby Wipes",Pasta,0.0252,0.4468085106382979,2.1859516176041973,0.013671840000000001,1.4382000000000001,"['Cheese', 'Baby Wipes']",['Pasta'],2,1
"Beer, Bread",Butter,0.0464,0.7341772151898733,2.1824530772588386,0.025139519999999995,2.496399999999999,"['Beer', 'Bread']",['Butter'],2,1
"Cookies, Bread","Water, Butter",0.0228,0.2923076923076923,2.1814006888633752,0.012348,1.223695652173913,"['Cookies', 'Bread']","['Water', 'Butter']",2,2
"Cake, Jam",Butter,0.022,0.7333333333333333,2.179944510503369,0.011908,2.4884999999999993,"['Cake', 'Jam']",['Butter'],2,1
"Water, Butter","Jam, Milk",0.03,0.22388059701492535,2.177826819211336,0.016224799999999998,1.1560076923076923,"['Water', 'Butter']","['Jam', 'Milk']",2,2
"Jam, Milk","Water, Butter",0.03,0.29182879377431903,2.1778268192113357,0.016224799999999998,1.2228681318681318,"['Jam', 'Milk']","['Water', 'Butter']",2,2
"Tea, Butter",Jam,0.04,0.5494505494505494,2.173459451940464,0.02159616,1.6584195121951217,"['Tea', 'Butter']",['Jam'],2,1
Jam,Butter,0.1848,0.731012658227848,2.1730459519258267,0.09975807999999999,2.467030588235293,['Jam'],['Butter'],1,1
Butter,Jam,0.1848,0.549346016646849,2.1730459519258267,0.09975807999999999,1.6580348284960422,['Butter'],['Jam'],1,1
"Jam, Diapers",Butter,0.0292,0.73,2.170035671819263,0.015744,2.4577777777777774,"['Jam', 'Diapers']",['Butter'],2,1
Pasta,Cheese,0.1208,0.5909980430528377,2.169596340135234,0.06512144,1.7789645933014357,['Pasta'],['Cheese'],1,1
Cheese,Pasta,0.1208,0.44346549192364176,2.1695963401352336,0.06512144,1.4295609498680741,['Cheese'],['Pasta'],1,1
"Cheese, Jam, Milk",Butter,0.0216,0.7297297297297297,2.1692322524664975,0.011642560000000001,2.45532,"['Cheese', 'Jam', 'Milk']",['Butter'],3,1
"Milk, Tea, Bread",Butter,0.0248,0.7294117647058823,2.16828705322795,0.013362399999999998,2.4524347826086954,"['Milk', 'Tea', 'Bread']",['Butter'],3,1
"Yogurt, Bread",Jam,0.0372,0.5470588235294117,2.1639985107967235,0.020009599999999995,1.6496623376623374,"['Yogurt', 'Bread']",['Jam'],2,1
"Soda, Butter","Milk, Bread",0.0296,0.31223628691983124,2.16230115595451,0.015910880000000002,1.2440319018404908,"['Soda', 'Butter']","['Milk', 'Bread']",2,2
"Milk, Bread","Soda, Butter",0.0296,0.20498614958448755,2.16230115595451,0.015910880000000002,1.1385965156794426,"['Milk', 'Bread']","['Soda', 'Butter']",2,2
"Water, Butter",Jam,0.0732,0.5462686567164179,2.1608728509351973,0.03932479999999999,1.6467894736842104,"['Water', 'Butter']",['Jam'],2,1
Jam,"Water, Butter",0.0732,0.28955696202531644,2.1608728509351973,0.03932479999999999,1.218957683741648,['Jam'],"['Water', 'Butter']",1,2
"Diapers, Bread",Butter,0.0404,0.7266187050359713,2.1599842599166803,0.021696160000000003,2.427378947368421,"['Diapers', 'Bread']",['Butter'],2,1
"Cake, Butter",Bread,0.0296,0.7474747474747474,2.1578370308162453,0.01588256,2.588255999999999,"['Cake', 'Butter']",['Bread'],2,1
"Coffee, Milk, Butter",Jam,0.036,0.5454545454545454,2.1576524741081697,0.019315199999999994,1.6438399999999997,"['Coffee', 'Milk', 'Butter']",['Jam'],3,1
"Coffee, Jam, Milk",Butter,0.036,0.7258064516129032,2.1575697134747425,0.019314559999999998,2.4201882352941175,"['Coffee', 'Jam', 'Milk']",['Butter'],3,1
"Coffee, Sugar, Jam, Milk",Bread,0.026,0.7471264367816092,2.1568315149584563,0.013945280000000001,2.5846909090909085,"['Coffee', 'Sugar', 'Jam', 'Milk']",['Bread'],4,1
"Beer, Water",Baby Wipes,0.0328,0.45810055865921795,2.156782291239256,0.017592160000000003,1.4534061855670104,"['Beer', 'Water']",['Baby Wipes'],2,1
"Milk, Baby Wipes",Beer,0.032,0.36363636363636365,2.154243860404998,0.0171456,1.3061714285714285,"['Milk', 'Baby Wipes']",['Beer'],2,1
"Tea, Jam",Butter,0.04,0.7246376811594203,2.1540953661100484,0.021430720000000004,2.409915789473684,"['Tea', 'Jam']",['Butter'],2,1
"Sugar, Jam, Milk",Butter,0.0284,0.7244897959183674,2.1536557548108424,0.015213120000000004,2.408622222222222,"['Sugar', 'Jam', 'Milk']",['Butter'],3,1
"Water, Bread",Jam,0.0712,0.5443425076452599,2.153253590368908,0.038133759999999996,1.639828187919463,"['Water', 'Bread']",['Jam'],2,1
Jam,"Water, Bread",0.0712,0.2816455696202531,2.1532535903689074,0.038133759999999996,1.2099876651982377,['Jam'],"['Water', 'Bread']",1,2
"Diapers, Tomato Sauce",Cheese,0.0232,0.5858585858585857,2.1507290229757188,0.012412959999999999,1.7568878048780483,"['Diapers', 'Tomato Sauce']",['Cheese'],2,1
"Wine, Jam",Butter,0.0272,0.7234042553191489,2.1504288208060314,0.01455136,2.39916923076923,"['Wine', 'Jam']",['Butter'],2,1
"Sugar, Jam, Milk",Bread,0.0292,0.7448979591836735,2.150398265541783,0.01562112,2.5621120000000004,"['Sugar', 'Jam', 'Milk']",['Bread'],3,1
"Water, Milk, Butter",Jam,0.03,0.5434782608695652,2.149834892680242,0.016045439999999998,1.6367238095238095,"['Water', 'Milk', 'Butter']",['Jam'],3,1
"Milk, Butter",Jam,0.0764,0.5426136363636364,2.1464147008055234,0.04080575999999999,1.6336298136645961,"['Milk', 'Butter']",['Jam'],2,1
Jam,"Milk, Butter",0.0764,0.30221518987341767,2.146414700805523,0.04080575999999999,1.231325170068027,['Jam'],"['Milk', 'Butter']",1,2
"Jam, Juice",Bread,0.022,0.7432432432432432,2.1456213719493165,0.011746559999999998,2.5455999999999994,"['Jam', 'Juice']",['Bread'],2,1
"Coffee, Sugar, Milk, Butter",Jam,0.0256,0.5423728813559322,2.1454623471358074,0.01366784,1.6327703703703702,"['Coffee', 'Sugar', 'Milk', 'Butter']",['Jam'],4,1
"Beer, Tomato Sauce",Cheese,0.0208,0.5842696629213483,2.144895972545332,0.01110256,1.750172972972973,"['Beer', 'Tomato Sauce']",['Cheese'],2,1
"Sugar, Milk, Butter",Jam,0.0284,0.5419847328244275,2.143926949463716,0.01515328,1.6313866666666668,"['Sugar', 'Milk', 'Butter']",['Jam'],3,1
"Jam, Croissant",Butter,0.0248,0.7209302325581395,2.1430744130741366,0.01322784,2.3778999999999995,"['Jam', 'Croissant']",['Butter'],2,1
"Jam, Diapers, Baby Wipes",Butter,0.0216,0.7200000000000001,2.1403091557669445,0.011508000000000003,2.3700000000000006,"['Jam', 'Diapers', 'Baby Wipes']",['Butter'],3,1
"Cheese, Jam",Butter,0.0504,0.72,2.140309155766944,0.026852,2.3699999999999997,"['Cheese', 'Jam']",['Butter'],2,1
"Soap, Butter",Bread,0.024,0.7407407407407408,2.138397057565649,0.012776640000000002,2.521028571428572,"['Soap', 'Butter']",['Bread'],2,1
"Jam, Diapers",Bread,0.0296,0.74,2.136258660508083,0.015744,2.5138461538461536,"['Jam', 'Diapers']",['Bread'],2,1
"Jam, Water, Milk",Bread,0.0296,0.74,2.136258660508083,0.015744,2.5138461538461536,"['Jam', 'Water', 'Milk']",['Bread'],3,1
"Cheese, Tomato Sauce, Butter",Jam,0.0216,0.54,2.1360759493670884,0.011488,1.6243478260869566,"['Cheese', 'Tomato Sauce', 'Butter']",['Jam'],3,1
"Tea, Water, Butter",Bread,0.0216,0.7397260273972603,2.1354677465278877,0.011485120000000001,2.5112000000000005,"['Tea', 'Water', 'Butter']",['Bread'],3,1
Bread,"Jam, Milk",0.076,0.21939953810623558,2.1342367520061827,0.04039008,1.149371597633136,['Bread'],"['Jam', 'Milk']",1,2
"Jam, Milk",Bread,0.076,0.7392996108949416,2.1342367520061822,0.04039008,2.507092537313432,"['Jam', 'Milk']",['Bread'],2,1
"Bread, Water, Baby Wipes",Butter,0.0244,0.7176470588235294,2.133314681401693,0.0129624,2.35025,"['Bread', 'Water', 'Baby Wipes']",['Butter'],3,1
"Bread, Croissant",Jam,0.0248,0.5391304347826087,2.1326362135388,0.013171199999999997,1.6212830188679244,"['Bread', 'Croissant']",['Jam'],2,1
"Tea, Cookies, Bread",Jam,0.0276,0.5390625,2.132367484177215,0.014656639999999997,1.62104406779661,"['Tea', 'Cookies', 'Bread']",['Jam'],3,1
"Cheese, Water, Butter",Bread,0.0248,0.7380952380952381,2.1307599252172,0.013160960000000001,2.4955636363636367,"['Cheese', 'Water', 'Butter']",['Bread'],3,1
"Beer, Bread",Jam,0.034,0.5379746835443038,2.128064412754366,0.01802304,1.6172273972602738,"['Beer', 'Bread']",['Jam'],2,1
"Bread, Diapers, Baby Wipes",Butter,0.0312,0.7155963302752293,2.1272185798906937,0.01653296,2.3333032258064508,"['Bread', 'Diapers', 'Baby Wipes']",['Butter'],3,1
"Pasta, Cookies",Cheese,0.0264,0.5789473684210527,2.1253574464796356,0.013978560000000001,1.72805,"['Pasta', 'Cookies']",['Cheese'],2,1
"Jam, Water",Butter,0.0732,0.71484375,2.1249814209274676,0.038752640000000005,2.327145205479452,"['Jam', 'Water']",['Butter'],2,1
Butter,"Jam, Water",0.0732,0.21759809750297268,2.1249814209274676,0.038752640000000005,1.1472364741641337,['Butter'],"['Jam', 'Water']",1,2
"Milk, Tomato Sauce, Bread",Jam,0.0204,0.5368421052631579,2.1235842771485673,0.0107936,1.6132727272727272,"['Milk', 'Tomato Sauce', 'Bread']",['Jam'],3,1
"Cheese, Soda",Pasta,0.0328,0.4338624338624339,2.1226146470764866,0.017347360000000003,1.4053121495327106,"['Cheese', 'Soda']",['Pasta'],2,1
"Pasta, Tomato Sauce, Butter",Jam,0.0296,0.5362318840579711,2.121170427444506,0.01564544,1.61115,"['Pasta', 'Tomato Sauce', 'Butter']",['Jam'],3,1
"Cheese, Water",Pasta,0.048,0.43321299638989175,2.1194373600288245,0.025352480000000004,1.4037019108280255,"['Cheese', 'Water']",['Pasta'],2,1
Pasta,"Cheese, Water",0.048,0.23483365949119375,2.1194373600288245,0.025352480000000004,1.1621002557544757,['Pasta'],"['Cheese', 'Water']",1,2
"Tomato Sauce, Milk, Butter",Coffee,0.0204,0.5312500000000001,2.118221690590112,0.01076928,1.5982933333333336,"['Tomato Sauce', 'Milk', 'Butter']",['Coffee'],3,1
"Milk, Bread, Baby Wipes",Butter,0.0228,0.7125,2.1180142687277055,0.012035200000000001,2.308173913043478,"['Milk', 'Bread', 'Baby Wipes']",['Butter'],3,1
"Pasta, Milk",Cheese,0.054,0.5769230769230769,2.1179261267366996,0.028503360000000002,1.719781818181818,"['Pasta', 'Milk']",['Cheese'],2,1
"Jam, Diapers, Baby Wipes",Bread,0.022,0.7333333333333333,2.117013086989992,0.011608,2.450999999999999,"['Jam', 'Diapers', 'Baby Wipes']",['Bread'],3,1
"Cake, Jam",Bread,0.022,0.7333333333333333,2.117013086989992,0.011608,2.450999999999999,"['Cake', 'Jam']",['Bread'],2,1
"Beer, Bread",Baby Wipes,0.0284,0.44936708860759494,2.115664258981144,0.01497632,1.4303540229885057,"['Beer', 'Bread']",['Baby Wipes'],2,1
"Coffee, Pasta, Milk",Cheese,0.0272,0.576271186440678,2.1155329898703306,0.01434272,1.7171360000000002,"['Coffee', 'Pasta', 'Milk']",['Cheese'],3,1
"Cheese, Milk, Butter",Jam,0.0216,0.5346534653465347,2.1149266825416717,0.01138688,1.6056851063829787,"['Cheese', 'Milk', 'Butter']",['Jam'],3,1
"Yogurt, Jam",Bread,0.0372,0.732283464566929,2.113982288010765,0.01960288,2.441388235294117,"['Yogurt', 'Jam']",['Bread'],2,1
"Tea, Bread","Water, Butter",0.0216,0.28272251308900526,2.1098695006642183,0.011362400000000002,1.2073430656934305,"['Tea', 'Bread']","['Water', 'Butter']",2,2
"Sugar, Jam",Butter,0.044,0.7096774193548386,2.10962371984197,0.0231432,2.2857333333333325,"['Sugar', 'Jam']",['Butter'],2,1
"Bread, Baby Wipes","Milk, Butter",0.0228,0.29687500000000006,2.1084872159090913,0.01198656,1.2219733333333334,"['Bread', 'Baby Wipes']","['Milk', 'Butter']",2,2
"Coffee, Pasta, Sugar",Cheese,0.0248,0.5740740740740741,2.1074672322836787,0.01303232,1.7082782608695652,"['Coffee', 'Pasta', 'Sugar']",['Cheese'],3,1
"Pasta, Jam",Butter,0.036,0.7086614173228346,2.1066034997706145,0.018910879999999998,2.2777621621621615,"['Pasta', 'Jam']",['Butter'],2,1
"Diapers, Bread",Jam,0.0296,0.5323741007194245,2.105910208542027,0.01554432,1.5978584615384614,"['Diapers', 'Bread']",['Jam'],2,1
"Bread, Baby Wipes",Butter,0.0544,0.7083333333333334,2.1056282203725725,0.02856448,2.2752000000000003,"['Bread', 'Baby Wipes']",['Butter'],2,1
"Coffee, Pasta, Sugar, Milk",Cheese,0.0204,0.5730337078651686,2.1036479730733064,0.010702560000000002,1.7041157894736845,"['Coffee', 'Pasta', 'Sugar', 'Milk']",['Cheese'],4,1
Bread,Jam,0.184,0.5311778290993072,2.101178121437133,0.09643007999999999,1.5937812807881775,['Bread'],['Jam'],1,1
Jam,Bread,0.184,0.7278481012658227,2.1011781214371323,0.09643007999999999,2.401599999999999,['Jam'],['Bread'],1,1
"Cheese, Baby Wipes",Beer,0.02,0.3546099290780142,2.1007697220261505,0.01047968,1.2879032967032968,"['Cheese', 'Baby Wipes']",['Beer'],2,1
"Beer, Diapers, Bread",Butter,0.024,0.7058823529411764,2.098342309575435,0.0125624,2.2562399999999996,"['Beer', 'Diapers', 'Bread']",['Butter'],3,1
"Coffee, Pasta",Cheese,0.0336,0.5714285714285714,2.0977554017201596,0.01758288,1.6977333333333333,"['Coffee', 'Pasta']",['Cheese'],2,1
Baby Wipes,Beer,0.0752,0.3540489642184558,2.097446470488482,0.03934688,1.2867848396501458,['Baby Wipes'],['Beer'],1,1
Beer,Baby Wipes,0.0752,0.44549763033175355,2.0974464704884817,0.03934688,1.4203726495726494,['Beer'],['Baby Wipes'],1,1
"Cheese, Coffee, Milk",Wine,0.0212,0.3732394366197183,2.0968507675265076,0.0110896,1.3115056179775282,"['Cheese', 'Coffee', 'Milk']",['Wine'],3,1
"Eggs, Bread","Water, Butter",0.0236,0.28095238095238095,2.0966595593461266,0.012343999999999997,1.2043708609271524,"['Eggs', 'Bread']","['Water', 'Butter']",2,2
"Coffee, Jam, Milk",Bread,0.036,0.7258064516129032,2.0952842136631156,0.018818559999999998,2.3837176470588237,"['Coffee', 'Jam', 'Milk']",['Bread'],3,1
"Water, Baby Wipes",Beer,0.0328,0.353448275862069,2.093887890178134,0.017135360000000002,1.2855893333333333,"['Water', 'Baby Wipes']",['Beer'],2,1
"Coffee, Jam, Sugar",Butter,0.0324,0.7043478260869565,2.093780695858967,0.0169256,2.2445294117647054,"['Coffee', 'Jam', 'Sugar']",['Butter'],3,1
"Milk, Jam, Tomato Sauce",Butter,0.02,0.704225352112676,2.093416623402723,0.01044624,2.2435999999999994,"['Milk', 'Jam', 'Tomato Sauce']",['Butter'],3,1
"Sugar, Butter",Jam,0.044,0.5288461538461539,2.091954722492697,0.022967039999999998,1.5858938775510203,"['Sugar', 'Butter']",['Jam'],2,1
"Yogurt, Bread","Milk, Butter",0.02,0.29411764705882354,2.088903743315508,0.010425599999999998,1.2172,"['Yogurt', 'Bread']","['Milk', 'Butter']",2,2
"Cheese, Butter","Water, Bread",0.0248,0.2731277533039647,2.0881326705196077,0.012923359999999998,1.1958084848484847,"['Cheese', 'Butter']","['Water', 'Bread']",2,2
"Soda, Jam",Butter,0.05,0.702247191011236,2.08753623962912,0.026048320000000003,2.228694339622642,"['Soda', 'Jam']",['Butter'],2,1
"Soda, Butter",Jam,0.05,0.5274261603375529,2.0863376595631045,0.02603456,1.5811285714285717,"['Soda', 'Butter']",['Jam'],2,1
"Soda, Bread",Jam,0.0504,0.5271966527196652,2.085429797150574,0.026232319999999996,1.5803610619469024,"['Soda', 'Bread']",['Jam'],2,1
"Cheese, Bread","Jam, Milk",0.0204,0.21428571428571427,2.0844913841022787,0.01061344,1.141890909090909,"['Cheese', 'Bread']","['Jam', 'Milk']",2,2
"Pasta, Baby Wipes",Cheese,0.0252,0.5675675675675675,2.083581378735564,0.013105440000000001,1.682575,"['Pasta', 'Baby Wipes']",['Cheese'],2,1
"Beer, Cheese",Baby Wipes,0.02,0.4424778761061947,2.0832291718747395,0.01039952,1.412679365079365,"['Beer', 'Cheese']",['Baby Wipes'],2,1
"Cheese, Cookies",Pasta,0.0264,0.4258064516129032,2.083201818067041,0.0137272,1.3855955056179774,"['Cheese', 'Cookies']",['Pasta'],2,1
"Pasta, Milk","Cheese, Water",0.0216,0.23076923076923078,2.082754790336018,0.01122912,1.15596,"['Pasta', 'Milk']","['Cheese', 'Water']",2,2
"Pasta, Sugar, Milk",Cheese,0.0236,0.5673076923076923,2.0826273579577546,0.01226816,1.6815644444444444,"['Pasta', 'Sugar', 'Milk']",['Cheese'],3,1
"Eggs, Tomato Sauce",Cheese,0.0304,0.5671641791044776,2.0821005106625465,0.01579936,1.6810068965517242,"['Eggs', 'Tomato Sauce']",['Cheese'],2,1
"Cheese, Wine, Butter",Jam,0.02,0.5263157894736842,2.0819453697534973,0.0103936,1.577422222222222,"['Cheese', 'Wine', 'Butter']",['Jam'],3,1
"Milk, Bread",Jam,0.076,0.5263157894736842,2.0819453697534973,0.03949567999999999,1.577422222222222,"['Milk', 'Bread']",['Jam'],2,1
Jam,"Milk, Bread",0.076,0.300632911392405,2.0819453697534973,0.03949567999999999,1.2233918552036198,['Jam'],"['Milk', 'Bread']",1,2
"Jam, Croissant",Bread,0.0248,0.7209302325581395,2.0812073688168,0.012883839999999999,2.3420666666666663,"['Jam', 'Croissant']",['Bread'],2,1
"Bread, Baby Wipes",Jam,0.0404,0.5260416666666667,2.0808610232067513,0.020984959999999997,1.5765098901098904,"['Bread', 'Baby Wipes']",['Jam'],2,1
"Jam, Water","Milk, Butter",0.03,0.29296875,2.0807439630681817,0.015582079999999998,1.2152220994475138,"['Jam', 'Water']","['Milk', 'Butter']",2,2
"Milk, Butter","Jam, Water",0.03,0.2130681818181818,2.0807439630681817,0.015582079999999998,1.1406324909747292,"['Milk', 'Butter']","['Jam', 'Water']",2,2
"Coffee, Bread","Water, Butter",0.0252,0.2787610619469027,2.0803064324395724,0.0130864,1.200711656441718,"['Coffee', 'Bread']","['Water', 'Butter']",2,2
"Cheese, Yogurt",Tomato Sauce,0.0304,0.5241379310344827,2.0799124247400105,0.015784,1.5718840579710143,"['Cheese', 'Yogurt']",['Tomato Sauce'],2,1
"Coffee, Jam",Butter,0.0456,0.6993865030674847,2.0790324110210605,0.023666720000000006,2.2074857142857147,"['Coffee', 'Jam']",['Butter'],2,1
"Jam, Milk, Tomato Sauce",Bread,0.0204,0.7183098591549296,2.073642780470351,0.01056224,2.3202800000000003,"['Jam', 'Milk', 'Tomato Sauce']",['Bread'],3,1
"Yogurt, Butter","Milk, Bread",0.02,0.29940119760479045,2.07341549587805,0.01035408,1.2212410256410258,"['Yogurt', 'Butter']","['Milk', 'Bread']",2,2
"Eggs, Bread",Jam,0.044,0.5238095238095237,2.0720313441832423,0.022764799999999995,1.5691199999999996,"['Eggs', 'Bread']",['Jam'],2,1
"Pasta, Milk","Coffee, Sugar",0.0356,0.3803418803418803,2.07157886896449,0.018415039999999997,1.3175006896551724,"['Pasta', 'Milk']","['Coffee', 'Sugar']",2,2
"Cheese, Coffee",Wine,0.0264,0.3687150837988827,2.0714330550499027,0.013655200000000001,1.3021061946902655,"['Cheese', 'Coffee']",['Wine'],2,1
"Tea, Jam",Bread,0.0396,0.7173913043478262,2.0709910633597755,0.020478720000000006,2.312738461538462,"['Tea', 'Jam']",['Bread'],2,1
"Bagel, Milk",Coffee,0.0216,0.5192307692307693,2.0702981229297017,0.011166720000000002,1.5583360000000002,"['Bagel', 'Milk']",['Coffee'],2,1
"Coffee, Butter",Jam,0.0456,0.5229357798165137,2.068575078388108,0.023555839999999998,1.5662461538461536,"['Coffee', 'Butter']",['Jam'],2,1
"Sugar, Jam",Bread,0.0444,0.7161290322580646,2.067347090814274,0.022923200000000005,2.3024545454545455,"['Sugar', 'Jam']",['Bread'],2,1
"Pasta, Water, Milk",Cheese,0.0216,0.5625000000000001,2.0649779735682827,0.011139840000000003,1.6630857142857147,"['Pasta', 'Water', 'Milk']",['Cheese'],3,1
"Cheese, Pasta, Tomato Sauce, Milk","Coffee, Sugar",0.02,0.3787878787878788,2.0631148082128474,0.01030592,1.3142048780487805,"['Cheese', 'Pasta', 'Tomato Sauce', 'Milk']","['Coffee', 'Sugar']",4,2
"Milk, Water, Bread",Jam,0.0296,0.5211267605633803,2.061419147798181,0.01524096,1.5603294117647057,"['Milk', 'Water', 'Bread']",['Jam'],3,1
"Tomato Sauce, Milk, Butter",Jam,0.02,0.5208333333333334,2.060258438818565,0.01029248,1.5593739130434783,"['Tomato Sauce', 'Milk', 'Butter']",['Jam'],3,1
"Diapers, Milk","Coffee, Sugar",0.0236,0.3782051282051282,2.0599407854309812,0.012143359999999999,1.3129731958762887,"['Diapers', 'Milk']","['Coffee', 'Sugar']",2,2
"Baby Wipes, Butter",Beer,0.0228,0.3475609756097561,2.0590105190151426,0.01172672,1.2739887850467289,"['Baby Wipes', 'Butter']",['Beer'],2,1
"Pasta, Sugar",Cheese,0.0332,0.5608108108108107,2.058776838512521,0.01707392,1.6566892307692305,"['Pasta', 'Sugar']",['Cheese'],2,1
"Coffee, Sugar, Jam",Bread,0.0328,0.7130434782608697,2.0584396023697162,0.016865600000000005,2.2776969696969704,"['Coffee', 'Sugar', 'Jam']",['Bread'],3,1
"Cheese, Pasta, Milk","Coffee, Sugar",0.0204,0.3777777777777778,2.05761316872428,0.010485600000000001,1.3120714285714286,"['Cheese', 'Pasta', 'Milk']","['Coffee', 'Sugar']",3,2
"Cookies, Water, Butter",Bread,0.0228,0.7125,2.0568706697459587,0.0117152,2.273391304347826,"['Cookies', 'Water', 'Butter']",['Bread'],3,1
"Pasta, Jam, Tomato Sauce",Butter,0.0296,0.691588785046729,2.055852512029516,0.015202080000000003,2.151672727272728,"['Pasta', 'Jam', 'Tomato Sauce']",['Butter'],3,1
"Cheese, Diapers",Tomato Sauce,0.0232,0.5178571428571428,2.054988662131519,0.011910399999999998,1.5514074074074071,"['Cheese', 'Diapers']",['Tomato Sauce'],2,1
"Cheese, Jam",Wine,0.0256,0.3657142857142857,2.054574638844302,0.01314,1.295945945945946,"['Cheese', 'Jam']",['Wine'],2,1
"Coffee, Sugar, Butter",Jam,0.0324,0.5192307692307693,2.053919182083739,0.016625279999999996,1.554176,"['Coffee', 'Sugar', 'Butter']",['Jam'],3,1
"Cheese, Milk, Bread",Coffee,0.0208,0.5148514851485149,2.0528368626336317,0.010667679999999999,1.5442693877551021,"['Cheese', 'Milk', 'Bread']",['Coffee'],3,1
"Pasta, Jam",Cheese,0.0284,0.5590551181102362,2.0523315642813373,0.014562080000000003,1.6500928571428572,"['Pasta', 'Jam']",['Cheese'],2,1
"Tea, Bread",Jam,0.0396,0.518324607329843,2.050334680893366,0.02028608,1.5512521739130436,"['Tea', 'Bread']",['Jam'],2,1
"Jam, Tomato Sauce",Butter,0.0416,0.6887417218543046,2.0473891850603585,0.02128144,2.1319914893617016,"['Jam', 'Tomato Sauce']",['Butter'],2,1
"Coffee, Milk, Bread",Jam,0.036,0.5172413793103449,2.0460497599301615,0.018405119999999997,1.5477714285714286,"['Coffee', 'Milk', 'Bread']",['Jam'],3,1
"Pasta, Bread",Jam,0.036,0.5172413793103449,2.0460497599301615,0.018405119999999997,1.5477714285714286,"['Pasta', 'Bread']",['Jam'],2,1
"Pasta, Jam",Bread,0.036,0.7086614173228346,2.04578931097816,0.01840288,2.2434378378378375,"['Pasta', 'Jam']",['Bread'],2,1
"Cheese, Coffee, Sugar, Milk",Tomato Sauce,0.0204,0.5151515151515151,2.044252044252044,0.010420800000000001,1.5427499999999998,"['Cheese', 'Coffee', 'Sugar', 'Milk']",['Tomato Sauce'],4,1
"Soda, Jam",Bread,0.0504,0.7078651685393259,2.043490671302904,0.02573632,2.237323076923077,"['Soda', 'Jam']",['Bread'],2,1
"Pasta, Bread, Butter",Cheese,0.0296,0.5563909774436091,2.0425513122012084,0.015108320000000003,1.640183050847458,"['Pasta', 'Bread', 'Butter']",['Cheese'],3,1
"Coffee, Tomato Sauce, Bread",Milk,0.0212,0.8412698412698413,2.04191709046078,0.0108176,3.7044000000000006,"['Coffee', 'Tomato Sauce', 'Bread']",['Milk'],3,1
"Pasta, Tomato Sauce, Milk","Coffee, Sugar",0.0292,0.37435897435897436,2.0389922350706664,0.014879199999999999,1.3049016393442623,"['Pasta', 'Tomato Sauce', 'Milk']","['Coffee', 'Sugar']",3,2
"Beer, Milk","Coffee, Sugar",0.0256,0.3742690058479532,2.0385022105008344,0.01304176,1.3047140186915889,"['Beer', 'Milk']","['Coffee', 'Sugar']",2,2
"Soda, Butter","Water, Bread",0.0252,0.2658227848101266,2.0322842875391944,0.012800160000000001,1.1839103448275863,"['Soda', 'Butter']","['Water', 'Bread']",2,2
"Cheese, Jam, Tomato Sauce",Butter,0.0216,0.6835443037974683,2.031939071930643,0.01096976,2.0969759999999997,"['Cheese', 'Jam', 'Tomato Sauce']",['Butter'],3,1
"Pasta, Butter",Cheese,0.0352,0.5534591194968553,2.0317882507226703,0.017875360000000003,1.6294140845070422,"['Pasta', 'Butter']",['Cheese'],2,1
"Cheese, Bread",Jam,0.0488,0.5126050420168067,2.0277098181044564,0.02473344,1.5330482758620687,"['Cheese', 'Bread']",['Jam'],2,1
"Jam, Tomato Sauce",Bread,0.0424,0.7019867549668873,2.0265206552161876,0.02147744,2.19319111111111,"['Jam', 'Tomato Sauce']",['Bread'],2,1
"Soda, Milk","Coffee, Sugar",0.0412,0.37184115523465705,2.025278623282446,0.02085712,1.299671264367816,"['Soda', 'Milk']","['Coffee', 'Sugar']",2,2
"Coffee, Sugar","Soda, Milk",0.0412,0.22440087145969498,2.025278623282446,0.02085712,1.1464685393258427,"['Coffee', 'Sugar']","['Soda', 'Milk']",2,2
"Pasta, Tomato Sauce, Milk",Coffee,0.0396,0.5076923076923078,2.0242914979757085,0.020037600000000003,1.5218125000000002,"['Pasta', 'Tomato Sauce', 'Milk']",['Coffee'],3,1
"Cheese, Pasta, Tomato Sauce, Milk",Coffee,0.0268,0.5075757575757576,2.023826784592335,0.01355776,1.5214523076923077,"['Cheese', 'Pasta', 'Tomato Sauce', 'Milk']",['Coffee'],4,1
"Coffee, Tomato Sauce, Milk",Cheese,0.028,0.5511811023622047,2.0234254859111775,0.014162080000000002,1.621143859649123,"['Coffee', 'Tomato Sauce', 'Milk']",['Cheese'],3,1
"Jam, Cookies",Butter,0.0392,0.6805555555555556,2.0230545646716873,0.01982336,2.0773565217391305,"['Jam', 'Cookies']",['Butter'],2,1
"Coffee, Jam",Bread,0.0456,0.6993865030674847,2.0190141543518614,0.023014720000000006,2.174220408163266,"['Coffee', 'Jam']",['Bread'],2,1
"Cheese, Sugar",Tomato Sauce,0.0348,0.5087719298245613,2.018936229462545,0.017563199999999998,1.5227142857142855,"['Cheese', 'Sugar']",['Tomato Sauce'],2,1
"Cheese, Sugar, Milk",Tomato Sauce,0.0236,0.5086206896551725,2.0183360700602084,0.0119072,1.522245614035088,"['Cheese', 'Sugar', 'Milk']",['Tomato Sauce'],3,1
"Cheese, Jam","Milk, Bread",0.0204,0.2914285714285714,2.0182034032449545,0.010292,1.2075,"['Cheese', 'Jam']","['Milk', 'Bread']",2,2
"Cheese, Coffee, Sugar",Tomato Sauce,0.0256,0.5079365079365079,2.015621063240111,0.012899200000000001,1.5201290322580645,"['Cheese', 'Coffee', 'Sugar']",['Tomato Sauce'],3,1
"Coffee, Sugar, Tomato Sauce, Milk",Cheese,0.0204,0.5483870967741936,2.013168490360476,0.010266720000000003,1.611114285714286,"['Coffee', 'Sugar', 'Tomato Sauce', 'Milk']",['Cheese'],4,1
"Cheese, Jam",Bread,0.0488,0.6971428571428572,2.0125371164632138,0.024552,2.15811320754717,"['Cheese', 'Jam']",['Bread'],2,1
"Cheese, Coffee","Milk, Bread",0.0208,0.2905027932960894,2.0117921973413395,0.01046096,1.205924409448819,"['Cheese', 'Coffee']","['Milk', 'Bread']",2,2
"Tea, Jam, Cookies",Butter,0.0276,0.676470588235294,2.010911380009792,0.01387488,2.051127272727272,"['Tea', 'Jam', 'Cookies']",['Butter'],3,1
"Pasta, Milk",Coffee,0.0472,0.5042735042735043,2.0106599053967473,0.023725119999999995,1.5113172413793103,"['Pasta', 'Milk']",['Coffee'],2,1
"Cookies, Butter",Jam,0.0392,0.5077720207253885,2.008591854135239,0.019683839999999994,1.517995789473684,"['Cookies', 'Butter']",['Jam'],2,1
"Cheese, Pasta, Milk",Coffee,0.0272,0.5037037037037037,2.0083879733002536,0.013656799999999997,1.5095820895522387,"['Cheese', 'Pasta', 'Milk']",['Coffee'],3,1
"Jam, Water",Bread,0.0712,0.6953125,2.007253175519631,0.03572864,2.1451487179487176,"['Jam', 'Water']",['Bread'],2,1
Bread,"Jam, Water",0.0712,0.20554272517321018,2.0072531755196303,0.03572864,1.129827906976744,['Bread'],"['Jam', 'Water']",1,2
"Coffee, Sugar, Water","Milk, Bread",0.0204,0.2897727272727273,2.00673633845379,0.01023424,1.2046848000000001,"['Coffee', 'Sugar', 'Water']","['Milk', 'Bread']",3,2
"Yogurt, Milk","Coffee, Sugar",0.0324,0.36818181818181817,2.0053475935828873,0.0162432,1.2921438848920863,"['Yogurt', 'Milk']","['Coffee', 'Sugar']",2,2
"Beer, Milk",Coffee,0.0344,0.5029239766081871,2.0052790135892624,0.017245279999999998,1.5072141176470586,"['Beer', 'Milk']",['Coffee'],2,1
"Jam, Water","Milk, Bread",0.0296,0.2890625,2.001817867036011,0.01481344,1.2034813186813187,"['Jam', 'Water']","['Milk', 'Bread']",2,2
"Milk, Bread","Jam, Water",0.0296,0.20498614958448755,2.001817867036011,0.01481344,1.1290369337979094,"['Milk', 'Bread']","['Jam', 'Water']",2,2
"Coffee, Pasta, Sugar",Milk,0.0356,0.8240740740740741,2.0001797914419273,0.0178016,3.342315789473685,"['Coffee', 'Pasta', 'Sugar']",['Milk'],3,1
"Cheese, Milk, Bread",Jam,0.0204,0.504950495049505,1.9974307557338011,0.01018688,1.509344,"['Cheese', 'Milk', 'Bread']",['Jam'],3,1
"Coffee, Soap",Milk,0.0204,0.8225806451612904,1.9965549639837146,0.010182400000000003,3.3141818181818197,"['Coffee', 'Soap']",['Milk'],2,1
"Coffee, Tomato Sauce, Butter",Milk,0.0204,0.8225806451612904,1.9965549639837146,0.010182400000000003,3.3141818181818197,"['Coffee', 'Tomato Sauce', 'Butter']",['Milk'],3,1
"Cheese, Coffee, Pasta, Sugar",Milk,0.0204,0.8225806451612904,1.9965549639837146,0.010182400000000003,3.3141818181818197,"['Cheese', 'Coffee', 'Pasta', 'Sugar']",['Milk'],4,1
"Pasta, Jam, Tomato Sauce",Bread,0.0296,0.691588785046729,1.996503421035592,0.014774080000000002,2.119248484848485,"['Pasta', 'Jam', 'Tomato Sauce']",['Bread'],3,1
"Wine, Jam",Bread,0.026,0.6914893617021276,1.9962164021424007,0.012975359999999998,2.118565517241379,"['Wine', 'Jam']",['Bread'],2,1
"Bread, Diapers, Baby Wipes",Jam,0.022,0.5045871559633027,1.9959934966902795,0.010977919999999997,1.5082370370370368,"['Bread', 'Diapers', 'Baby Wipes']",['Jam'],3,1
"Coffee, Bread",Jam,0.0456,0.504424778761062,1.995351181807998,0.02274688,1.507742857142857,"['Coffee', 'Bread']",['Jam'],2,1
"Coffee, Milk, Sugar, Bread",Jam,0.026,0.5038759689922481,1.9931802570895887,0.012955519999999998,1.506075,"['Coffee', 'Milk', 'Sugar', 'Bread']",['Jam'],4,1
"Bagel, Bread",Butter,0.0268,0.67,1.991676575505351,0.013344000000000002,2.010909090909091,"['Bagel', 'Bread']",['Butter'],2,1
"Pasta, Tomato Sauce, Bread",Jam,0.0296,0.5034013605442177,1.9913028502540255,0.014735360000000001,1.504635616438356,"['Pasta', 'Tomato Sauce', 'Bread']",['Jam'],3,1
"Cookies, Milk","Coffee, Sugar",0.0364,0.3654618473895583,1.9905329378516246,0.01811344,1.2866050632911394,"['Cookies', 'Milk']","['Coffee', 'Sugar']",2,2
"Coffee, Water","Cheese, Milk",0.022,0.23404255319148934,1.990157765233753,0.0109456,1.1520222222222223,"['Coffee', 'Water']","['Cheese', 'Milk']",2,2
"Cheese, Jam, Milk",Bread,0.0204,0.6891891891891893,1.9895761812620938,0.01014656,2.1028869565217394,"['Cheese', 'Jam', 'Milk']",['Bread'],3,1
"Cheese, Tomato Sauce, Pasta, Sugar, Coffee",Milk,0.02,0.8196721311475409,1.9894954639503422,0.0099472,3.2607272727272716,"['Cheese', 'Tomato Sauce', 'Pasta', 'Sugar', 'Coffee']",['Milk'],5,1
"Cookies, Bread",Jam,0.0392,0.5025641025641026,1.9879909120415447,0.019481599999999998,1.502103092783505,"['Cookies', 'Bread']",['Jam'],2,1
"Sugar, Milk, Tomato Sauce",Cheese,0.0236,0.5412844036697247,1.987093992913821,0.01172336,1.586168,"['Sugar', 'Milk', 'Tomato Sauce']",['Cheese'],3,1
"Coffee, Bagel",Milk,0.0216,0.8181818181818182,1.9858781994704326,0.010723200000000002,3.2340000000000013,"['Coffee', 'Bagel']",['Milk'],2,1
"Soda, Tomato Sauce",Cheese,0.0372,0.5406976744186046,1.984940067616023,0.018458879999999997,1.5841417721518987,"['Soda', 'Tomato Sauce']",['Cheese'],2,1
"Cheese, Jam",Pasta,0.0284,0.4057142857142857,1.9849035504612804,0.014092,1.3387499999999999,"['Cheese', 'Jam']",['Pasta'],2,1
"Cheese, Coffee, Pasta, Tomato Sauce",Milk,0.0268,0.8170731707317073,1.9831873076012314,0.0132864,3.2143999999999995,"['Cheese', 'Coffee', 'Pasta', 'Tomato Sauce']",['Milk'],4,1
"Tomato Sauce, Milk",Cheese,0.0576,0.5393258426966292,1.9799039746572293,0.02850768,1.5794243902439025,"['Tomato Sauce', 'Milk']",['Cheese'],2,1
Cheese,"Tomato Sauce, Milk",0.0576,0.21145374449339208,1.9799039746572291,0.02850768,1.1327173184357542,['Cheese'],"['Tomato Sauce', 'Milk']",1,2
"Water, Milk, Tomato Sauce",Cheese,0.022,0.5392156862745098,1.9794995825055426,0.01088608,1.5790468085106382,"['Water', 'Milk', 'Tomato Sauce']",['Cheese'],3,1
"Milk, Sugar, Bread",Jam,0.0292,0.5,1.9778481012658227,0.014436479999999998,1.4944,"['Milk', 'Sugar', 'Bread']",['Jam'],3,1
"Milk, Juice",Coffee,0.0208,0.4952380952380952,1.9746335535809216,0.010266399999999997,1.4842641509433963,"['Milk', 'Juice']",['Coffee'],2,1
"Milk, Bread, Butter","Coffee, Sugar",0.0408,0.3617021276595745,1.9700551615445232,0.02008992,1.2790266666666665,"['Milk', 'Bread', 'Butter']","['Coffee', 'Sugar']",3,2
"Coffee, Sugar","Milk, Bread, Butter",0.0408,0.2222222222222222,1.9700551615445232,0.02008992,1.1406857142857143,"['Coffee', 'Sugar']","['Milk', 'Bread', 'Butter']",2,3
"Coffee, Pasta, Tomato Sauce",Milk,0.0396,0.8114754098360656,1.9696005093108389,0.019494400000000002,3.118956521739131,"['Coffee', 'Pasta', 'Tomato Sauce']",['Milk'],3,1
"Coffee, Pasta, Sugar, Tomato Sauce",Milk,0.0292,0.8111111111111112,1.968716289104639,0.014368000000000002,3.1129411764705908,"['Coffee', 'Pasta', 'Sugar', 'Tomato Sauce']",['Milk'],4,1
"Soda, Bread","Water, Butter",0.0252,0.2635983263598326,1.967151689252482,0.012389599999999999,1.1759886363636363,"['Soda', 'Bread']","['Water', 'Butter']",2,2
"Coffee, Sugar, Bread",Jam,0.0328,0.496969696969697,1.9658611430763329,0.0161152,1.485397590361446,"['Coffee', 'Sugar', 'Bread']",['Jam'],3,1
"Cheese, Coffee, Pasta",Milk,0.0272,0.8095238095238095,1.9648636153490524,0.0133568,3.0870000000000006,"['Cheese', 'Coffee', 'Pasta']",['Milk'],3,1
"Jam, Cookies",Bread,0.0392,0.6805555555555556,1.9646522966384399,0.01924736,2.0460521739130435,"['Jam', 'Cookies']",['Bread'],2,1
"Cheese, Coffee, Water",Milk,0.022,0.8088235294117647,1.9631639063392348,0.0107936,3.075692307692308,"['Cheese', 'Coffee', 'Water']",['Milk'],3,1
"Pasta, Bread",Cheese,0.0372,0.5344827586206896,1.9621246645399768,0.01824096,1.5629925925925925,"['Pasta', 'Bread']",['Cheese'],2,1
"Coffee, Tomato Sauce",Cheese,0.0348,0.5337423312883436,1.959406502526959,0.017039520000000002,1.5605105263157897,"['Coffee', 'Tomato Sauce']",['Cheese'],2,1
"Cheese, Tomato Sauce, Bread",Jam,0.0212,0.4953271028037384,1.9593635395717497,0.01038016,1.480562962962963,"['Cheese', 'Tomato Sauce', 'Bread']",['Jam'],3,1
"Yogurt, Milk",Coffee,0.0432,0.49090909090909096,1.9573727707699,0.021129600000000002,1.4716428571428573,"['Yogurt', 'Milk']",['Coffee'],2,1
"Coffee, Bread","Cheese, Milk",0.0208,0.23008849557522124,1.9565348263199085,0.01016896,1.1461057471264369,"['Coffee', 'Bread']","['Cheese', 'Milk']",2,2
"Cheese, Coffee, Milk",Tomato Sauce,0.028,0.49295774647887325,1.9561815336463224,0.0136864,1.4752222222222222,"['Cheese', 'Coffee', 'Milk']",['Tomato Sauce'],3,1
"Milk, Water, Bread","Coffee, Sugar",0.0204,0.3591549295774648,1.9561815336463224,0.00997152,1.273942857142857,"['Milk', 'Water', 'Bread']","['Coffee', 'Sugar']",3,2
"Cheese, Coffee, Tomato Sauce",Milk,0.028,0.8045977011494254,1.952907041624819,0.013662400000000002,3.009176470588238,"['Cheese', 'Coffee', 'Tomato Sauce']",['Milk'],3,1
"Tea, Jam, Cookies",Bread,0.0276,0.676470588235294,1.9528596658062762,0.013466879999999999,2.0202181818181812,"['Tea', 'Jam', 'Cookies']",['Bread'],3,1
"Cheese, Soda",Tomato Sauce,0.0372,0.49206349206349204,1.9526329050138573,0.018148799999999996,1.472625,"['Cheese', 'Soda']",['Tomato Sauce'],2,1
Coffee,"Milk, Bread, Butter",0.0552,0.2200956937799043,1.9512029590417048,0.026909759999999998,1.1375754601226995,['Coffee'],"['Milk', 'Bread', 'Butter']",1,3
"Milk, Bread, Butter",Coffee,0.0552,0.48936170212765956,1.9512029590417046,0.026909759999999998,1.467183333333333,"['Milk', 'Bread', 'Butter']",['Coffee'],3,1
"Tomato Sauce, Butter",Jam,0.0416,0.4928909952606635,1.9497270382146497,0.020263679999999996,1.4734504672897195,"['Tomato Sauce', 'Butter']",['Jam'],2,1
"Cheese, Wine, Coffee",Milk,0.0212,0.803030303030303,1.9491026772580171,0.010323200000000001,2.985230769230769,"['Cheese', 'Wine', 'Coffee']",['Milk'],3,1
"Coffee, Pasta",Milk,0.0472,0.8027210884353742,1.9483521563965394,0.022974400000000002,2.9805517241379316,"['Coffee', 'Pasta']",['Milk'],2,1
"Coffee, Sugar","Milk, Bread",0.0516,0.28104575163398693,1.9463002190719316,0.025088159999999998,1.1900618181818183,"['Coffee', 'Sugar']","['Milk', 'Bread']",2,2
"Milk, Bread","Coffee, Sugar",0.0516,0.3573407202216066,1.9463002190719314,0.025088159999999998,1.2703465517241377,"['Milk', 'Bread']","['Coffee', 'Sugar']",2,2
"Cheese, Bread","Water, Butter",0.0248,0.26050420168067223,1.9440612065721807,0.012043199999999997,1.1710681818181818,"['Cheese', 'Bread']","['Water', 'Butter']",2,2
Tomato Sauce,"Cheese, Milk",0.0576,0.22857142857142856,1.9436345966958213,0.027964799999999998,1.1438518518518517,['Tomato Sauce'],"['Cheese', 'Milk']",1,2
"Cheese, Milk",Tomato Sauce,0.0576,0.4897959183673469,1.943634596695821,0.027964799999999998,1.46608,"['Cheese', 'Milk']",['Tomato Sauce'],2,1
"Sugar, Bread",Jam,0.0444,0.49115044247787615,1.9428419401814718,0.02154688,1.4684104347826086,"['Sugar', 'Bread']",['Jam'],2,1
"Coffee, Sugar, Tomato Sauce",Cheese,0.0256,0.5289256198347108,1.941724008203784,0.012415840000000003,1.5445543859649125,"['Coffee', 'Sugar', 'Tomato Sauce']",['Cheese'],3,1
"Cheese, Tomato Sauce, Milk",Coffee,0.028,0.48611111111111116,1.9382420698210172,0.013553919999999999,1.4579027027027027,"['Cheese', 'Tomato Sauce', 'Milk']",['Coffee'],3,1
"Cheese, Jam, Tomato Sauce",Bread,0.0212,0.670886075949367,1.9367380945420527,0.010253759999999999,1.985938461538461,"['Cheese', 'Jam', 'Tomato Sauce']",['Bread'],3,1
"Cheese, Bread, Butter",Pasta,0.0296,0.3957219251336898,1.9360172462509286,0.01431088,1.316612389380531,"['Cheese', 'Bread', 'Butter']",['Pasta'],3,1
"Cheese, Coffee, Sugar, Tomato Sauce",Milk,0.0204,0.796875,1.9341626213592233,0.009852800000000002,2.894769230769231,"['Cheese', 'Coffee', 'Sugar', 'Tomato Sauce']",['Milk'],4,1
"Beer, Butter",Baby Wipes,0.0228,0.4100719424460432,1.9306588627403165,0.010990560000000002,1.335078048780488,"['Beer', 'Butter']",['Baby Wipes'],2,1
"Cheese, Tomato Sauce, Milk","Coffee, Sugar",0.0204,0.3541666666666667,1.9290123456790123,0.00982464,1.2641032258064517,"['Cheese', 'Tomato Sauce', 'Milk']","['Coffee', 'Sugar']",3,2
"Cheese, Coffee",Tomato Sauce,0.0348,0.4860335195530726,1.928704442670923,0.0167568,1.4553478260869566,"['Cheese', 'Coffee']",['Tomato Sauce'],2,1
"Wine, Milk","Coffee, Sugar",0.0252,0.35393258426966295,1.9277373870896675,0.01212768,1.2636452173913046,"['Wine', 'Milk']","['Coffee', 'Sugar']",2,2
Coffee,"Cheese, Milk",0.0568,0.22647527910685805,1.9258101964868883,0.02730592,1.1407521649484536,['Coffee'],"['Cheese', 'Milk']",1,2
"Cheese, Milk",Coffee,0.0568,0.4829931972789116,1.9258101964868881,0.02730592,1.4491105263157897,"['Cheese', 'Milk']",['Coffee'],2,1
"Cheese, Coffee",Milk,0.0568,0.7932960893854749,1.925475945110376,0.027300800000000007,2.8446486486486497,"['Cheese', 'Coffee']",['Milk'],2,1
"Coffee, Sugar, Jam, Bread",Milk,0.026,0.7926829268292682,1.9239876864788064,0.012486399999999998,2.8362352941176465,"['Coffee', 'Sugar', 'Jam', 'Bread']",['Milk'],4,1
"Jam, Milk",Coffee,0.0496,0.4824902723735408,1.9238049137700988,0.023817759999999997,1.4477022556390975,"['Jam', 'Milk']",['Coffee'],2,1
"Milk, Bread",Coffee,0.0696,0.48199445983379496,1.9218279897679222,0.033384479999999994,1.4463165775401068,"['Milk', 'Bread']",['Coffee'],2,1
Coffee,"Milk, Bread",0.0696,0.277511961722488,1.9218279897679222,0.033384479999999994,1.184241059602649,['Coffee'],"['Milk', 'Bread']",1,2
"Cookies, Milk",Coffee,0.048,0.48192771084337355,1.9215618454679964,0.02302032,1.4461302325581396,"['Cookies', 'Milk']",['Coffee'],2,1
"Jam, Tomato Sauce",Cheese,0.0316,0.5231788079470199,1.920627048263656,0.015147040000000004,1.525938888888889,"['Jam', 'Tomato Sauce']",['Cheese'],2,1
"Coffee, Sugar, Jam, Butter",Milk,0.0256,0.7901234567901235,1.9177753805585525,0.012251200000000002,2.8016470588235305,"['Coffee', 'Sugar', 'Jam', 'Butter']",['Milk'],4,1
"Coffee, Jam, Butter",Milk,0.036,0.7894736842105262,1.9161982626469083,0.017212799999999997,2.7929999999999993,"['Coffee', 'Jam', 'Butter']",['Milk'],3,1
"Coffee, Jam, Bread",Milk,0.036,0.7894736842105262,1.9161982626469083,0.017212799999999997,2.7929999999999993,"['Coffee', 'Jam', 'Bread']",['Milk'],3,1
"Water, Tomato Sauce",Cheese,0.0524,0.5219123505976095,1.9159777922085521,0.025051040000000004,1.5218966666666667,"['Water', 'Tomato Sauce']",['Cheese'],2,1
"Cheese, Bread",Pasta,0.0372,0.39075630252100835,1.9117235935470076,0.017741119999999996,1.3058813793103448,"['Cheese', 'Bread']",['Pasta'],2,1
Tomato Sauce,Cheese,0.1312,0.5206349206349207,1.91128825490059,0.06255520000000002,1.5178410596026493,['Tomato Sauce'],['Cheese'],1,1
Cheese,Tomato Sauce,0.1312,0.4816446402349487,1.91128825490059,0.06255520000000002,1.4430254957507085,['Cheese'],['Tomato Sauce'],1,1
"Cheese, Coffee, Sugar",Milk,0.0396,0.7857142857142858,1.9070735090152569,0.018835200000000003,2.7440000000000015,"['Cheese', 'Coffee', 'Sugar']",['Milk'],3,1
"Cheese, Water, Milk",Coffee,0.022,0.47826086956521735,1.9069412662090004,0.010463199999999997,1.4359666666666664,"['Cheese', 'Water', 'Milk']",['Coffee'],3,1
"Jam, Tomato Sauce, Butter",Cheese,0.0216,0.5192307692307693,1.9061335140630298,0.010268160000000002,1.513408,"['Jam', 'Tomato Sauce', 'Butter']",['Cheese'],3,1
"Tomato Sauce, Bread",Jam,0.0424,0.48181818181818187,1.9059263521288838,0.0201536,1.441964912280702,"['Tomato Sauce', 'Bread']",['Jam'],2,1
"Wine, Coffee",Milk,0.0336,0.7850467289719626,1.9054532256601036,0.0159664,2.735478260869565,"['Wine', 'Coffee']",['Milk'],2,1
"Jam, Sugar, Bread, Coffee, Butter",Milk,0.0248,0.7848101265822783,1.9048789480152388,0.0117808,2.7324705882352927,"['Jam', 'Sugar', 'Bread', 'Coffee', 'Butter']",['Milk'],5,1
"Coffee, Sugar, Water, Bread",Milk,0.0204,0.7846153846153847,1.9044062733383125,0.009688000000000002,2.7300000000000018,"['Coffee', 'Sugar', 'Water', 'Bread']",['Milk'],4,1
"Coffee, Eggs",Milk,0.0436,0.7841726618705036,1.9033317035691837,0.0206928,2.7244000000000006,"['Coffee', 'Eggs']",['Milk'],2,1
"Sugar, Tomato Sauce",Cheese,0.0348,0.5178571428571429,1.901090832808895,0.01649472,1.5090962962962966,"['Sugar', 'Tomato Sauce']",['Cheese'],2,1
Coffee,"Soda, Milk",0.0528,0.21052631578947367,1.9000570017100513,0.02501136,1.12632,['Coffee'],"['Soda', 'Milk']",1,2
"Soda, Milk",Coffee,0.0528,0.47653429602888087,1.900057001710051,0.02501136,1.4312303448275863,"['Soda', 'Milk']",['Coffee'],2,1
"Yogurt, Coffee",Milk,0.0432,0.782608695652174,1.8995356690586747,0.020457600000000003,2.704800000000001,"['Yogurt', 'Coffee']",['Milk'],2,1
"Cheese, Tea",Tomato Sauce,0.0312,0.4785276073619632,1.8989190768331874,0.0147696,1.4344000000000001,"['Cheese', 'Tea']",['Tomato Sauce'],2,1
"Cheese, Water, Milk",Tomato Sauce,0.022,0.47826086956521735,1.8978605935127673,0.010407999999999999,1.4336666666666664,"['Cheese', 'Water', 'Milk']",['Tomato Sauce'],3,1
"Coffee, Sugar, Bread",Milk,0.0516,0.7818181818181817,1.8976169461606354,0.024408,2.6949999999999994,"['Coffee', 'Sugar', 'Bread']",['Milk'],3,1
"Tomato Sauce, Milk","Coffee, Sugar",0.0372,0.348314606741573,1.8971383809453866,0.017591519999999996,1.252751724137931,"['Tomato Sauce', 'Milk']","['Coffee', 'Sugar']",2,2
"Coffee, Sugar","Tomato Sauce, Milk",0.0372,0.2026143790849673,1.8971383809453866,0.017591519999999996,1.1201606557377048,"['Coffee', 'Sugar']","['Tomato Sauce', 'Milk']",2,2
"Cheese, Butter",Pasta,0.0352,0.3876651982378855,1.8966007741579525,0.016640480000000003,1.2992892086330936,"['Cheese', 'Butter']",['Pasta'],2,1
"Tomato Sauce, Milk",Coffee,0.0508,0.4756554307116104,1.8965527540335343,0.024014559999999994,1.4288314285714283,"['Tomato Sauce', 'Milk']",['Coffee'],2,1
Coffee,"Tomato Sauce, Milk",0.0508,0.20255183413078148,1.8965527540335343,0.024014559999999994,1.1200728,['Coffee'],"['Tomato Sauce', 'Milk']",1,2
"Tea, Tomato Sauce",Cheese,0.0312,0.5165562913907285,1.8963153134755084,0.01474704,1.505035616438356,"['Tea', 'Tomato Sauce']",['Cheese'],2,1
"Coffee, Jam, Bread, Butter",Milk,0.034,0.779816513761468,1.8927585285472526,0.016036800000000004,2.6705000000000014,"['Coffee', 'Jam', 'Bread', 'Butter']",['Milk'],4,1
"Diapers, Milk",Coffee,0.0296,0.4743589743589744,1.8913834703308388,0.01395008,1.425307317073171,"['Diapers', 'Milk']",['Coffee'],2,1
"Coffee, Tomato Sauce",Milk,0.0508,0.7791411042944786,1.8911191851807734,0.023937600000000003,2.6623333333333346,"['Coffee', 'Tomato Sauce']",['Milk'],2,1
"Yogurt, Coffee, Sugar",Milk,0.0324,0.7788461538461539,1.890403286034354,0.015260800000000001,2.6587826086956525,"['Yogurt', 'Coffee', 'Sugar']",['Milk'],3,1
"Milk, Jam, Bread",Coffee,0.036,0.47368421052631576,1.888693024427096,0.016939199999999995,1.4234799999999996,"['Milk', 'Jam', 'Bread']",['Coffee'],3,1
"Tea, Cookies, Milk","Coffee, Sugar",0.0216,0.3461538461538462,1.8853695324283561,0.01014336,1.2486117647058825,"['Tea', 'Cookies', 'Milk']","['Coffee', 'Sugar']",3,2
"Eggs, Milk","Coffee, Sugar",0.0324,0.34615384615384615,1.8853695324283557,0.015215039999999996,1.2486117647058823,"['Eggs', 'Milk']","['Coffee', 'Sugar']",2,2
"Cheese, Coffee, Bread",Milk,0.0208,0.7761194029850745,1.8837849587016373,0.009758399999999999,2.6263999999999994,"['Cheese', 'Coffee', 'Bread']",['Milk'],3,1
"Wine, Milk",Coffee,0.0336,0.47191011235955055,1.881619267781302,0.015743039999999996,1.4186978723404255,"['Wine', 'Milk']",['Coffee'],2,1
"Jam, Milk, Butter",Coffee,0.036,0.4712041884816754,1.8788045792730277,0.016838879999999997,1.4168039603960394,"['Jam', 'Milk', 'Butter']",['Coffee'],3,1
"Tomato Sauce, Baby Wipes",Cheese,0.0264,0.5116279069767442,1.878222859679678,0.012344160000000002,1.489847619047619,"['Tomato Sauce', 'Baby Wipes']",['Cheese'],2,1
"Cheese, Water",Tomato Sauce,0.0524,0.47292418772563183,1.876683284625523,0.024478400000000004,1.419150684931507,"['Cheese', 'Water']",['Tomato Sauce'],2,1
Tomato Sauce,"Cheese, Water",0.0524,0.20793650793650795,1.876683284625523,0.024478400000000004,1.1226372745490982,['Tomato Sauce'],"['Cheese', 'Water']",1,2
"Coffee, Water, Bread",Milk,0.0244,0.7721518987341772,1.8741550940149934,0.011380800000000002,2.580666666666667,"['Coffee', 'Water', 'Bread']",['Milk'],3,1
"Milk, Jam, Bread, Butter",Coffee,0.034,0.4696132596685083,1.8724611629525847,0.015842079999999998,1.4125541666666668,"['Milk', 'Jam', 'Bread', 'Butter']",['Coffee'],4,1
"Coffee, Eggs, Sugar",Milk,0.0324,0.7714285714285714,1.872399445214979,0.015095999999999998,2.5724999999999993,"['Coffee', 'Eggs', 'Sugar']",['Milk'],3,1
"Milk, Butter",Coffee,0.066,0.46875,1.8690191387559807,0.030687359999999997,1.4102588235294118,"['Milk', 'Butter']",['Coffee'],2,1
Coffee,"Milk, Butter",0.066,0.2631578947368421,1.8690191387559807,0.030687359999999997,1.1660571428571427,['Coffee'],"['Milk', 'Butter']",1,2
"Coffee, Bread",Milk,0.0696,0.7699115044247787,1.868717243749463,0.0323552,2.5555384615384615,"['Coffee', 'Bread']",['Milk'],2,1
"Coffee, Cookies",Milk,0.048,0.7692307692307693,1.8670649738610905,0.022291200000000004,2.548000000000001,"['Coffee', 'Cookies']",['Milk'],2,1
"Milk, Jam, Bread, Butter","Coffee, Sugar",0.0248,0.34254143646408836,1.8656940983882806,0.011507359999999998,1.2417512605042018,"['Milk', 'Jam', 'Bread', 'Butter']","['Coffee', 'Sugar']",4,2
"Coffee, Sugar, Tomato Sauce",Milk,0.0372,0.768595041322314,1.865521944957073,0.0172592,2.5410000000000004,"['Coffee', 'Sugar', 'Tomato Sauce']",['Milk'],3,1
"Wine, Coffee, Sugar",Milk,0.0252,0.7682926829268292,1.8647880653563815,0.0116864,2.537684210526315,"['Wine', 'Coffee', 'Sugar']",['Milk'],3,1
"Milk, Jam, Bread","Coffee, Sugar",0.026,0.34210526315789475,1.8633184267859189,0.012046399999999999,1.240928,"['Milk', 'Jam', 'Bread']","['Coffee', 'Sugar']",3,2
"Water, Tomato Sauce","Cheese, Milk",0.022,0.2191235059760956,1.8632951188443503,0.01019296,1.1300122448979593,"['Water', 'Tomato Sauce']","['Cheese', 'Milk']",2,2
"Coffee, Sugar, Bread, Butter",Milk,0.0408,0.7669172932330828,1.8614497408569972,0.018881600000000005,2.522709677419356,"['Coffee', 'Sugar', 'Bread', 'Butter']",['Milk'],4,1
"Coffee, Bread, Butter",Milk,0.0552,0.7666666666666667,1.8608414239482203,0.025536000000000003,2.520000000000001,"['Coffee', 'Bread', 'Butter']",['Milk'],3,1
"Tomato Sauce, Milk","Cheese, Water",0.022,0.20599250936329586,1.8591381711488797,0.010166559999999998,1.119888679245283,"['Tomato Sauce', 'Milk']","['Cheese', 'Water']",2,2
"Cheese, Baby Wipes",Tomato Sauce,0.0264,0.46808510638297873,1.8574805808848363,0.0121872,1.40624,"['Cheese', 'Baby Wipes']",['Tomato Sauce'],2,1
"Eggs, Milk",Coffee,0.0436,0.4658119658119658,1.857304488883436,0.020125119999999996,1.4025024,"['Eggs', 'Milk']",['Coffee'],2,1
"Bread, Jam, Tomato Sauce, Butter",Cheese,0.0204,0.504950495049505,1.8537096000348936,0.009395040000000002,1.4697520000000002,"['Bread', 'Jam', 'Tomato Sauce', 'Butter']",['Cheese'],4,1
"Soda, Coffee, Sugar",Milk,0.0412,0.762962962962963,1.8518518518518519,0.018952000000000004,2.4806250000000003,"['Soda', 'Coffee', 'Sugar']",['Milk'],3,1
"Cheese, Eggs",Tomato Sauce,0.0304,0.46625766871165647,1.8502288440938748,0.013969600000000002,1.4014252873563218,"['Cheese', 'Eggs']",['Tomato Sauce'],2,1
"Coffee, Jam",Milk,0.0496,0.7607361963190185,1.8464470784442197,0.022737600000000004,2.4575384615384626,"['Coffee', 'Jam']",['Milk'],2,1
"Jam, Milk","Coffee, Sugar",0.0348,0.3385214007782101,1.8437984791841506,0.015925919999999996,1.2342047058823529,"['Jam', 'Milk']","['Coffee', 'Sugar']",2,2
"Wine, Butter",Jam,0.0272,0.4657534246575342,1.8423790532339168,0.012436479999999996,1.3986051282051282,"['Wine', 'Butter']",['Jam'],2,1
Coffee,Milk,0.19,0.7575757575757576,1.838776110620771,0.0866704,2.4255000000000004,['Coffee'],['Milk'],1,1
Milk,Coffee,0.19,0.46116504854368934,1.8387761106207707,0.0866704,1.3904072072072071,['Milk'],['Coffee'],1,1
"Coffee, Water",Milk,0.0712,0.7574468085106383,1.8384631274530057,0.032472,2.4242105263157896,"['Coffee', 'Water']",['Milk'],2,1
"Coffee, Butter",Milk,0.066,0.7568807339449541,1.8370891600605683,0.030073600000000006,2.4185660377358493,"['Coffee', 'Butter']",['Milk'],2,1
"Coffee, Sugar, Jam",Milk,0.0348,0.7565217391304347,1.8362178134233853,0.015847999999999998,2.415,"['Coffee', 'Sugar', 'Jam']",['Milk'],3,1
"Coffee, Sugar, Butter",Milk,0.0472,0.7564102564102564,1.835947224296739,0.021491200000000002,2.4138947368421055,"['Coffee', 'Sugar', 'Butter']",['Milk'],3,1
"Jam, Bread, Tomato Sauce",Cheese,0.0212,0.5,1.8355359765051398,0.009650240000000001,1.4552,"['Jam', 'Bread', 'Tomato Sauce']",['Cheese'],3,1
"Cheese, Milk","Coffee, Sugar",0.0396,0.33673469387755106,1.8340669601173805,0.018008640000000003,1.2308800000000002,"['Cheese', 'Milk']","['Coffee', 'Sugar']",2,2
"Coffee, Sugar","Cheese, Milk",0.0396,0.21568627450980393,1.8340669601173805,0.018008640000000003,1.12506,"['Coffee', 'Sugar']","['Cheese', 'Milk']",2,2
"Coffee, Tea, Cookies",Milk,0.0284,0.7553191489361702,1.8332989051848794,0.012908800000000002,2.4031304347826095,"['Coffee', 'Tea', 'Cookies']",['Milk'],3,1
"Beer, Coffee",Milk,0.0344,0.7543859649122807,1.831033895418157,0.0156128,2.3940000000000006,"['Beer', 'Coffee']",['Milk'],2,1
"Beer, Coffee, Sugar",Milk,0.0256,0.7529411764705882,1.8275271273557967,0.011592000000000002,2.3800000000000003,"['Beer', 'Coffee', 'Sugar']",['Milk'],3,1
"Coffee, Sugar, Bread","Water, Milk",0.0204,0.3090909090909091,1.8267784225231034,0.009232800000000001,1.2024736842105264,"['Coffee', 'Sugar', 'Bread']","['Water', 'Milk']",3,2
"Beer, Cheese",Tomato Sauce,0.0208,0.46017699115044247,1.8260991712319146,0.009409599999999999,1.3856393442622952,"['Beer', 'Cheese']",['Tomato Sauce'],2,1
"Milk, Butter","Coffee, Sugar",0.0472,0.3352272727272727,1.8258566052683698,0.021349119999999996,1.2280888888888888,"['Milk', 'Butter']","['Coffee', 'Sugar']",2,2
"Coffee, Sugar","Milk, Butter",0.0472,0.25708061002178645,1.8258566052683696,0.021349119999999996,1.1565184750733135,"['Coffee', 'Sugar']","['Milk', 'Butter']",2,2
"Coffee, Sugar, Cookies",Milk,0.0364,0.7520661157024794,1.82540319345262,0.016459200000000004,2.371600000000001,"['Coffee', 'Sugar', 'Cookies']",['Milk'],3,1
"Jam, Milk, Butter","Coffee, Sugar",0.0256,0.33507853403141363,1.8250464816525795,0.01157296,1.2278141732283465,"['Jam', 'Milk', 'Butter']","['Coffee', 'Sugar']",3,2
"Soda, Coffee",Milk,0.0528,0.75,1.8203883495145632,0.0237952,2.3520000000000003,"['Soda', 'Coffee']",['Milk'],2,1
"Coffee, Water, Butter",Milk,0.024,0.75,1.8203883495145632,0.010816000000000001,2.3520000000000003,"['Coffee', 'Water', 'Butter']",['Milk'],3,1
"Coffee, Sugar",Milk,0.1376,0.7494553376906318,1.8190663536180385,0.06195679999999999,2.346886956521739,"['Coffee', 'Sugar']",['Milk'],2,1
Milk,"Coffee, Sugar",0.1376,0.3339805825242719,1.8190663536180385,0.06195679999999999,1.225790087463557,['Milk'],"['Coffee', 'Sugar']",1,2
"Cheese, Coffee","Water, Milk",0.022,0.30726256983240224,1.8159726349432759,0.00988528,1.1993,"['Cheese', 'Coffee']","['Water', 'Milk']",2,2
"Tea, Cookies, Milk",Coffee,0.0284,0.4551282051282052,1.814705762074183,0.01275008,1.3750023529411766,"['Tea', 'Cookies', 'Milk']",['Coffee'],3,1
"Coffee, Water","Milk, Butter",0.024,0.2553191489361702,1.813346228239845,0.0107648,1.153782857142857,"['Coffee', 'Water']","['Milk', 'Butter']",2,2
"Coffee, Sugar, Diapers",Milk,0.0236,0.7468354430379746,1.8127073860145015,0.0105808,2.322599999999999,"['Coffee', 'Sugar', 'Diapers']",['Milk'],3,1
"Milk, Baby Wipes","Coffee, Sugar",0.0292,0.33181818181818185,1.8072885719944545,0.013043200000000001,1.2218231292517006,"['Milk', 'Baby Wipes']","['Coffee', 'Sugar']",2,2
"Coffee, Croissant",Milk,0.0256,0.7441860465116279,1.806276811921427,0.011427200000000002,2.298545454545455,"['Coffee', 'Croissant']",['Milk'],2,1
"Cheese, Wine, Milk",Coffee,0.0212,0.452991452991453,1.8061860167123323,0.009462559999999998,1.3696312499999999,"['Cheese', 'Wine', 'Milk']",['Coffee'],3,1
"Cheese, Bread, Butter",Tomato Sauce,0.034,0.45454545454545453,1.8037518037518037,0.015150400000000001,1.3713333333333335,"['Cheese', 'Bread', 'Butter']",['Tomato Sauce'],3,1
"Tomato Sauce, Bread, Butter",Cheese,0.034,0.49132947976878616,1.8037058728663222,0.015149920000000004,1.4303954545454547,"['Tomato Sauce', 'Bread', 'Butter']",['Cheese'],3,1
"Coffee, Juice",Milk,0.0208,0.7428571428571428,1.8030513176144243,0.009264,2.286666666666666,"['Coffee', 'Juice']",['Milk'],2,1
"Coffee, Water","Milk, Bread",0.0244,0.2595744680851064,1.797607119702953,0.010826400000000002,1.1555517241379312,"['Coffee', 'Water']","['Milk', 'Bread']",2,2
"Coffee, Sugar, Water",Milk,0.052,0.7386363636363635,1.7928067078552514,0.022995199999999997,2.249739130434782,"['Coffee', 'Sugar', 'Water']",['Milk'],3,1
"Cheese, Jam",Tomato Sauce,0.0316,0.45142857142857146,1.7913832199546487,0.01396,1.3635416666666669,"['Cheese', 'Jam']",['Tomato Sauce'],2,1
"Tomato Sauce, Bread",Cheese,0.0428,0.4863636363636364,1.785475904418636,0.0188288,1.4165663716814159,"['Tomato Sauce', 'Bread']",['Cheese'],2,1
"Cheese, Bread",Tomato Sauce,0.0428,0.44957983193277307,1.7840469521141789,0.018809599999999996,1.3589618320610686,"['Cheese', 'Bread']",['Tomato Sauce'],2,1
"Milk, Diapers, Baby Wipes",Coffee,0.0236,0.44696969696969696,1.782175825238026,0.010357759999999999,1.3547178082191782,"['Milk', 'Diapers', 'Baby Wipes']",['Coffee'],3,1
"Coffee, Sugar, Baby Wipes",Milk,0.0292,0.73,1.7718446601941749,0.012720000000000002,2.177777777777778,"['Coffee', 'Sugar', 'Baby Wipes']",['Milk'],3,1
"Coffee, Tea",Milk,0.0388,0.7293233082706767,1.7702022045404775,0.016881600000000004,2.172333333333334,"['Coffee', 'Tea']",['Milk'],2,1
"Soap, Milk",Coffee,0.0204,0.44347826086956527,1.768254628666528,0.0088632,1.3462187500000002,"['Soap', 'Milk']",['Coffee'],2,1
"Diapers, Milk",Sugar,0.0284,0.4551282051282052,1.7668020385411691,0.012325760000000002,1.3625223529411765,"['Diapers', 'Milk']",['Sugar'],2,1
"Coffee, Tea, Sugar",Milk,0.0288,0.7272727272727272,1.7652250661959399,0.012484799999999997,2.1559999999999997,"['Coffee', 'Tea', 'Sugar']",['Milk'],3,1
"Rice, Milk",Coffee,0.0216,0.4426229508196721,1.764844301513844,0.00936096,1.3441529411764706,"['Rice', 'Milk']",['Coffee'],2,1
"Milk, Diapers, Baby Wipes",Sugar,0.024,0.45454545454545453,1.7645398080180688,0.01039872,1.3610666666666666,"['Milk', 'Diapers', 'Baby Wipes']",['Sugar'],3,1
"Cheese, Butter",Tomato Sauce,0.04,0.44052863436123346,1.7481295014334661,0.0171184,1.336976377952756,"['Cheese', 'Butter']",['Tomato Sauce'],2,1
"Coffee, Rice",Milk,0.0216,0.7200000000000001,1.747572815533981,0.009240000000000002,2.100000000000001,"['Coffee', 'Rice']",['Milk'],2,1
"Coffee, Sugar, Tea, Cookies",Milk,0.0216,0.7200000000000001,1.747572815533981,0.009240000000000002,2.100000000000001,"['Coffee', 'Sugar', 'Tea', 'Cookies']",['Milk'],4,1
"Coffee, Diapers, Baby Wipes",Milk,0.0236,0.7195121951219512,1.746388823111532,0.010086399999999999,2.096347826086957,"['Coffee', 'Diapers', 'Baby Wipes']",['Milk'],3,1
"Cookies, Tomato Sauce",Cheese,0.0272,0.47552447552447547,1.745684565067825,0.011618719999999999,1.3872906666666664,"['Cookies', 'Tomato Sauce']",['Cheese'],2,1
"Cheese, Jam, Bread, Butter",Tomato Sauce,0.0204,0.43965517241379315,1.7446633825944173,0.008707200000000002,1.3348923076923078,"['Cheese', 'Jam', 'Bread', 'Butter']",['Tomato Sauce'],4,1
"Coffee, Diapers",Milk,0.0296,0.7184466019417476,1.7438024318974457,0.0126256,2.0884137931034488,"['Coffee', 'Diapers']",['Milk'],2,1
"Cheese, Cookies",Tomato Sauce,0.0272,0.4387096774193548,1.740911418330773,0.011575999999999998,1.3326436781609197,"['Cheese', 'Cookies']",['Tomato Sauce'],2,1
"Tomato Sauce, Butter",Cheese,0.04,0.47393364928909953,1.7398445274930234,0.01700944,1.3830954954954955,"['Tomato Sauce', 'Butter']",['Cheese'],2,1
"Coffee, Baby Wipes",Milk,0.0372,0.7153846153846154,1.7363704256908141,0.015776,2.065945945945946,"['Coffee', 'Baby Wipes']",['Milk'],2,1
"Water, Milk, Butter",Coffee,0.024,0.4347826086956522,1.7335829692809097,0.01015584,1.3255076923076923,"['Water', 'Milk', 'Butter']",['Coffee'],3,1
"Cheese, Pasta, Sugar",Milk,0.0236,0.7108433734939759,1.7253479939174172,0.009921600000000001,2.0335,"['Cheese', 'Pasta', 'Sugar']",['Milk'],3,1
"Pasta, Milk",Sugar,0.0416,0.4444444444444444,1.7253278122843339,0.017488639999999996,1.33632,"['Pasta', 'Milk']",['Sugar'],2,1
"Cheese, Jam, Bread",Tomato Sauce,0.0212,0.4344262295081967,1.7239136091595106,0.0089024,1.322550724637681,"['Cheese', 'Jam', 'Bread']",['Tomato Sauce'],3,1
"Tea, Milk","Coffee, Sugar",0.0288,0.3157894736842105,1.719986240110079,0.012055679999999996,1.1932,"['Tea', 'Milk']","['Coffee', 'Sugar']",2,2
"Cheese, Pasta, Sugar, Tomato Sauce",Milk,0.0232,0.7073170731707316,1.7167890125503193,0.009686399999999998,2.0089999999999995,"['Cheese', 'Pasta', 'Sugar', 'Tomato Sauce']",['Milk'],4,1
"Milk, Water, Bread",Coffee,0.0244,0.4295774647887324,1.712828806972617,0.01015456,1.3134123456790123,"['Milk', 'Water', 'Bread']",['Coffee'],3,1
"Milk, Croissant",Coffee,0.0256,0.4295302013422819,1.712640356229194,0.01065232,1.3133035294117648,"['Milk', 'Croissant']",['Coffee'],2,1
"Pasta, Tomato Sauce, Milk",Sugar,0.0344,0.441025641025641,1.7120560598821468,0.014307199999999999,1.3281467889908256,"['Pasta', 'Tomato Sauce', 'Milk']",['Sugar'],3,1
"Cheese, Pasta, Tomato Sauce, Milk",Sugar,0.0232,0.4393939393939394,1.7057218144174666,0.009598719999999998,1.3242810810810812,"['Cheese', 'Pasta', 'Tomato Sauce', 'Milk']",['Sugar'],4,1
"Pasta, Sugar",Milk,0.0416,0.7027027027027026,1.7055890842298609,0.0172096,1.9778181818181817,"['Pasta', 'Sugar']",['Milk'],2,1
"Wine, Bread",Jam,0.026,0.4304635761589404,1.702783133540112,0.010730879999999996,1.3119441860465115,"['Wine', 'Bread']",['Jam'],2,1
"Cheese, Jam, Butter",Tomato Sauce,0.0216,0.4285714285714286,1.7006802721088436,0.008899200000000001,1.3090000000000002,"['Cheese', 'Jam', 'Butter']",['Tomato Sauce'],3,1
"Cheese, Pasta, Milk",Sugar,0.0236,0.43703703703703706,1.6965723487462618,0.0096896,1.3187368421052632,"['Cheese', 'Pasta', 'Milk']",['Sugar'],3,1
"Tea, Milk",Coffee,0.0388,0.42543859649122806,1.6963261423095217,0.01592704,1.3039511450381678,"['Tea', 'Milk']",['Coffee'],2,1
"Milk, Baby Wipes",Coffee,0.0372,0.42272727272727273,1.6855154414963025,0.015129599999999997,1.2978267716535432,"['Milk', 'Baby Wipes']",['Coffee'],2,1
"Beer, Milk",Sugar,0.0296,0.4327485380116959,1.6799244488031673,0.01198016,1.3087670103092781,"['Beer', 'Milk']",['Sugar'],2,1
"Water, Milk",Coffee,0.0712,0.42080378250591016,1.6778460227508378,0.02876464,1.2935167346938774,"['Water', 'Milk']",['Coffee'],2,1
Coffee,"Water, Milk",0.0712,0.28389154704944175,1.6778460227508378,0.02876464,1.1601594654788419,['Coffee'],"['Water', 'Milk']",1,2
"Yogurt, Milk",Sugar,0.038,0.4318181818181818,1.6763128176171656,0.0153312,1.306624,"['Yogurt', 'Milk']",['Sugar'],2,1
"Water, Milk","Coffee, Sugar",0.052,0.3073286052009456,1.673903078436523,0.020934879999999996,1.1786252559726962,"['Water', 'Milk']","['Coffee', 'Sugar']",2,2
"Coffee, Sugar","Water, Milk",0.052,0.28322440087145967,1.673903078436523,0.020934879999999996,1.1590796352583588,"['Coffee', 'Sugar']","['Water', 'Milk']",2,2
"Pasta, Sugar, Tomato Sauce",Milk,0.0344,0.688,1.6699029126213591,0.0138,1.8846153846153846,"['Pasta', 'Sugar', 'Tomato Sauce']",['Milk'],3,1
"Soda, Milk",Sugar,0.0476,0.42960288808664265,1.6677130748705071,0.019057920000000006,1.3015493670886078,"['Soda', 'Milk']",['Sugar'],2,1
"Sugar, Water, Bread",Milk,0.024,0.6818181818181818,1.6548984995586937,0.0094976,1.8479999999999999,"['Sugar', 'Water', 'Bread']",['Milk'],3,1
"Cheese, Sugar",Milk,0.0464,0.6783625730994152,1.646511099755862,0.018219199999999998,1.8281454545454545,"['Cheese', 'Sugar']",['Milk'],2,1
"Cheese, Sugar, Tomato Sauce",Milk,0.0236,0.67816091954023,1.6460216493694904,0.0092624,1.8270000000000006,"['Cheese', 'Sugar', 'Tomato Sauce']",['Milk'],3,1
"Milk, Water, Bread",Sugar,0.024,0.4225352112676056,1.640276441256233,0.00936832,1.285619512195122,"['Milk', 'Water', 'Bread']",['Sugar'],3,1
"Coffee, Butter","Water, Milk",0.024,0.27522935779816515,1.626651050816579,0.009245760000000002,1.146293670886076,"['Coffee', 'Butter']","['Water', 'Milk']",2,2
"Cookies, Milk",Sugar,0.0416,0.4176706827309237,1.6213924019057597,0.01594304,1.27488,"['Cookies', 'Milk']",['Sugar'],2,1
"Sugar, Water","Milk, Bread",0.024,0.23346303501945526,1.6167800209103549,0.00915568,1.1161888324873097,"['Sugar', 'Water']","['Milk', 'Bread']",2,2
"Eggs, Sugar",Milk,0.0368,0.6618705035971223,1.6064818048473843,0.0138928,1.7389787234042555,"['Eggs', 'Sugar']",['Milk'],2,1
"Sugar, Diapers, Baby Wipes",Milk,0.024,0.6593406593406593,1.600341406166649,0.009003200000000001,1.7260645161290324,"['Sugar', 'Diapers', 'Baby Wipes']",['Milk'],3,1
"Sugar, Water, Butter",Milk,0.0224,0.6588235294117647,1.599086236436322,0.008392,1.723448275862069,"['Sugar', 'Water', 'Butter']",['Milk'],3,1
"Sugar, Jam, Bread",Milk,0.0292,0.6576576576576576,1.5962564506253827,0.010907199999999999,1.717578947368421,"['Sugar', 'Jam', 'Bread']",['Milk'],3,1
"Coffee, Bread","Water, Milk",0.0244,0.2699115044247788,1.5952216573568487,0.009104320000000004,1.1379442424242425,"['Coffee', 'Bread']","['Water', 'Milk']",2,2
"Tea, Cookies, Milk",Sugar,0.0256,0.4102564102564103,1.5926102882624624,0.009525760000000001,1.2588521739130436,"['Tea', 'Cookies', 'Milk']",['Sugar'],3,1
"Sugar, Butter","Water, Milk",0.0224,0.2692307692307692,1.591198399709038,0.008322560000000001,1.1368842105263157,"['Sugar', 'Butter']","['Water', 'Milk']",2,2
"Cheese, Tomato Sauce, Milk",Sugar,0.0236,0.4097222222222222,1.5905365769496205,0.00876224,1.2577129411764705,"['Cheese', 'Tomato Sauce', 'Milk']",['Sugar'],3,1
"Milk, Baby Wipes",Sugar,0.036,0.40909090909090906,1.588085827216262,0.013331199999999998,1.2563692307692307,"['Milk', 'Baby Wipes']",['Sugar'],2,1
"Tomato Sauce, Milk",Sugar,0.0436,0.40823970037453183,1.584781445553307,0.01608832,1.2545620253164556,"['Tomato Sauce', 'Milk']",['Sugar'],2,1
"Sugar, Jam, Bread, Butter",Milk,0.0276,0.6509433962264151,1.5799596995786773,0.0101312,1.6845405405405407,"['Sugar', 'Jam', 'Bread', 'Butter']",['Milk'],4,1
"Water, Milk, Butter",Sugar,0.0224,0.4057971014492754,1.575299306868305,0.00818048,1.2494048780487805,"['Water', 'Milk', 'Butter']",['Sugar'],3,1
"Sugar, Tomato Sauce",Milk,0.0436,0.6488095238095238,1.5747803975959318,0.015913600000000003,1.674305084745763,"['Sugar', 'Tomato Sauce']",['Milk'],2,1
"Sugar, Baby Wipes",Milk,0.036,0.6474820143884892,1.571558287350702,0.013092799999999998,1.6680000000000001,"['Sugar', 'Baby Wipes']",['Milk'],2,1
"Milk, Bread",Sugar,0.0584,0.40443213296398894,1.5700005161645534,0.021202560000000002,1.2465413953488371,"['Milk', 'Bread']",['Sugar'],2,1
Sugar,"Milk, Bread",0.0584,0.2267080745341615,1.5700005161645534,0.021202560000000002,1.1064385542168675,['Sugar'],"['Milk', 'Bread']",1,2
"Soda, Sugar",Milk,0.0476,0.6467391304347827,1.5697551709582105,0.017276800000000005,1.6644923076923084,"['Soda', 'Sugar']",['Milk'],2,1
"Sugar, Bread","Water, Milk",0.024,0.26548672566371684,1.5690704826460806,0.008704320000000003,1.131089156626506,"['Sugar', 'Bread']","['Water', 'Milk']",2,2
"Sugar, Bread",Milk,0.0584,0.6460176991150443,1.5680041240656415,0.021155200000000006,1.6611000000000002,"['Sugar', 'Bread']",['Milk'],2,1
"Sugar, Water",Milk,0.0664,0.6459143968871596,1.5677533905028145,0.024046400000000002,1.660615384615385,"['Sugar', 'Water']",['Milk'],2,1
"Sugar, Jam, Butter",Milk,0.0284,0.6454545454545455,1.5666372462488969,0.010272000000000003,1.6584615384615389,"['Sugar', 'Jam', 'Butter']",['Milk'],3,1
"Sugar, Bread, Butter",Milk,0.0444,0.6416184971098267,1.5573264492956957,0.015889600000000004,1.6407096774193555,"['Sugar', 'Bread', 'Butter']",['Milk'],3,1
"Sugar, Diapers",Milk,0.0284,0.6396396396396397,1.5525233971835914,0.0101072,1.6317000000000004,"['Sugar', 'Diapers']",['Milk'],2,1
"Sugar, Water","Milk, Butter",0.0224,0.2178988326848249,1.547576936681995,0.007925759999999999,1.0985791044776119,"['Sugar', 'Water']","['Milk', 'Butter']",2,2
"Wine, Sugar",Milk,0.028,0.6363636363636365,1.5445719329214478,0.009872000000000002,1.6170000000000007,"['Wine', 'Sugar']",['Milk'],2,1
"Cheese, Tomato Sauce",Wine,0.036,0.274390243902439,1.5415182241710057,0.012646399999999995,1.132840336134454,"['Cheese', 'Tomato Sauce']",['Wine'],2,1
Wine,"Cheese, Tomato Sauce",0.036,0.20224719101123595,1.5415182241710055,0.012646399999999995,1.0890591549295776,['Wine'],"['Cheese', 'Tomato Sauce']",1,2
"Sugar, Jam",Milk,0.0392,0.632258064516129,1.5346069527090511,0.013656000000000001,1.5989473684210527,"['Sugar', 'Jam']",['Milk'],2,1
"Cheese, Milk",Sugar,0.0464,0.3945578231292517,1.5316685680483373,0.016106239999999997,1.226211235955056,"['Cheese', 'Milk']",['Sugar'],2,1
"Sugar, Butter",Milk,0.0524,0.6298076923076924,1.528659447348768,0.01812160000000001,1.588363636363637,"['Sugar', 'Butter']",['Milk'],2,1
"Milk, Bread, Butter",Sugar,0.0444,0.39361702127659576,1.5280163869433065,0.015342720000000004,1.2243087719298245,"['Milk', 'Bread', 'Butter']",['Sugar'],3,1
"Wine, Milk",Sugar,0.028,0.39325842696629215,1.5266243282852956,0.009658880000000002,1.2235851851851853,"['Wine', 'Milk']",['Sugar'],2,1
"Eggs, Milk",Sugar,0.0368,0.39316239316239315,1.5262515262515262,0.012688639999999998,1.2233915492957745,"['Eggs', 'Milk']",['Sugar'],2,1
"Water, Milk",Sugar,0.0664,0.39243498817966904,1.523427749144678,0.022814080000000007,1.221926848249027,"['Water', 'Milk']",['Sugar'],2,1
Sugar,"Water, Milk",0.0664,0.2577639751552795,1.523427749144678,0.022814080000000007,1.1193205020920503,['Sugar'],"['Water', 'Milk']",1,2
Milk,Sugar,0.1616,0.39223300970873787,1.5226436712295726,0.0554688,1.221520766773163,['Milk'],['Sugar'],1,1
Sugar,Milk,0.1616,0.6273291925465838,1.5226436712295723,0.0554688,1.5778,['Sugar'],['Milk'],1,1
"Yogurt, Sugar",Milk,0.038,0.625,1.516990291262136,0.0129504,1.5680000000000003,"['Yogurt', 'Sugar']",['Milk'],2,1
"Tea, Milk",Sugar,0.0356,0.39035087719298245,1.515337256183938,0.01210688,1.2177496402877697,"['Tea', 'Milk']",['Sugar'],2,1
"Sugar, Croissant",Milk,0.0224,0.6222222222222222,1.5102481121898599,0.007568000000000002,1.5564705882352943,"['Sugar', 'Croissant']",['Milk'],2,1
"Beer, Sugar",Milk,0.0296,0.6166666666666667,1.4967637540453076,0.009824000000000003,1.5339130434782613,"['Beer', 'Sugar']",['Milk'],2,1
"Milk, Jam, Bread",Sugar,0.0292,0.3842105263157895,1.4915004903563258,0.0096224,1.2056068376068376,"['Milk', 'Jam', 'Bread']",['Sugar'],3,1
"Sugar, Cookies",Milk,0.0416,0.6117647058823529,1.4848657909765848,0.013583999999999999,1.5145454545454544,"['Sugar', 'Cookies']",['Milk'],2,1
"Jam, Milk",Sugar,0.0392,0.38132295719844356,1.4802909829132125,0.01271872,1.1999798742138363,"['Jam', 'Milk']",['Sugar'],2,1
"Milk, Jam, Bread, Butter",Sugar,0.0276,0.38121546961325964,1.479873717442778,0.008949759999999998,1.1997714285714285,"['Milk', 'Jam', 'Bread', 'Butter']",['Sugar'],4,1
"Tea, Sugar",Milk,0.0356,0.6054421768707483,1.469519846773661,0.011374400000000003,1.4902758620689658,"['Tea', 'Sugar']",['Milk'],2,1
"Soda, Pasta",Coffee,0.02,0.36764705882352944,1.465897363730181,0.006356479999999999,1.1847813953488373,"['Soda', 'Pasta']",['Coffee'],2,1
"Milk, Croissant",Sugar,0.0224,0.37583892617449666,1.4590020426028598,0.007047039999999999,1.1894365591397849,"['Milk', 'Croissant']",['Sugar'],2,1
"Tea, Sugar, Cookies",Milk,0.0256,0.5981308411214954,1.4517738862172218,0.007966400000000002,1.463162790697675,"['Tea', 'Sugar', 'Cookies']",['Milk'],3,1
Sugar,"Milk, Butter",0.0524,0.203416149068323,1.444716967814794,0.01612992,1.0786058479532163,['Sugar'],"['Milk', 'Butter']",1,2
"Milk, Butter",Sugar,0.0524,0.3721590909090909,1.4447169678147938,0.01612992,1.1824651583710404,"['Milk', 'Butter']",['Sugar'],2,1
"Jam, Milk, Butter",Sugar,0.0284,0.37172774869109954,1.4430425026828397,0.008719360000000002,1.1816533333333332,"['Jam', 'Milk', 'Butter']",['Sugar'],3,1
"Soda, Coffee",Pasta,0.02,0.28409090909090906,1.3898772460416295,0.005610239999999999,1.1113142857142857,"['Soda', 'Coffee']",['Pasta'],2,1
"Cheese, Pasta",Wine,0.0296,0.24503311258278146,1.3765905201279858,0.0080976,1.0887894736842108,"['Cheese', 'Pasta']",['Wine'],2,1
"Cheese, Wine","Pasta, Tomato Sauce",0.0276,0.23875432525951557,1.3753129335225551,0.0075318400000000015,1.0855890909090908,"['Cheese', 'Wine']","['Pasta', 'Tomato Sauce']",2,2
"Coffee, Eggs",Cheese,0.0208,0.37410071942446044,1.3733506586801045,0.005654560000000001,1.1624873563218392,"['Coffee', 'Eggs']",['Cheese'],2,1
"Coffee, Water",Beer,0.0216,0.2297872340425532,1.3612987798729455,0.0057328,1.0791823204419888,"['Coffee', 'Water']",['Beer'],2,1
"Soda, Sugar",Cookies,0.0232,0.3152173913043478,1.3155984612034548,0.005565439999999998,1.1104253968253968,"['Soda', 'Sugar']",['Cookies'],2,1
"Cheese, Pasta, Tomato Sauce",Wine,0.0276,0.23389830508474577,1.3140354218244146,0.006596000000000001,1.0729646017699115,"['Cheese', 'Pasta', 'Tomato Sauce']",['Wine'],3,1
"Sugar, Water",Beer,0.0228,0.22178988326848248,1.3139211094104413,0.005447359999999998,1.0680919999999998,"['Sugar', 'Water']",['Beer'],2,1
"Tea, Sugar",Soda,0.0212,0.36054421768707484,1.3120240818306945,0.005041760000000003,1.1340893617021277,"['Tea', 'Sugar']",['Soda'],2,1
"Cookies, Bread, Butter",Coffee,0.02,0.32679738562091504,1.303019878871272,0.00465104,1.1128893203883494,"['Cookies', 'Bread', 'Butter']",['Coffee'],3,1
"Cheese, Bread, Butter",Eggs,0.022,0.2941176470588235,1.301405517959396,0.005095199999999998,1.0965,"['Cheese', 'Bread', 'Butter']",['Eggs'],3,1
"Cookies, Bread, Butter",Sugar,0.0204,0.33333333333333337,1.2939958592132508,0.004634880000000001,1.1136,"['Cookies', 'Bread', 'Butter']",['Sugar'],3,1
"Cheese, Coffee",Eggs,0.0208,0.2905027932960894,1.2854105898057053,0.004618399999999998,1.0909133858267717,"['Cheese', 'Coffee']",['Eggs'],2,1
"Soda, Pasta",Milk,0.0288,0.5294117647058824,1.2849800114220447,0.006387200000000003,1.2495000000000003,"['Soda', 'Pasta']",['Milk'],2,1
"Tomato Sauce, Butter","Coffee, Milk",0.0204,0.24170616113744076,1.2721376901970567,0.004364,1.0681875,"['Tomato Sauce', 'Butter']","['Coffee', 'Milk']",2,2
"Cheese, Eggs",Coffee,0.0208,0.31901840490797545,1.2720032093619436,0.004447839999999998,1.1001765765765765,"['Cheese', 'Eggs']",['Coffee'],2,1
"Soda, Milk",Pasta,0.0288,0.25992779783393505,1.2716624160172947,0.006152480000000002,1.075030243902439,"['Soda', 'Milk']",['Pasta'],2,1
"Tomato Sauce, Bread","Coffee, Milk",0.0212,0.24090909090909093,1.2679425837320575,0.004480000000000001,1.0670658682634733,"['Tomato Sauce', 'Bread']","['Coffee', 'Milk']",2,2
"Coffee, Sugar, Milk",Pasta,0.0356,0.25872093023255816,1.2657579756974469,0.007474560000000002,1.07328,"['Coffee', 'Sugar', 'Milk']",['Pasta'],3,1
"Beer, Water",Eggs,0.0204,0.28491620111731847,1.260691155386365,0.004218400000000001,1.0823906250000002,"['Beer', 'Water']",['Eggs'],2,1
"Pasta, Bread",Coffee,0.022,0.3160919540229885,1.2603347449082476,0.0045443199999999975,1.0954689075630253,"['Pasta', 'Bread']",['Coffee'],2,1
"Sugar, Milk",Pasta,0.0416,0.25742574257425743,1.259421441165643,0.00856896,1.071408,"['Sugar', 'Milk']",['Pasta'],2,1
Pasta,"Sugar, Milk",0.0416,0.2035225048923679,1.259421441165643,0.00856896,1.0526348894348894,['Pasta'],"['Sugar', 'Milk']",1,2
"Soda, Cookies",Sugar,0.0232,0.3240223463687151,1.2578507234810368,0.004755840000000001,1.0982611570247933,"['Soda', 'Cookies']",['Sugar'],2,1
"Cheese, Soda",Tea,0.022,0.291005291005291,1.254333150884875,0.004460799999999997,1.083223880597015,"['Cheese', 'Soda']",['Tea'],2,1
"Eggs, Water",Beer,0.0204,0.2116182572614108,1.253662661501249,0.004127680000000002,1.0543115789473683,"['Eggs', 'Water']",['Beer'],2,1
"Cheese, Eggs","Bread, Butter",0.022,0.3374233128834356,1.253429839834456,0.00444816,1.1029666666666667,"['Cheese', 'Eggs']","['Bread', 'Butter']",2,2
"Cheese, Wine",Pasta,0.0296,0.25605536332179935,1.2527170416917777,0.005971360000000002,1.0694344186046512,"['Cheese', 'Wine']",['Pasta'],2,1
"Cookies, Bread",Eggs,0.022,0.28205128205128205,1.2480145223508055,0.004371999999999997,1.0780714285714286,"['Cookies', 'Bread']",['Eggs'],2,1
"Eggs, Bread, Butter",Cheese,0.022,0.3395061728395062,1.2463515889849714,0.004348480000000002,1.1016,"['Eggs', 'Bread', 'Butter']",['Cheese'],3,1
"Cheese, Cookies",Soda,0.0212,0.3419354838709677,1.2443067098652392,0.0041624,1.1020196078431372,"['Cheese', 'Cookies']",['Soda'],2,1
"Soda, Sugar",Tea,0.0212,0.28804347826086957,1.241566716641679,0.004124799999999998,1.0787175572519085,"['Soda', 'Sugar']",['Tea'],2,1
"Sugar, Cookies",Soda,0.0232,0.34117647058823525,1.241544652795616,0.0045135999999999996,1.10075,"['Sugar', 'Cookies']",['Soda'],2,1
"Coffee, Pasta",Soda,0.02,0.34013605442176875,1.2377585677648062,0.003841760000000003,1.099014432989691,"['Coffee', 'Pasta']",['Soda'],2,1
"Tea, Baby Wipes",Water,0.0252,0.5,1.2363996043521266,0.004818240000000001,1.1912,"['Tea', 'Baby Wipes']",['Water'],2,1
"Beer, Water",Sugar,0.0228,0.31843575418994413,1.2361636420417086,0.004355840000000003,1.0892590163934424,"['Beer', 'Water']",['Sugar'],2,1
"Cheese, Wine",Tomato Sauce,0.036,0.31141868512110726,1.2357884330202669,0.006868799999999998,1.0862914572864322,"['Cheese', 'Wine']",['Tomato Sauce'],2,1
Rice,"Water, Milk",0.0228,0.2087912087912088,1.2339905956927235,0.004323360000000002,1.050038888888889,['Rice'],"['Water', 'Milk']",1,2
"Yogurt, Bread",Sugar,0.0216,0.3176470588235294,1.2331019364267446,0.004083199999999999,1.0879999999999999,"['Yogurt', 'Bread']",['Sugar'],2,1
"Milk, Croissant",Cheese,0.02,0.33557046979865773,1.2319033399363355,0.0037649600000000012,1.0950747474747475,"['Milk', 'Croissant']",['Cheese'],2,1
"Tea, Water",Baby Wipes,0.0252,0.26141078838174275,1.230747591251143,0.004724639999999999,1.0663573033707865,"['Tea', 'Water']",['Baby Wipes'],2,1
"Sugar, Bread, Butter",Cookies,0.0204,0.2947976878612717,1.2303743232941222,0.0038196800000000024,1.078272131147541,"['Sugar', 'Bread', 'Butter']",['Cookies'],3,1
"Cheese, Tea",Soda,0.022,0.3374233128834356,1.2278868736660684,0.00408304,1.094514814814815,"['Cheese', 'Tea']",['Soda'],2,1
"Coffee, Milk, Butter",Tomato Sauce,0.0204,0.3090909090909091,1.2265512265512266,0.0037680000000000005,1.0826315789473684,"['Coffee', 'Milk', 'Butter']",['Tomato Sauce'],3,1
"Sugar, Milk","Pasta, Tomato Sauce",0.0344,0.21287128712871287,1.2262170917552584,0.0063462399999999995,1.049891823899371,"['Sugar', 'Milk']","['Pasta', 'Tomato Sauce']",2,2
"Water, Bread",Baby Wipes,0.034,0.25993883792048933,1.2238175043337538,0.006218080000000001,1.0642363636363636,"['Water', 'Bread']",['Baby Wipes'],2,1
"Coffee, Sugar, Milk","Pasta, Tomato Sauce",0.0292,0.21220930232558138,1.222403815239524,0.00531264,1.049009594095941,"['Coffee', 'Sugar', 'Milk']","['Pasta', 'Tomato Sauce']",3,2
"Tomato Sauce, Bread, Butter",Coffee,0.0212,0.3063583815028902,1.2215246471407104,0.00384464,1.0800966666666667,"['Tomato Sauce', 'Bread', 'Butter']",['Coffee'],3,1
"Coffee, Tea",Bread,0.0224,0.4210526315789474,1.2155099064057373,0.003971520000000003,1.1289454545454545,"['Coffee', 'Tea']",['Bread'],2,1
"Coffee, Milk",Pasta,0.0472,0.24842105263157893,1.2153671850860026,0.008363999999999996,1.0585714285714285,"['Coffee', 'Milk']",['Pasta'],2,1
Pasta,"Coffee, Milk",0.0472,0.2309197651663405,1.2153671850860026,0.008363999999999996,1.053206106870229,['Pasta'],"['Coffee', 'Milk']",1,2
"Cookies, Bread",Sugar,0.0244,0.3128205128205128,1.2143653448001275,0.004307200000000001,1.0803582089552237,"['Cookies', 'Bread']",['Sugar'],2,1
Rice,"Jam, Bread",0.0244,0.22344322344322345,1.2143653448001275,0.004307200000000001,1.0507924528301886,['Rice'],"['Jam', 'Bread']",1,2
"Soda, Pasta, Tomato Sauce",Milk,0.0232,0.5,1.2135922330097089,0.004083200000000002,1.1760000000000002,"['Soda', 'Pasta', 'Tomato Sauce']",['Milk'],3,1
"Beer, Diapers, Baby Wipes",Sugar,0.0216,0.31213872832369943,1.2117186658528705,0.0037740800000000026,1.079287394957983,"['Beer', 'Diapers', 'Baby Wipes']",['Sugar'],3,1
"Coffee, Milk, Bread",Tomato Sauce,0.0212,0.3045977011494253,1.2087210363072434,0.0036608000000000022,1.0756363636363637,"['Coffee', 'Milk', 'Bread']",['Tomato Sauce'],3,1
"Cheese, Butter",Eggs,0.0248,0.2731277533039647,1.20852988187595,0.004279199999999997,1.0648363636363636,"['Cheese', 'Butter']",['Eggs'],2,1
"Coffee, Tomato Sauce","Bread, Butter",0.0212,0.32515337423312884,1.207850572931385,0.003648160000000001,1.0829127272727272,"['Coffee', 'Tomato Sauce']","['Bread', 'Butter']",2,2
"Coffee, Tea",Butter,0.0216,0.406015037593985,1.2069412532520363,0.003703520000000002,1.1172000000000002,"['Coffee', 'Tea']",['Butter'],2,1
"Cookies, Butter",Sugar,0.024,0.31088082901554404,1.2068355163646896,0.00411328,1.0773172932330826,"['Cookies', 'Butter']",['Sugar'],2,1
"Soda, Milk","Pasta, Tomato Sauce",0.0232,0.20938628158844766,1.2061421750486616,0.003965119999999999,1.0452639269406392,"['Soda', 'Milk']","['Pasta', 'Tomato Sauce']",2,2
"Soda, Tomato Sauce",Coffee,0.0208,0.3023255813953488,1.2054449018953302,0.0035449599999999963,1.0738533333333333,"['Soda', 'Tomato Sauce']",['Coffee'],2,1
"Coffee, Tomato Sauce, Milk",Bread,0.0212,0.4173228346456693,1.2047425942426944,0.0036028800000000027,1.121718918918919,"['Coffee', 'Tomato Sauce', 'Milk']",['Bread'],3,1
"Tea, Bread",Eggs,0.0208,0.27225130890052357,1.2046518092943521,0.003533599999999998,1.0635539568345325,"['Tea', 'Bread']",['Eggs'],2,1
Rice,"Jam, Bread, Butter",0.0232,0.21245421245421242,1.2043889594910002,0.003937119999999999,1.045780465116279,['Rice'],"['Jam', 'Bread', 'Butter']",1,3
"Sugar, Butter",Cookies,0.024,0.2884615384615385,1.2039296263002441,0.004065280000000001,1.0686702702702704,"['Sugar', 'Butter']",['Cookies'],2,1
"Beer, Water",Coffee,0.0216,0.3016759776536313,1.202854775333458,0.0036427199999999986,1.0728544,"['Beer', 'Water']",['Coffee'],2,1
"Pasta, Tomato Sauce","Coffee, Milk",0.0396,0.22811059907834103,1.2005821004123212,0.006616000000000004,1.0493731343283583,"['Pasta', 'Tomato Sauce']","['Coffee', 'Milk']",2,2
"Coffee, Milk","Pasta, Tomato Sauce",0.0396,0.20842105263157895,1.2005821004123212,0.006616000000000004,1.0439893617021276,"['Coffee', 'Milk']","['Pasta', 'Tomato Sauce']",2,2
"Beer, Milk",Water,0.0332,0.4853801169590643,1.2002475691371521,0.005539040000000002,1.157359090909091,"['Beer', 'Milk']",['Water'],2,1
"Beer, Baby Wipes",Soda,0.0248,0.32978723404255317,1.200099104958345,0.0041350399999999995,1.0820444444444446,"['Beer', 'Baby Wipes']",['Soda'],2,1
"Tea, Butter",Soda,0.024,0.32967032967032966,1.1996736887566581,0.003994560000000001,1.081855737704918,"['Tea', 'Butter']",['Soda'],2,1
"Beer, Diapers, Baby Wipes",Soda,0.0228,0.32947976878612717,1.1989802357573769,0.0037838400000000036,1.0815482758620691,"['Beer', 'Diapers', 'Baby Wipes']",['Soda'],3,1
"Cookies, Butter",Coffee,0.0232,0.30051813471502586,1.1982381766946804,0.0038382399999999962,1.0710785185185183,"['Cookies', 'Butter']",['Coffee'],2,1
"Sugar, Jam",Soda,0.0204,0.32903225806451614,1.1973517396816453,0.0033624000000000015,1.0808269230769232,"['Sugar', 'Jam']",['Soda'],2,1
"Water, Cookies",Baby Wipes,0.0252,0.2540322580645161,1.1960087479496992,0.004129919999999999,1.0558097297297298,"['Water', 'Cookies']",['Baby Wipes'],2,1
"Cheese, Pasta, Tomato Sauce","Coffee, Milk",0.0268,0.22711864406779664,1.1953612845673507,0.004380000000000002,1.0480263157894738,"['Cheese', 'Pasta', 'Tomato Sauce']","['Coffee', 'Milk']",3,2
"Milk, Baby Wipes",Cookies,0.0252,0.2863636363636364,1.1951737744726059,0.004115199999999999,1.0655286624203821,"['Milk', 'Baby Wipes']",['Cookies'],2,1
"Coffee, Tomato Sauce, Milk",Butter,0.0204,0.40157480314960636,1.1937419832033485,0.003310880000000002,1.1089105263157895,"['Coffee', 'Tomato Sauce', 'Milk']",['Butter'],3,1
"Yogurt, Water",Baby Wipes,0.0216,0.2535211267605634,1.1936022917164,0.0035035199999999996,1.0550867924528302,"['Yogurt', 'Water']",['Baby Wipes'],2,1
"Cookies, Butter",Eggs,0.0208,0.26943005181347146,1.1921683708560684,0.003352799999999996,1.0594468085106383,"['Cookies', 'Butter']",['Eggs'],2,1
"Cookies, Milk",Baby Wipes,0.0252,0.2530120481927711,1.1912054999659658,0.00404496,1.0543677419354838,"['Cookies', 'Milk']",['Baby Wipes'],2,1
"Coffee, Bread",Pasta,0.022,0.24336283185840707,1.1906205081135375,0.0035222399999999994,1.0514947368421053,"['Coffee', 'Bread']",['Pasta'],2,1
"Coffee, Cookies","Bread, Butter",0.02,0.32051282051282054,1.1906122604488134,0.0032019200000000005,1.0755169811320755,"['Coffee', 'Cookies']","['Bread', 'Butter']",2,2
"Beer, Eggs",Water,0.0204,0.4811320754716982,1.1897430155086504,0.0032534400000000033,1.1478836363636364,"['Beer', 'Eggs']",['Water'],2,1
Rice,"Jam, Butter",0.024,0.21978021978021978,1.189286903572618,0.0038198400000000014,1.0448338028169015,['Rice'],"['Jam', 'Butter']",1,2
Cake,"Jam, Bread, Butter",0.0212,0.20948616600790515,1.1875632993645417,0.003348320000000002,1.041854,['Cake'],"['Jam', 'Bread', 'Butter']",1,3
"Soda, Coffee",Cookies,0.02,0.28409090909090906,1.1856882683259977,0.0031321599999999984,1.0621460317460316,"['Soda', 'Coffee']",['Cookies'],2,1
"Cheese, Pasta","Coffee, Milk",0.0272,0.22516556291390727,1.1850819100731962,0.004247999999999998,1.0453846153846156,"['Cheese', 'Pasta']","['Coffee', 'Milk']",2,2
"Tea, Butter",Coffee,0.0216,0.2967032967032967,1.1830274988169724,0.003341759999999999,1.06526875,"['Tea', 'Butter']",['Coffee'],2,1
Soap,Milk,0.046,0.4872881355932203,1.1827381931874281,0.007107200000000001,1.1468429752066118,['Soap'],['Milk'],1,1
Cake,"Jam, Bread",0.022,0.21739130434782608,1.1814744801512287,0.003379199999999999,1.0426666666666666,['Cake'],"['Jam', 'Bread']",1,2
"Beer, Baby Wipes",Sugar,0.0228,0.30319148936170215,1.1769855953482227,0.003428480000000001,1.0654290076335877,"['Beer', 'Baby Wipes']",['Sugar'],2,1
"Yogurt, Butter",Soda,0.0216,0.3233532934131737,1.1766859294511416,0.0032433600000000007,1.0717557522123897,"['Yogurt', 'Butter']",['Soda'],2,1
Cake,"Jam, Butter",0.022,0.21739130434782608,1.1763598720120458,0.003298240000000001,1.0416444444444444,['Cake'],"['Jam', 'Butter']",1,2
"Soda, Tea",Sugar,0.0212,0.3028571428571428,1.1756876663708962,0.003167999999999997,1.064918032786885,"['Soda', 'Tea']",['Sugar'],2,1
"Beer, Diapers, Baby Wipes",Coffee,0.0204,0.2947976878612717,1.1754293774372873,0.0030446400000000012,1.0623901639344262,"['Beer', 'Diapers', 'Baby Wipes']",['Coffee'],3,1
"Beer, Sugar",Water,0.0228,0.47500000000000003,1.1745796241345203,0.003388800000000001,1.1344761904761906,"['Beer', 'Sugar']",['Water'],2,1
Juice,Eggs,0.0292,0.26545454545454544,1.1745776347546257,0.00434,1.0537128712871286,['Juice'],['Eggs'],1,1
"Beer, Diapers",Coffee,0.0252,0.294392523364486,1.173813889013102,0.0037315199999999986,1.061780132450331,"['Beer', 'Diapers']",['Coffee'],2,1
Cake,Jam,0.03,0.2964426877470356,1.172637214189223,0.004416639999999996,1.0620314606741574,['Cake'],['Jam'],1,1
"Soda, Coffee",Tomato Sauce,0.0208,0.2954545454545454,1.1724386724386722,0.003059199999999998,1.0616774193548386,"['Soda', 'Coffee']",['Tomato Sauce'],2,1
"Tomato Sauce, Butter",Coffee,0.0248,0.2938388625592417,1.1716063100448233,0.003632479999999997,1.0609476510067113,"['Tomato Sauce', 'Butter']",['Coffee'],2,1
"Beer, Coffee",Water,0.0216,0.4736842105263158,1.1713259409651726,0.00315936,1.1316400000000002,"['Beer', 'Coffee']",['Water'],2,1
"Cheese, Bread",Eggs,0.0252,0.2647058823529412,1.1712649661634564,0.0036847999999999985,1.05264,"['Cheese', 'Bread']",['Eggs'],2,1
"Water, Baby Wipes",Tea,0.0252,0.27155172413793105,1.1704815695600477,0.0036704000000000007,1.0542958579881658,"['Water', 'Baby Wipes']",['Tea'],2,1
"Cheese, Soda",Cookies,0.0212,0.2804232804232804,1.1703809700470802,0.0030862400000000005,1.0567323529411765,"['Cheese', 'Soda']",['Cookies'],2,1
"Tea, Bread",Coffee,0.0224,0.29319371727748694,1.1690339604365507,0.0032388799999999995,1.0599792592592594,"['Tea', 'Bread']",['Coffee'],2,1
"Coffee, Bread, Butter",Tomato Sauce,0.0212,0.29444444444444445,1.1684303350970018,0.0030559999999999997,1.0601574803149607,"['Coffee', 'Bread', 'Butter']",['Tomato Sauce'],3,1
"Jam, Bread, Tomato Sauce",Milk,0.0204,0.4811320754716982,1.1677962996885878,0.002931200000000002,1.1332363636363638,"['Jam', 'Bread', 'Tomato Sauce']",['Milk'],3,1
"Jam, Tomato Sauce, Butter",Milk,0.02,0.4807692307692308,1.1669156086631816,0.0028608000000000036,1.1324444444444448,"['Jam', 'Tomato Sauce', 'Butter']",['Milk'],3,1
"Sugar, Bread",Baby Wipes,0.0224,0.24778761061946905,1.1666083362498543,0.00319904,1.0470447058823529,"['Sugar', 'Bread']",['Baby Wipes'],2,1
"Beer, Baby Wipes",Coffee,0.022,0.29255319148936165,1.1664800298618885,0.003139839999999998,1.0590195488721803,"['Beer', 'Baby Wipes']",['Coffee'],2,1
"Coffee, Cookies",Soda,0.02,0.32051282051282054,1.166349419624529,0.002852480000000001,1.0672754716981132,"['Coffee', 'Cookies']",['Soda'],2,1
"Coffee, Water",Pasta,0.0224,0.23829787234042554,1.1658408627222385,0.003186399999999999,1.0445027932960893,"['Coffee', 'Water']",['Pasta'],2,1
"Cookies, Bread",Coffee,0.0228,0.2923076923076923,1.1655011655011656,0.0032376,1.0586521739130434,"['Cookies', 'Bread']",['Coffee'],2,1
"Eggs, Tomato Sauce",Bread,0.0216,0.40298507462686567,1.1633518320637,0.003032960000000001,1.09478,"['Eggs', 'Tomato Sauce']",['Bread'],2,1
Cake,Butter,0.0396,0.391304347826087,1.1632114976994263,0.0055563200000000035,1.0901999999999998,['Cake'],['Butter'],1,1
"Sugar, Baby Wipes",Bread,0.0224,0.4028776978417266,1.1630418528918205,0.003140160000000003,1.0945831325301203,"['Sugar', 'Baby Wipes']",['Bread'],2,1
"Beer, Diapers",Sugar,0.0256,0.2990654205607477,1.1609682475184304,0.0035494400000000044,1.0591573333333333,"['Beer', 'Diapers']",['Sugar'],2,1
"Coffee, Tomato Sauce",Soda,0.0208,0.31901840490797545,1.1609112260115555,0.00288304,1.0649333333333333,"['Coffee', 'Tomato Sauce']",['Soda'],2,1
"Pasta, Butter",Milk,0.0304,0.47798742138364775,1.1601636441350673,0.0041968000000000005,1.1264096385542168,"['Pasta', 'Butter']",['Milk'],2,1
"Coffee, Bread, Butter",Cookies,0.02,0.2777777777777778,1.1593396401409757,0.0027488000000000026,1.0528615384615385,"['Coffee', 'Bread', 'Butter']",['Cookies'],3,1
"Pasta, Water",Milk,0.0384,0.4776119402985074,1.1592522822779305,0.005275200000000001,1.1256,"['Pasta', 'Water']",['Milk'],2,1
"Pasta, Water",Sugar,0.024,0.2985074626865672,1.1588022619820155,0.0032889600000000005,1.0583148936170212,"['Pasta', 'Water']",['Sugar'],2,1
Olive Oil,Coffee,0.0244,0.2904761904761905,1.1581985266195793,0.003332799999999997,1.0559194630872484,['Olive Oil'],['Coffee'],1,1
"Water, Bread, Butter","Coffee, Sugar",0.0216,0.2125984251968504,1.1579434923575729,0.0029462399999999993,1.036828,"['Water', 'Bread', 'Butter']","['Coffee', 'Sugar']",3,2
"Bread, Diapers, Baby Wipes",Water,0.0204,0.46788990825688076,1.1569977948983203,0.002768160000000002,1.1193172413793107,"['Bread', 'Diapers', 'Baby Wipes']",['Water'],3,1
"Rice, Milk",Water,0.0228,0.4672131147540983,1.155324220460184,0.00306528,1.1178953846153845,"['Rice', 'Milk']",['Water'],2,1
"Yogurt, Soda",Butter,0.0216,0.38848920863309355,1.1548430696584233,0.0028961600000000053,1.0851811764705883,"['Yogurt', 'Soda']",['Butter'],2,1
"Coffee, Baby Wipes",Bread,0.0208,0.4,1.1547344110854505,0.0027872,1.0893333333333333,"['Coffee', 'Baby Wipes']",['Bread'],2,1
"Cookies, Baby Wipes",Water,0.0252,0.4666666666666667,1.153972964061985,0.0033624000000000015,1.1167500000000001,"['Cookies', 'Baby Wipes']",['Water'],2,1
"Soda, Tea",Cheese,0.022,0.3142857142857142,1.1537654709460876,0.002931999999999997,1.0610833333333334,"['Soda', 'Tea']",['Cheese'],2,1
"Soda, Milk",Cheese,0.0348,0.31407942238267145,1.153008158526694,0.00461808,1.0607642105263158,"['Soda', 'Milk']",['Cheese'],2,1
"Rice, Water",Milk,0.0228,0.47500000000000003,1.1529126213592233,0.0030240000000000024,1.1200000000000003,"['Rice', 'Water']",['Milk'],2,1
"Soda, Water",Cheese,0.032,0.3137254901960785,1.1517088480032251,0.004215200000000006,1.060217142857143,"['Soda', 'Water']",['Cheese'],2,1
"Cheese, Bread, Butter",Coffee,0.0216,0.2887700534759358,1.1513957475117058,0.002840159999999998,1.0533864661654135,"['Cheese', 'Bread', 'Butter']",['Coffee'],3,1
"Coffee, Sugar",Pasta,0.0432,0.23529411764705882,1.1511453896627144,0.0056721600000000025,1.0404,"['Coffee', 'Sugar']",['Pasta'],2,1
Pasta,"Coffee, Sugar",0.0432,0.21135029354207438,1.1511453896627144,0.0056721600000000025,1.0351870967741936,['Pasta'],"['Coffee', 'Sugar']",1,2
"Cheese, Bread","Coffee, Milk",0.0208,0.21848739495798317,1.1499336576735957,0.002711999999999999,1.036451612903226,"['Cheese', 'Bread']","['Coffee', 'Milk']",2,2
Coffee,Pasta,0.0588,0.2344497607655502,1.1470144851543553,0.007536479999999991,1.0392525,['Coffee'],['Pasta'],1,1
Pasta,Coffee,0.0588,0.2876712328767123,1.1470144851543551,0.007536479999999991,1.0517615384615384,['Pasta'],['Coffee'],1,1
"Beer, Diapers",Bread,0.034,0.39719626168224303,1.1466404782974684,0.004348160000000004,1.0842666666666667,"['Beer', 'Diapers']",['Bread'],2,1
"Sugar, Water",Yogurt,0.0248,0.2412451361867704,1.1466023583021407,0.0031708799999999975,1.0406523076923078,"['Sugar', 'Water']",['Yogurt'],2,1
Olive Oil,Sugar,0.0248,0.2952380952380952,1.1461106181603073,0.003161599999999997,1.0534054054054052,['Olive Oil'],['Sugar'],1,1
"Eggs, Butter",Cheese,0.0248,0.3115577889447236,1.1437510607368708,0.0031169599999999985,1.0568788321167883,"['Eggs', 'Butter']",['Cheese'],2,1
"Pasta, Tomato Sauce, Butter",Milk,0.026,0.47101449275362317,1.1432390600816098,0.0032575999999999994,1.1115616438356166,"['Pasta', 'Tomato Sauce', 'Butter']",['Milk'],3,1
"Tea, Bread",Soda,0.024,0.31413612565445026,1.1431445620613183,0.0030052800000000025,1.0573526717557253,"['Tea', 'Bread']",['Soda'],2,1
"Sugar, Water",Pasta,0.024,0.23346303501945526,1.1421870597820707,0.0029876799999999995,1.0379147208121828,"['Sugar', 'Water']",['Pasta'],2,1
"Tomato Sauce, Bread",Coffee,0.0252,0.2863636363636364,1.1418007829491084,0.0031295999999999997,1.0498343949044586,"['Tomato Sauce', 'Bread']",['Coffee'],2,1
"Water, Tomato Sauce",Wine,0.0204,0.20318725099601595,1.1415014100899774,0.002528800000000001,1.0316100000000001,"['Water', 'Tomato Sauce']",['Wine'],2,1
"Jam, Tomato Sauce",Milk,0.0284,0.47019867549668876,1.1412589211084678,0.003515200000000003,1.10985,"['Jam', 'Tomato Sauce']",['Milk'],2,1
"Coffee, Sugar, Water","Bread, Butter",0.0216,0.3068181818181818,1.139740645684182,0.002648319999999999,1.0542688524590165,"['Coffee', 'Sugar', 'Water']","['Bread', 'Butter']",3,2
"Tea, Bread",Sugar,0.0224,0.29319371727748694,1.1381743683132257,0.0027193600000000005,1.0503585185185185,"['Tea', 'Bread']",['Sugar'],2,1
"Pasta, Bread",Sugar,0.0204,0.2931034482758621,1.137823945170272,0.002471040000000004,1.0502243902439024,"['Pasta', 'Bread']",['Sugar'],2,1
Soap,"Coffee, Milk",0.0204,0.21610169491525424,1.1373773416592328,0.002464000000000001,1.0332972972972974,['Soap'],"['Coffee', 'Milk']",1,2
"Tea, Milk",Pasta,0.0212,0.2324561403508772,1.13726096062073,0.0025587200000000004,1.0365531428571428,"['Tea', 'Milk']",['Pasta'],2,1
"Wine, Milk",Tomato Sauce,0.0204,0.2865168539325843,1.1369716425896201,0.0024576000000000008,1.0483779527559056,"['Wine', 'Milk']",['Tomato Sauce'],2,1
"Sugar, Bread",Yogurt,0.0216,0.23893805309734517,1.1356371344930853,0.0025798400000000034,1.0374976744186046,"['Sugar', 'Bread']",['Yogurt'],2,1
"Milk, Baby Wipes",Water,0.0404,0.4590909090909091,1.1352396367233164,0.004812799999999999,1.101109243697479,"['Milk', 'Baby Wipes']",['Water'],2,1
"Coffee, Water, Milk",Cheese,0.022,0.3089887640449438,1.1343199854807042,0.002605119999999999,1.052949593495935,"['Coffee', 'Water', 'Milk']",['Cheese'],3,1
"Water, Baby Wipes",Cookies,0.0252,0.27155172413793105,1.1333544413102297,0.0029651200000000016,1.043862721893491,"['Water', 'Baby Wipes']",['Cookies'],2,1
"Cookies, Baby Wipes",Milk,0.0252,0.4666666666666667,1.132686084142395,0.0029520000000000032,1.1025000000000003,"['Cookies', 'Baby Wipes']",['Milk'],2,1
"Coffee, Sugar, Water, Milk",Bread,0.0204,0.39230769230769236,1.1325279801030381,0.0023872000000000025,1.0755443037974683,"['Coffee', 'Sugar', 'Water', 'Milk']",['Bread'],4,1
"Bread, Baby Wipes",Sugar,0.0224,0.2916666666666667,1.1322463768115942,0.002616320000000002,1.0480941176470588,"['Bread', 'Baby Wipes']",['Sugar'],2,1
"Pasta, Bread, Butter",Milk,0.0248,0.4661654135338346,1.1314694503248413,0.0028816000000000015,1.1014647887323947,"['Pasta', 'Bread', 'Butter']",['Milk'],3,1
"Eggs, Tomato Sauce",Butter,0.0204,0.3805970149253731,1.1313823273643673,0.0023689600000000033,1.07135421686747,"['Eggs', 'Tomato Sauce']",['Butter'],2,1
"Cheese, Eggs",Butter,0.0248,0.3803680981595092,1.1307018375728575,0.002866720000000003,1.0709584158415841,"['Cheese', 'Eggs']",['Butter'],2,1
"Coffee, Tomato Sauce",Butter,0.0248,0.3803680981595092,1.1307018375728575,0.002866720000000003,1.0709584158415841,"['Coffee', 'Tomato Sauce']",['Butter'],2,1
"Water, Bread, Butter",Baby Wipes,0.0244,0.24015748031496065,1.1306849355694946,0.002820160000000002,1.0365305699481866,"['Water', 'Bread', 'Butter']",['Baby Wipes'],3,1
"Tea, Butter",Sugar,0.0212,0.2912087912087912,1.1304689099720155,0.0024467199999999995,1.0474170542635657,"['Tea', 'Butter']",['Sugar'],2,1
"Yogurt, Water",Sugar,0.0248,0.29107981220657275,1.1299682150876271,0.002852480000000001,1.0472264900662251,"['Yogurt', 'Water']",['Sugar'],2,1
"Tea, Butter",Cheese,0.0224,0.30769230769230765,1.1295606009262396,0.00256928,1.0509777777777778,"['Tea', 'Butter']",['Cheese'],2,1
"Pasta, Tomato Sauce","Coffee, Sugar",0.036,0.2073732718894009,1.12948405168519,0.0041270399999999915,1.0299930232558139,"['Pasta', 'Tomato Sauce']","['Coffee', 'Sugar']",2,2
"Coffee, Butter",Tomato Sauce,0.0248,0.28440366972477066,1.128585990971312,0.0028255999999999976,1.0452820512820513,"['Coffee', 'Butter']",['Tomato Sauce'],2,1
"Pasta, Eggs",Milk,0.0208,0.46428571428571425,1.1269070735090152,0.0023424000000000014,1.0976,"['Pasta', 'Eggs']",['Milk'],2,1
"Sugar, Bread",Cookies,0.0244,0.2699115044247788,1.1265087830750367,0.002740160000000002,1.0415175757575759,"['Sugar', 'Bread']",['Cookies'],2,1
"Cheese, Pasta, Tomato Sauce","Coffee, Sugar",0.0244,0.20677966101694917,1.1262508769986337,0.0027352,1.0292222222222223,"['Cheese', 'Pasta', 'Tomato Sauce']","['Coffee', 'Sugar']",3,2
"Diapers, Water",Bread,0.0248,0.38993710691823896,1.1256844887939925,0.0027689599999999974,1.071364948453608,"['Diapers', 'Water']",['Bread'],2,1
"Beer, Water",Milk,0.0332,0.46368715083798884,1.125454249606769,0.003700800000000004,1.096375,"['Beer', 'Water']",['Milk'],2,1
Pasta,Sugar,0.0592,0.289628180039139,1.124332997046347,0.006546560000000007,1.0450865013774104,['Pasta'],['Sugar'],1,1
Sugar,Pasta,0.0592,0.2298136645962733,1.124332997046347,0.006546560000000007,1.0329967741935484,['Sugar'],['Pasta'],1,1
"Cheese, Butter",Coffee,0.0256,0.2819383259911894,1.124156004749559,0.0028273599999999975,1.043364417177914,"['Cheese', 'Butter']",['Coffee'],2,1
"Water, Milk",Baby Wipes,0.0404,0.23877068557919623,1.124155770146875,0.004461920000000001,1.0346422360248446,"['Water', 'Milk']",['Baby Wipes'],2,1
"Diapers, Butter",Water,0.022,0.45454545454545453,1.1239996403201151,0.002427040000000002,1.0919333333333334,"['Diapers', 'Butter']",['Water'],2,1
"Soda, Water",Wine,0.0204,0.20000000000000004,1.1235955056179778,0.002244000000000003,1.0275,"['Soda', 'Water']",['Wine'],2,1
"Cheese, Tomato Sauce","Coffee, Milk",0.028,0.21341463414634146,1.1232349165596918,0.0030719999999999983,1.0297674418604652,"['Cheese', 'Tomato Sauce']","['Coffee', 'Milk']",2,2
"Cheese, Bread",Coffee,0.0268,0.2815126050420168,1.12245855279911,0.002923839999999997,1.0427461988304094,"['Cheese', 'Bread']",['Coffee'],2,1
Sugar,Yogurt,0.0608,0.2360248447204969,1.121791087074605,0.006600960000000003,1.033541463414634,['Sugar'],['Yogurt'],1,1
Yogurt,Sugar,0.0608,0.2889733840304182,1.1217910870746048,0.006600960000000003,1.044124064171123,['Yogurt'],['Sugar'],1,1
"Yogurt, Water",Eggs,0.0216,0.2535211267605634,1.1217748971706343,0.002344800000000001,1.036867924528302,"['Yogurt', 'Water']",['Eggs'],2,1
"Cheese, Yogurt",Milk,0.0268,0.46206896551724136,1.1215266153331103,0.0029040000000000003,1.0930769230769233,"['Cheese', 'Yogurt']",['Milk'],2,1
"Pasta, Tomato Sauce",Coffee,0.0488,0.28110599078341014,1.1208372838253993,0.005261120000000001,1.0421564102564103,"['Pasta', 'Tomato Sauce']",['Coffee'],2,1
"Cheese, Coffee","Bread, Butter",0.0216,0.3016759776536313,1.1206388471531623,0.0023252800000000025,1.0465056,"['Cheese', 'Coffee']","['Bread', 'Butter']",2,2
"Diapers, Baby Wipes","Coffee, Sugar",0.026,0.20569620253164553,1.1203496869915333,0.0027929599999999936,1.027818326693227,"['Diapers', 'Baby Wipes']","['Coffee', 'Sugar']",2,2
"Pasta, Milk",Soda,0.0288,0.30769230769230765,1.1196954428395476,0.00307872,1.0475111111111113,"['Pasta', 'Milk']",['Soda'],2,1
Soap,Pasta,0.0216,0.22881355932203393,1.1194401140999704,0.00230464,1.0316571428571428,['Soap'],['Pasta'],1,1
"Coffee, Sugar, Milk",Yogurt,0.0324,0.23546511627906974,1.1191307807940576,0.0034489599999999974,1.0327847908745247,"['Coffee', 'Sugar', 'Milk']",['Yogurt'],3,1
"Tea, Cookies, Bread",Milk,0.0236,0.46093749999999994,1.1187803398058251,0.0025056,1.0907826086956522,"['Tea', 'Cookies', 'Bread']",['Milk'],3,1
"Pasta, Water, Tomato Sauce",Sugar,0.0204,0.288135593220339,1.1185387935572166,0.002161920000000001,1.042895238095238,"['Pasta', 'Water', 'Tomato Sauce']",['Sugar'],3,1
"Cheese, Pasta","Coffee, Sugar",0.0248,0.2052980132450331,1.1181809000274134,0.0026211199999999976,1.0273033333333332,"['Cheese', 'Pasta']","['Coffee', 'Sugar']",2,2
"Pasta, Tomato Sauce",Sugar,0.05,0.28801843317972353,1.1180839797349515,0.005280640000000003,1.0427236245954692,"['Pasta', 'Tomato Sauce']",['Sugar'],2,1
"Beer, Diapers, Baby Wipes",Bread,0.0268,0.3872832369942197,1.118023201484468,0.0028291200000000044,1.0667245283018867,"['Beer', 'Diapers', 'Baby Wipes']",['Bread'],3,1
"Yogurt, Milk",Cheese,0.0268,0.30454545454545456,1.118008276598585,0.002828800000000003,1.0462222222222224,"['Yogurt', 'Milk']",['Cheese'],2,1
"Diapers, Baby Wipes",Sugar,0.0364,0.2879746835443038,1.117914144193726,0.00383936,1.0426595555555556,"['Diapers', 'Baby Wipes']",['Sugar'],2,1
"Sugar, Milk",Yogurt,0.038,0.23514851485148516,1.1176260211572489,0.00399936,1.032357281553398,"['Sugar', 'Milk']",['Yogurt'],2,1
"Cheese, Soda",Milk,0.0348,0.4603174603174603,1.1172753891200493,0.0036527999999999977,1.0895294117647059,"['Cheese', 'Soda']",['Milk'],2,1
"Tea, Cookies",Eggs,0.0404,0.2525,1.1172566371681416,0.004239999999999994,1.0354515050167223,"['Tea', 'Cookies']",['Eggs'],2,1
Olive Oil,Eggs,0.0212,0.2523809523809524,1.1167298777918246,0.0022159999999999992,1.0352866242038217,['Olive Oil'],['Eggs'],1,1
"Baby Wipes, Butter",Water,0.0296,0.4512195121951219,1.1157752527080167,0.0030713599999999987,1.0853155555555556,"['Baby Wipes', 'Butter']",['Water'],2,1
"Cheese, Eggs",Bread,0.0252,0.3865030674846626,1.115770980036555,0.0026147200000000044,1.0653679999999999,"['Cheese', 'Eggs']",['Bread'],2,1
"Coffee, Tomato Sauce",Bread,0.0252,0.3865030674846626,1.115770980036555,0.0026147200000000044,1.0653679999999999,"['Coffee', 'Tomato Sauce']",['Bread'],2,1
"Tea, Milk",Baby Wipes,0.0216,0.2368421052631579,1.1150758251561106,0.002229120000000001,1.0320275862068966,"['Tea', 'Milk']",['Baby Wipes'],2,1
"Diapers, Baby Wipes",Pasta,0.0288,0.22784810126582275,1.1147167380911094,0.0029638399999999954,1.030367213114754,"['Diapers', 'Baby Wipes']",['Pasta'],2,1
"Sugar, Cookies","Bread, Butter",0.0204,0.3,1.1144130757800892,0.0020943999999999997,1.044,"['Sugar', 'Cookies']","['Bread', 'Butter']",2,2
"Soda, Cookies",Coffee,0.02,0.2793296089385475,1.113754421605054,0.002042719999999998,1.0395875968992248,"['Soda', 'Cookies']",['Coffee'],2,1
"Soda, Jam",Sugar,0.0204,0.2865168539325843,1.1122548677507156,0.0020588800000000025,1.0405291338582676,"['Soda', 'Jam']",['Sugar'],2,1
"Milk, Bread, Butter",Tomato Sauce,0.0316,0.2801418439716312,1.1116739840144096,0.0031744000000000043,1.0390935960591132,"['Milk', 'Bread', 'Butter']",['Tomato Sauce'],3,1
Pasta,Milk,0.0936,0.4579256360078278,1.1114699903102618,0.009387200000000012,1.0847220216606501,['Pasta'],['Milk'],1,1
Milk,Pasta,0.0936,0.2271844660194175,1.1114699903102618,0.009387200000000012,1.0294824120603017,['Milk'],['Pasta'],1,1
Beer,Eggs,0.0424,0.25118483412322273,1.111437319129304,0.004251199999999997,1.0336329113924052,['Beer'],['Eggs'],1,1
"Pasta, Water",Coffee,0.0224,0.27860696517412936,1.1108730668824933,0.002235679999999997,1.0385462068965519,"['Pasta', 'Water']",['Coffee'],2,1
"Coffee, Butter",Cookies,0.0232,0.2660550458715596,1.110413380098329,0.0023068799999999973,1.0360449999999999,"['Coffee', 'Butter']",['Cookies'],2,1
"Water, Milk",Pasta,0.0384,0.22695035460992907,1.1103246311640365,0.003815519999999996,1.0291706422018347,"['Water', 'Milk']",['Pasta'],2,1
"Eggs, Cookies",Bread,0.022,0.3846153846153846,1.1103215491206253,0.002185920000000001,1.0620999999999998,"['Eggs', 'Cookies']",['Bread'],2,1
"Yogurt, Jam",Water,0.0228,0.4488188976377953,1.1098390149302555,0.0022564800000000017,1.0805885714285717,"['Yogurt', 'Jam']",['Water'],2,1
Olive Oil,Milk,0.0384,0.4571428571428571,1.1095700416088765,0.0037919999999999968,1.083157894736842,['Olive Oil'],['Milk'],1,1
"Bread, Baby Wipes, Butter",Water,0.0244,0.44852941176470595,1.109123174492349,0.0024006400000000025,1.0800213333333335,"['Bread', 'Baby Wipes', 'Butter']",['Water'],3,1
"Cheese, Pasta",Coffee,0.0336,0.2781456953642384,1.1090338730631513,0.0033033599999999948,1.0378825688073394,"['Cheese', 'Pasta']",['Coffee'],2,1
"Tomato Sauce, Bread, Butter",Milk,0.0316,0.4566473988439307,1.108367472922162,0.003089600000000005,1.0821702127659576,"['Tomato Sauce', 'Bread', 'Butter']",['Milk'],3,1
"Cheese, Pasta, Tomato Sauce",Coffee,0.0328,0.2779661016949153,1.1083177898521344,0.003205600000000003,1.0376244131455399,"['Cheese', 'Pasta', 'Tomato Sauce']",['Coffee'],3,1
Juice,Cheese,0.0332,0.3018181818181818,1.1079962621812842,0.0032360000000000028,1.0421354166666665,['Juice'],['Cheese'],1,1
"Pasta, Tomato Sauce, Bread, Butter",Milk,0.0208,0.45614035087719296,1.1071367739737694,0.0020127999999999986,1.0811612903225807,"['Pasta', 'Tomato Sauce', 'Bread', 'Butter']",['Milk'],4,1
"Pasta, Cookies",Milk,0.0208,0.45614035087719296,1.1071367739737694,0.0020127999999999986,1.0811612903225807,"['Pasta', 'Cookies']",['Milk'],2,1
"Diapers, Water, Baby Wipes",Bread,0.0204,0.3834586466165414,1.1069822361909394,0.0019715200000000044,1.0601073170731707,"['Diapers', 'Water', 'Baby Wipes']",['Bread'],3,1
"Water, Baby Wipes",Yogurt,0.0216,0.2327586206896552,1.1062672086010228,0.002074880000000001,1.029141573033708,"['Water', 'Baby Wipes']",['Yogurt'],2,1
Croissant,Soda,0.0456,0.30400000000000005,1.1062590975254734,0.004380000000000002,1.0419540229885058,['Croissant'],['Soda'],1,1
"Wine, Tomato Sauce",Water,0.0204,0.4473684210526316,1.1062522775782186,0.0019593600000000003,1.077752380952381,"['Wine', 'Tomato Sauce']",['Water'],2,1
"Coffee, Bread",Tomato Sauce,0.0252,0.2787610619469027,1.106194690265487,0.0024192,1.0371042944785278,"['Coffee', 'Bread']",['Tomato Sauce'],2,1
Soap,Eggs,0.0236,0.25,1.1061946902654867,0.0022655999999999996,1.032,['Soap'],['Eggs'],1,1
"Milk, Diapers, Baby Wipes",Water,0.0236,0.44696969696969696,1.1052663129814466,0.002247680000000002,1.0769753424657535,"['Milk', 'Diapers', 'Baby Wipes']",['Water'],3,1
"Coffee, Cookies",Butter,0.0232,0.3717948717948718,1.1052166224580018,0.0022086400000000013,1.056342857142857,"['Coffee', 'Cookies']",['Butter'],2,1
Diapers,Sugar,0.0444,0.2846153846153846,1.104873387482083,0.0042144,1.037763440860215,['Diapers'],['Sugar'],1,1
"Tomato Sauce, Butter",Milk,0.0384,0.45497630331753547,1.1043114158192608,0.003627199999999997,1.0788521739130434,"['Tomato Sauce', 'Butter']",['Milk'],2,1
"Coffee, Sugar, Milk",Cookies,0.0364,0.26453488372093026,1.1040687968319292,0.0034310400000000033,1.033903557312253,"['Coffee', 'Sugar', 'Milk']",['Cookies'],3,1
"Sugar, Bread",Pasta,0.0204,0.2256637168141593,1.1040299257052804,0.0019222400000000021,1.0274605714285714,"['Sugar', 'Bread']",['Pasta'],2,1
Diapers,Pasta,0.0352,0.22564102564102564,1.1039189121380903,0.0033136,1.0274304635761589,['Diapers'],['Pasta'],1,1
Beer,Sugar,0.048,0.2843601895734597,1.1038827234994555,0.0045171199999999995,1.0373933774834436,['Beer'],['Sugar'],1,1
"Yogurt, Eggs",Water,0.0216,0.4462809917355372,1.1035632832233857,0.0020270400000000043,1.0756358208955226,"['Yogurt', 'Eggs']",['Water'],2,1
"Yogurt, Baby Wipes",Water,0.0216,0.4462809917355372,1.1035632832233857,0.0020270400000000043,1.0756358208955226,"['Yogurt', 'Baby Wipes']",['Water'],2,1
Diapers,"Coffee, Sugar",0.0316,0.2025641025641026,1.1032903189765935,0.0029584,1.0237813504823152,['Diapers'],"['Coffee', 'Sugar']",1,2
"Cheese, Croissant",Milk,0.02,0.4545454545454546,1.1032656663724627,0.0018720000000000021,1.0780000000000003,"['Cheese', 'Croissant']",['Milk'],2,1
"Soda, Milk",Tomato Sauce,0.0308,0.2779783393501805,1.103088648215002,0.002878400000000003,1.03598,"['Soda', 'Milk']",['Tomato Sauce'],2,1
"Diapers, Bread",Water,0.0248,0.4460431654676259,1.1029751866162856,0.0023153600000000024,1.0751740259740261,"['Diapers', 'Bread']",['Water'],2,1
Rice,"Bread, Butter",0.0324,0.29670329670329665,1.102166778244044,0.0030033599999999966,1.03910625,['Rice'],"['Bread', 'Butter']",1,2
Bagel,Eggs,0.0264,0.2490566037735849,1.1020203706795793,0.0024439999999999983,1.0307035175879395,['Bagel'],['Eggs'],1,1
"Coffee, Water",Baby Wipes,0.022,0.23404255319148934,1.1018952598469367,0.0020343999999999987,1.0282555555555555,"['Coffee', 'Water']",['Baby Wipes'],2,1
Cookies,Sugar,0.068,0.2838063439065109,1.1017327015004306,0.0062790400000000066,1.036591142191142,['Cookies'],['Sugar'],1,1
Sugar,Cookies,0.068,0.2639751552795031,1.1017327015004303,0.0062790400000000066,1.033117299578059,['Sugar'],['Cookies'],1,1
"Tea, Water",Eggs,0.024,0.24896265560165975,1.101604670803804,0.0022135999999999996,1.0305745856353592,"['Tea', 'Water']",['Eggs'],2,1
"Coffee, Sugar, Milk","Bread, Butter",0.0408,0.29651162790697677,1.101454784201251,0.003758080000000004,1.0388231404958679,"['Coffee', 'Sugar', 'Milk']","['Bread', 'Butter']",3,2
"Coffee, Bread, Butter",Cheese,0.0216,0.30000000000000004,1.101321585903084,0.001987200000000005,1.0394285714285716,"['Coffee', 'Bread', 'Butter']",['Cheese'],3,1
"Eggs, Bread",Cheese,0.0252,0.3,1.1013215859030838,0.0023184000000000017,1.0394285714285716,"['Eggs', 'Bread']",['Cheese'],2,1
"Cheese, Tomato Sauce",Yogurt,0.0304,0.23170731707317072,1.101270518408606,0.002795519999999996,1.0277333333333332,"['Cheese', 'Tomato Sauce']",['Yogurt'],2,1
Rice,Jam,0.0304,0.2783882783882784,1.1012194556498354,0.0027942399999999964,1.0354598984771572,['Rice'],['Jam'],1,1
"Tea, Cookies",Soda,0.0484,0.3025,1.1008005822416302,0.0044319999999999984,1.0397132616487457,"['Tea', 'Cookies']",['Soda'],2,1
"Water, Bread, Butter",Sugar,0.0288,0.28346456692913385,1.1004059275199296,0.0026278399999999993,1.0360967032967032,"['Water', 'Bread', 'Butter']",['Sugar'],3,1
"Coffee, Sugar",Cookies,0.0484,0.2636165577342048,1.1002360506435926,0.004409439999999994,1.0326142011834318,"['Coffee', 'Sugar']",['Cookies'],2,1
Cookies,"Coffee, Sugar",0.0484,0.2020033388981636,1.1002360506435924,0.004409439999999994,1.0230619246861925,['Cookies'],"['Coffee', 'Sugar']",1,2
"Soda, Milk",Cookies,0.0292,0.26353790613718414,1.0999077885525215,0.0026523199999999997,1.0325039215686274,"['Soda', 'Milk']",['Cookies'],2,1
"Tea, Sugar",Bread,0.0224,0.380952380952381,1.0997470581766196,0.002031680000000001,1.0558153846153846,"['Tea', 'Sugar']",['Bread'],2,1
Rice,Bread,0.0416,0.38095238095238093,1.0997470581766193,0.003773119999999998,1.0558153846153846,['Rice'],['Bread'],1,1
"Tomato Sauce, Milk","Bread, Butter",0.0316,0.2958801498127341,1.0991090260502752,0.0028494400000000017,1.0378914893617022,"['Tomato Sauce', 'Milk']","['Bread', 'Butter']",2,2
"Jam, Cookies",Water,0.0256,0.4444444444444445,1.0990218705352237,0.0023065600000000026,1.07208,"['Jam', 'Cookies']",['Water'],2,1
"Soda, Water",Tea,0.026,0.2549019607843137,1.0987153482082488,0.002335999999999998,1.0307368421052632,"['Soda', 'Water']",['Tea'],2,1
"Sugar, Butter",Tea,0.0212,0.25480769230769235,1.0983090185676394,0.0018975999999999993,1.0306064516129032,"['Sugar', 'Butter']",['Tea'],2,1
Tea,Soda,0.07,0.3017241379310345,1.0979772122672289,0.006246399999999999,1.0385580246913582,['Tea'],['Soda'],1,1
Soda,Tea,0.07,0.2547307132459971,1.0979772122672289,0.006246399999999999,1.0305,['Soda'],['Tea'],1,1
Cheese,"Coffee, Milk",0.0568,0.20851688693098389,1.0974572996367573,0.005044000000000007,1.0233951762523192,['Cheese'],"['Coffee', 'Milk']",1,2
"Coffee, Milk",Cheese,0.0568,0.29894736842105263,1.097457299636757,0.005044000000000007,1.0378678678678679,"['Coffee', 'Milk']",['Cheese'],2,1
Soap,Baby Wipes,0.022,0.2330508474576271,1.0972262121357208,0.0019494400000000002,1.0269259668508288,['Soap'],['Baby Wipes'],1,1
"Coffee, Milk, Bread",Cheese,0.0208,0.2988505747126437,1.0971019629685894,0.0018409600000000026,1.0377245901639345,"['Coffee', 'Milk', 'Bread']",['Cheese'],3,1
Beer,"Coffee, Sugar",0.034,0.2014218009478673,1.0970686326136563,0.0030083199999999984,1.0223169139465875,['Beer'],"['Coffee', 'Sugar']",1,2
"Soda, Sugar",Jam,0.0204,0.27717391304347827,1.0964157952669233,0.001793920000000001,1.0337203007518796,"['Soda', 'Sugar']",['Jam'],2,1
"Jam, Milk",Tomato Sauce,0.0284,0.27626459143968873,1.0962880612686061,0.002494400000000001,1.0335268817204302,"['Jam', 'Milk']",['Tomato Sauce'],2,1
"Cheese, Cookies",Milk,0.028,0.45161290322580644,1.096147823363608,0.0024560000000000033,1.0722352941176472,"['Cheese', 'Cookies']",['Milk'],2,1
"Cheese, Pasta, Tomato Sauce",Yogurt,0.0272,0.2305084745762712,1.0955725977959656,0.002372799999999998,1.0261321585903083,"['Cheese', 'Pasta', 'Tomato Sauce']",['Yogurt'],3,1
Rice,Coffee,0.03,0.2747252747252747,1.0953958322379374,0.002612639999999996,1.0329878787878786,['Rice'],['Coffee'],1,1
"Bread, Baby Wipes",Water,0.034,0.4427083333333334,1.0947288163534457,0.0029420800000000066,1.0687401869158881,"['Bread', 'Baby Wipes']",['Water'],2,1
Beer,"Jam, Bread",0.034,0.2014218009478673,1.0946837008036265,0.0029408000000000004,1.0218160237388725,['Beer'],"['Jam', 'Bread']",1,2
Bagel,Yogurt,0.0244,0.23018867924528305,1.0940526580099004,0.0020976000000000015,1.0257058823529412,['Bagel'],['Yogurt'],1,1
"Sugar, Bread, Butter",Soda,0.0208,0.30057803468208094,1.093806530866379,0.0017838400000000018,1.0368561983471076,"['Sugar', 'Bread', 'Butter']",['Soda'],3,1
"Diapers, Milk",Water,0.0276,0.44230769230769235,1.093738111542266,0.0023654400000000034,1.0679724137931035,"['Diapers', 'Milk']",['Water'],2,1
"Soda, Water",Pasta,0.0228,0.2235294117647059,1.0935881201795787,0.0019512000000000036,1.0246363636363636,"['Soda', 'Water']",['Pasta'],2,1
"Eggs, Bread",Cookies,0.022,0.26190476190476186,1.0930916607043484,0.001873599999999996,1.0302193548387095,"['Eggs', 'Bread']",['Cookies'],2,1
Olive Oil,Cookies,0.022,0.26190476190476186,1.0930916607043484,0.001873599999999996,1.0302193548387095,['Olive Oil'],['Cookies'],1,1
"Tomato Sauce, Baby Wipes",Water,0.0228,0.4418604651162791,1.0926322084972282,0.001932960000000001,1.0671166666666667,"['Tomato Sauce', 'Baby Wipes']",['Water'],2,1
"Cheese, Pasta, Water",Milk,0.0216,0.45,1.092233009708738,0.0018240000000000027,1.069090909090909,"['Cheese', 'Pasta', 'Water']",['Milk'],3,1
"Coffee, Water",Yogurt,0.0216,0.2297872340425532,1.0921446484912223,0.0018224000000000018,1.025171270718232,"['Coffee', 'Water']",['Yogurt'],2,1
"Tea, Cookies, Milk",Bread,0.0236,0.3782051282051282,1.091816189968615,0.001984640000000003,1.0511505154639174,"['Tea', 'Cookies', 'Milk']",['Bread'],3,1
"Yogurt, Bread",Soda,0.0204,0.3,1.091703056768559,0.0017136000000000026,1.0360000000000003,"['Yogurt', 'Bread']",['Soda'],2,1
Olive Oil,Soda,0.0252,0.3,1.091703056768559,0.0021167999999999985,1.0360000000000003,['Olive Oil'],['Soda'],1,1
"Soda, Butter",Tea,0.024,0.25316455696202533,1.0912265386294195,0.002006400000000002,1.0283389830508476,"['Soda', 'Butter']",['Tea'],2,1
"Eggs, Butter",Cookies,0.0208,0.26130653266331655,1.0905948775597518,0.0017278399999999978,1.0293850340136055,"['Eggs', 'Butter']",['Cookies'],2,1
"Pasta, Tomato Sauce",Milk,0.078,0.44930875576036866,1.0905552324280794,0.006476800000000005,1.0677489539748954,"['Pasta', 'Tomato Sauce']",['Milk'],2,1
"Beer, Baby Wipes",Bread,0.0284,0.3776595744680851,1.0902412657854652,0.0023507200000000006,1.0502290598290598,"['Beer', 'Baby Wipes']",['Bread'],2,1
"Coffee, Sugar, Milk",Soda,0.0412,0.29941860465116277,1.0895873531701703,0.003387520000000005,1.0351402489626558,"['Coffee', 'Sugar', 'Milk']",['Soda'],3,1
Bagel,Bread,0.04,0.37735849056603776,1.0893720859296703,0.0032816000000000026,1.049721212121212,['Bagel'],['Bread'],1,1
"Soda, Water",Baby Wipes,0.0236,0.23137254901960785,1.0893246187363834,0.0019352000000000015,1.0246836734693878,"['Soda', 'Water']",['Baby Wipes'],2,1
"Cheese, Water",Tea,0.028,0.25270758122743686,1.0892568156355036,0.002294400000000002,1.0277101449275363,"['Cheese', 'Water']",['Tea'],2,1
"Eggs, Milk",Water,0.0412,0.44017094017094016,1.088454352549308,0.003348160000000003,1.063896183206107,"['Eggs', 'Milk']",['Water'],2,1
"Coffee, Bread",Cheese,0.0268,0.29646017699115046,1.0883266409366759,0.002175040000000003,1.034198742138365,"['Coffee', 'Bread']",['Cheese'],2,1
"Beer, Diapers",Soda,0.0256,0.2990654205607477,1.0883021126664765,0.0020771200000000017,1.0346186666666668,"['Beer', 'Diapers']",['Soda'],2,1
Soda,Cookies,0.0716,0.26055312954876275,1.0874504572152035,0.00575792,1.0283362204724409,['Soda'],['Cookies'],1,1
Cookies,Soda,0.0716,0.29883138564273787,1.0874504572152033,0.00575792,1.0342733333333334,['Cookies'],['Soda'],1,1
"Eggs, Milk",Pasta,0.0208,0.2222222222222222,1.0871928680147858,0.0016681599999999984,1.0229142857142857,"['Eggs', 'Milk']",['Pasta'],2,1
"Soda, Cookies",Cheese,0.0212,0.29608938547486036,1.086965438600809,0.0016961600000000021,1.0336539682539683,"['Soda', 'Cookies']",['Cheese'],2,1
Rice,Water,0.048,0.43956043956043955,1.0869447071227487,0.003839519999999999,1.0627372549019607,['Rice'],['Water'],1,1
"Soda, Tomato Sauce",Milk,0.0308,0.4476744186046512,1.0865883946714836,0.0024544000000000024,1.0645894736842108,"['Soda', 'Tomato Sauce']",['Milk'],2,1
"Jam, Baby Wipes",Water,0.0232,0.4393939393939394,1.086532985642778,0.0018476800000000008,1.0624216216216218,"['Jam', 'Baby Wipes']",['Water'],2,1
Cake,"Bread, Butter",0.0296,0.29249011857707513,1.0865160422625377,0.0023569600000000017,1.03291843575419,['Cake'],"['Bread', 'Butter']",1,2
"Tomato Sauce, Bread",Eggs,0.0216,0.24545454545454548,1.086082059533387,0.0017120000000000017,1.0257831325301205,"['Tomato Sauce', 'Bread']",['Eggs'],2,1
"Cheese, Pasta, Tomato Sauce",Milk,0.0528,0.44745762711864406,1.0860622017442818,0.004184000000000007,1.0641717791411045,"['Cheese', 'Pasta', 'Tomato Sauce']",['Milk'],3,1
"Cheese, Pasta",Yogurt,0.0276,0.22847682119205298,1.0859164505325711,0.002183679999999997,1.0234300429184549,"['Cheese', 'Pasta']",['Yogurt'],2,1
"Wine, Tomato Sauce",Milk,0.0204,0.4473684210526316,1.0858456821665816,0.001612800000000001,1.0640000000000003,"['Wine', 'Tomato Sauce']",['Milk'],2,1
"Eggs, Milk",Bread,0.0352,0.37606837606837606,1.0856477369179447,0.002776960000000002,1.0475506849315068,"['Eggs', 'Milk']",['Bread'],2,1
"Wine, Milk",Butter,0.026,0.3651685393258427,1.0855188446071424,0.0020483199999999993,1.045316814159292,"['Wine', 'Milk']",['Butter'],2,1
"Tea, Milk",Soda,0.0272,0.2982456140350877,1.0853188283664037,0.0021382399999999996,1.0334100000000002,"['Tea', 'Milk']",['Soda'],2,1
Juice,Pasta,0.0244,0.22181818181818183,1.0852161537093046,0.001916000000000001,1.0223831775700933,['Juice'],['Pasta'],1,1
"Cheese, Pasta",Milk,0.054,0.4470198675496688,1.0849996785186138,0.004230400000000002,1.0633293413173652,"['Cheese', 'Pasta']",['Milk'],2,1
"Sugar, Butter",Soda,0.0248,0.2980769230769231,1.0847049602508119,0.0019366399999999999,1.0331616438356166,"['Sugar', 'Butter']",['Soda'],2,1
Rice,Milk,0.0488,0.4468864468864469,1.0846758419573954,0.0038096000000000033,1.0630728476821192,['Rice'],['Milk'],1,1
"Cheese, Pasta",Eggs,0.0296,0.24503311258278146,1.0842173123131922,0.0022991999999999978,1.0252105263157896,"['Cheese', 'Pasta']",['Eggs'],2,1
"Pasta, Water, Tomato Sauce",Milk,0.0316,0.44632768361581926,1.083319620426746,0.0024304000000000027,1.062,"['Pasta', 'Water', 'Tomato Sauce']",['Milk'],3,1
"Coffee, Bread",Baby Wipes,0.0208,0.23008849557522124,1.0832791693748645,0.0015990399999999995,1.0229747126436781,"['Coffee', 'Bread']",['Baby Wipes'],2,1
"Cheese, Milk",Yogurt,0.0268,0.22789115646258504,1.0831328729210314,0.00205696,1.022653744493392,"['Cheese', 'Milk']",['Yogurt'],2,1
Yogurt,Baby Wipes,0.0484,0.2300380228136882,1.0830415386708485,0.003711039999999999,1.0229076543209876,['Yogurt'],['Baby Wipes'],1,1
Baby Wipes,Yogurt,0.0484,0.2278719397363465,1.0830415386708483,0.003711039999999999,1.0226282926829267,['Baby Wipes'],['Yogurt'],1,1
"Soda, Butter",Yogurt,0.0216,0.2278481012658228,1.0829282379554315,0.0016540800000000022,1.0225967213114753,"['Soda', 'Butter']",['Yogurt'],2,1
"Cookies, Bread",Milk,0.0348,0.4461538461538461,1.0828976848394325,0.0026639999999999997,1.0616666666666668,"['Cookies', 'Bread']",['Milk'],2,1
"Coffee, Sugar, Milk",Bread,0.0516,0.375,1.0825635103926097,0.003935359999999999,1.04576,"['Coffee', 'Sugar', 'Milk']",['Bread'],3,1
"Eggs, Milk",Cheese,0.0276,0.2948717948717949,1.0824955758876464,0.002103360000000002,1.031869090909091,"['Eggs', 'Milk']",['Cheese'],2,1
"Pasta, Tomato Sauce, Milk",Soda,0.0232,0.29743589743589743,1.0823722614115627,0.0017655999999999991,1.03221897810219,"['Pasta', 'Tomato Sauce', 'Milk']",['Soda'],3,1
"Milk, Butter",Tomato Sauce,0.0384,0.2727272727272727,1.0822510822510822,0.0029183999999999946,1.0285,"['Milk', 'Butter']",['Tomato Sauce'],2,1
"Soda, Bread",Tea,0.024,0.2510460251046025,1.0820949357957004,0.0018207999999999974,1.0254301675977653,"['Soda', 'Bread']",['Tea'],2,1
"Cheese, Pasta, Water, Tomato Sauce",Milk,0.0212,0.4453781512605042,1.0810149302439422,0.0015888000000000013,1.0601818181818183,"['Cheese', 'Pasta', 'Water', 'Tomato Sauce']",['Milk'],4,1
"Coffee, Sugar, Water",Butter,0.0256,0.36363636363636365,1.0809642200843153,0.001917440000000003,1.0428,"['Coffee', 'Sugar', 'Water']",['Butter'],3,1
"Eggs, Cookies",Butter,0.0208,0.3636363636363636,1.0809642200843153,0.0015579200000000008,1.0427999999999997,"['Eggs', 'Cookies']",['Butter'],2,1
Beer,Bread,0.0632,0.37440758293838866,1.0808532994757178,0.004727680000000005,1.044769696969697,['Beer'],['Bread'],1,1
"Sugar, Water",Baby Wipes,0.0236,0.22957198443579765,1.0808473843493298,0.0017652799999999975,1.0222888888888888,"['Sugar', 'Water']",['Baby Wipes'],2,1
"Coffee, Milk",Yogurt,0.0432,0.22736842105263158,1.08064838903342,0.0032239999999999977,1.0219618528610352,"['Coffee', 'Milk']",['Yogurt'],2,1
Yogurt,"Coffee, Milk",0.0432,0.20532319391634982,1.08064838903342,0.0032239999999999977,1.0192822966507178,['Yogurt'],"['Coffee', 'Milk']",1,2
"Wine, Butter",Milk,0.026,0.4452054794520548,1.0805958239127544,0.0019391999999999986,1.059851851851852,"['Wine', 'Butter']",['Milk'],2,1
"Cheese, Coffee",Bread,0.0268,0.3743016759776537,1.0805475634458825,0.0019977600000000047,1.044592857142857,"['Cheese', 'Coffee']",['Bread'],2,1
Baby Wipes,Water,0.0928,0.43691148775894534,1.0803943812041181,0.006905439999999999,1.0577377926421403,['Baby Wipes'],['Water'],1,1
Water,Baby Wipes,0.0928,0.2294757665677547,1.0803943812041181,0.006905439999999999,1.0221612323491656,['Water'],['Baby Wipes'],1,1
"Tea, Bread",Tomato Sauce,0.0208,0.27225130890052357,1.0803623369068396,0.0015471999999999986,1.0278273381294964,"['Tea', 'Bread']",['Tomato Sauce'],2,1
"Tea, Bread",Milk,0.034,0.4450261780104713,1.080160626239008,0.0025232000000000032,1.0595094339622644,"['Tea', 'Bread']",['Milk'],2,1
"Coffee, Pasta",Bread,0.022,0.37414965986394555,1.0801087178520368,0.00163168,1.0443391304347824,"['Coffee', 'Pasta']",['Bread'],2,1
"Coffee, Eggs",Bread,0.0208,0.37410071942446044,1.0799674348281192,0.0015401600000000022,1.0442574712643677,"['Coffee', 'Eggs']",['Bread'],2,1
"Eggs, Tea",Bread,0.0208,0.37410071942446044,1.0799674348281192,0.0015401600000000022,1.0442574712643677,"['Eggs', 'Tea']",['Bread'],2,1
"Cheese, Butter",Milk,0.0404,0.4449339207048458,1.079936700739917,0.0029903999999999972,1.0593333333333332,"['Cheese', 'Butter']",['Milk'],2,1
"Bread, Baby Wipes",Coffee,0.0208,0.27083333333333337,1.0798777246145668,0.0015385599999999978,1.0274742857142858,"['Bread', 'Baby Wipes']",['Coffee'],2,1
"Soda, Bread, Butter",Sugar,0.0208,0.2780748663101604,1.0794831766698771,0.001531519999999998,1.0283614814814814,"['Soda', 'Bread', 'Butter']",['Sugar'],3,1
Cake,Baby Wipes,0.0232,0.2292490118577075,1.0793267978234815,0.0017051199999999975,1.0218605128205127,['Cake'],['Baby Wipes'],1,1
"Coffee, Milk","Bread, Butter",0.0552,0.2905263157894737,1.0792210839133496,0.004052,1.0300593471810089,"['Coffee', 'Milk']","['Bread', 'Butter']",2,2
"Bread, Butter","Coffee, Milk",0.0552,0.2050520059435364,1.0792210839133494,0.004052,1.0189345794392524,"['Bread', 'Butter']","['Coffee', 'Milk']",2,2
"Cheese, Pasta, Tomato Sauce",Sugar,0.0328,0.2779661016949153,1.0790609537846092,0.0024032000000000046,1.028206572769953,"['Cheese', 'Pasta', 'Tomato Sauce']",['Sugar'],3,1
"Cookies, Bread, Butter",Milk,0.0272,0.4444444444444444,1.0787486515641855,0.0019856000000000006,1.0584,"['Cookies', 'Bread', 'Butter']",['Milk'],3,1
"Milk, Bread",Eggs,0.0352,0.24376731301939059,1.0786164292893388,0.002565600000000001,1.0234945054945055,"['Milk', 'Bread']",['Eggs'],2,1
"Beer, Baby Wipes",Water,0.0328,0.43617021276595747,1.0785613569880255,0.0023891200000000015,1.056347169811321,"['Beer', 'Baby Wipes']",['Water'],2,1
"Wine, Soda",Water,0.0204,0.4358974358974359,1.0778868345633925,0.0014740800000000026,1.0558363636363637,"['Wine', 'Soda']",['Water'],2,1
"Coffee, Butter",Cheese,0.0256,0.29357798165137616,1.0777458944617335,0.001846720000000003,1.0299792207792209,"['Coffee', 'Butter']",['Cheese'],2,1
"Water, Milk",Eggs,0.0412,0.2434988179669031,1.0774283980836419,0.0029607999999999995,1.02313125,"['Water', 'Milk']",['Eggs'],2,1
Beer,Coffee,0.0456,0.27014218009478674,1.0771219302024988,0.0032649599999999973,1.0265012987012987,['Beer'],['Coffee'],1,1
"Coffee, Sugar",Yogurt,0.0416,0.22657952069716772,1.076898862629124,0.002970559999999997,1.0209194366197183,"['Coffee', 'Sugar']",['Yogurt'],2,1
"Cheese, Milk",Soda,0.0348,0.29591836734693877,1.0768499539553813,0.002483520000000003,1.0299942028985507,"['Cheese', 'Milk']",['Soda'],2,1
Croissant,Cheese,0.044,0.29333333333333333,1.0768477728830153,0.003140000000000004,1.029622641509434,['Croissant'],['Cheese'],1,1
"Diapers, Water, Baby Wipes",Milk,0.0236,0.443609022556391,1.0767209285349297,0.0016816000000000018,1.056810810810811,"['Diapers', 'Water', 'Baby Wipes']",['Milk'],3,1
"Wine, Water",Tomato Sauce,0.0204,0.2712765957446809,1.0764944275582575,0.0014496000000000023,1.0264525547445256,"['Wine', 'Water']",['Tomato Sauce'],2,1
"Coffee, Sugar","Bread, Butter",0.0532,0.28976034858387795,1.0763757376815675,0.0037748799999999944,1.0289484662576687,"['Coffee', 'Sugar']","['Bread', 'Butter']",2,2
"Tea, Milk",Bread,0.034,0.37280701754385964,1.0762327296300798,0.0024083200000000055,1.0421034965034963,"['Tea', 'Milk']",['Bread'],2,1
"Soda, Water",Eggs,0.0248,0.24313725490196078,1.0758285615131007,0.0017479999999999996,1.0226424870466322,"['Soda', 'Water']",['Eggs'],2,1
Shampoo,Jam,0.026,0.2719665271966527,1.0758169588475186,0.001832319999999995,1.0263264367816092,['Shampoo'],['Jam'],1,1
"Milk, Bread, Butter",Pasta,0.0248,0.21985815602836878,1.0756269864401604,0.001743680000000001,1.0198145454545453,"['Milk', 'Bread', 'Butter']",['Pasta'],3,1
"Beer, Diapers",Eggs,0.0208,0.24299065420560748,1.0751798858655197,0.001454399999999998,1.0224444444444445,"['Beer', 'Diapers']",['Eggs'],2,1
"Sugar, Milk",Cookies,0.0416,0.25742574257425743,1.074397923932627,0.002880639999999997,1.0240053333333332,"['Sugar', 'Milk']",['Cookies'],2,1
"Pasta, Bread",Milk,0.0308,0.442528735632184,1.0740988728936505,0.002124800000000003,1.0547628865979384,"['Pasta', 'Bread']",['Milk'],2,1
"Soda, Bread",Eggs,0.0232,0.2426778242677824,1.073795682600807,0.0015943999999999958,1.0220220994475138,"['Soda', 'Bread']",['Eggs'],2,1
"Coffee, Water",Eggs,0.0228,0.24255319148936172,1.073244210129919,0.0015560000000000018,1.0218539325842697,"['Coffee', 'Water']",['Eggs'],2,1
"Eggs, Water",Tea,0.024,0.24896265560165975,1.0731148948347402,0.0016351999999999998,1.022585635359116,"['Eggs', 'Water']",['Tea'],2,1
Eggs,Bread,0.084,0.37168141592920356,1.072983302336038,0.005713600000000013,1.04023661971831,['Eggs'],['Bread'],1,1
Bread,Eggs,0.084,0.2424942263279446,1.072983302336038,0.005713600000000013,1.0217743902439025,['Bread'],['Eggs'],1,1
"Coffee, Sugar, Milk",Tomato Sauce,0.0372,0.2703488372093023,1.07281284606866,0.0025247999999999937,1.0251474103585658,"['Coffee', 'Sugar', 'Milk']",['Tomato Sauce'],3,1
Beer,"Coffee, Milk",0.0344,0.2037914691943128,1.0725866799700674,0.0023279999999999967,1.0173214285714287,['Beer'],"['Coffee', 'Milk']",1,2
Bagel,"Coffee, Milk",0.0216,0.2037735849056604,1.0724925521350546,0.001460000000000003,1.0172985781990522,['Bagel'],"['Coffee', 'Milk']",1,2
"Sugar, Milk",Soda,0.0476,0.2945544554455446,1.0718866646489977,0.0031923200000000054,1.028002807017544,"['Sugar', 'Milk']",['Soda'],2,1
Juice,Soda,0.0324,0.29454545454545455,1.071853910281858,0.0021720000000000003,1.0279896907216497,['Juice'],['Soda'],1,1
"Tea, Sugar",Butter,0.0212,0.36054421768707484,1.0717723474645506,0.001419680000000003,1.0377574468085105,"['Tea', 'Sugar']",['Butter'],2,1
"Sugar, Milk",Tomato Sauce,0.0436,0.2698019801980198,1.0706427785635706,0.002876799999999999,1.024379661016949,"['Sugar', 'Milk']",['Tomato Sauce'],2,1
"Water, Cookies",Eggs,0.024,0.24193548387096775,1.0705109905795034,0.0015808000000000003,1.0210212765957447,"['Water', 'Cookies']",['Eggs'],2,1
"Coffee, Sugar",Soda,0.054,0.2941176470588235,1.0702971144789792,0.0035467199999999963,1.0273666666666668,"['Coffee', 'Sugar']",['Soda'],2,1
"Pasta, Jam",Milk,0.0224,0.4409448818897638,1.0702545676936015,0.0014704000000000002,1.051774647887324,"['Pasta', 'Jam']",['Milk'],2,1
"Cheese, Water",Eggs,0.0268,0.24187725631768955,1.0702533465384494,0.0017592000000000024,1.0209428571428572,"['Cheese', 'Water']",['Eggs'],2,1
"Tomato Sauce, Butter",Eggs,0.0204,0.24170616113744076,1.0694962882187644,0.0013255999999999997,1.0207125,"['Tomato Sauce', 'Butter']",['Eggs'],2,1
"Water, Tomato Sauce",Baby Wipes,0.0228,0.22709163346613545,1.0691696490872666,0.0014750400000000004,1.0190082474226805,"['Water', 'Tomato Sauce']",['Baby Wipes'],2,1
"Tomato Sauce, Milk",Butter,0.0384,0.35955056179775274,1.0688185546901092,0.002472479999999999,1.0361473684210525,"['Tomato Sauce', 'Milk']",['Butter'],2,1
"Diapers, Baby Wipes",Cheese,0.0368,0.29113924050632906,1.068793100243499,0.0023686399999999982,1.0264357142857143,"['Diapers', 'Baby Wipes']",['Cheese'],2,1
"Sugar, Butter",Tomato Sauce,0.0224,0.2692307692307692,1.0683760683760684,0.0014336000000000002,1.023578947368421,"['Sugar', 'Butter']",['Tomato Sauce'],2,1
Croissant,Water,0.0648,0.432,1.0682492581602374,0.004140000000000005,1.0485915492957745,['Croissant'],['Water'],1,1
"Sugar, Bread",Tea,0.0224,0.24778761061946905,1.0680500457735735,0.0014272,1.0209882352941178,"['Sugar', 'Bread']",['Tea'],2,1
"Coffee, Bread",Tea,0.0224,0.24778761061946905,1.0680500457735735,0.0014272,1.0209882352941178,"['Coffee', 'Bread']",['Tea'],2,1
"Coffee, Butter",Tea,0.0216,0.24770642201834864,1.067700094906675,0.0013695999999999986,1.0208780487804878,"['Coffee', 'Butter']",['Tea'],2,1
"Eggs, Sugar",Water,0.024,0.43165467625899284,1.0673953418867281,0.0015153600000000038,1.0479544303797468,"['Eggs', 'Sugar']",['Water'],2,1
"Eggs, Tea",Water,0.024,0.43165467625899284,1.0673953418867281,0.0015153600000000038,1.0479544303797468,"['Eggs', 'Tea']",['Water'],2,1
"Eggs, Bread",Tea,0.0208,0.2476190476190476,1.0673234811165844,0.0013119999999999972,1.0207594936708861,"['Eggs', 'Bread']",['Tea'],2,1
Olive Oil,Tea,0.0208,0.2476190476190476,1.0673234811165844,0.0013119999999999972,1.0207594936708861,['Olive Oil'],['Tea'],1,1
"Water, Tomato Sauce",Sugar,0.0276,0.2749003984063745,1.0671599317017644,0.0017369599999999992,1.0238593406593406,"['Water', 'Tomato Sauce']",['Sugar'],2,1
"Cheese, Pasta",Sugar,0.0332,0.27483443708609273,1.0669038706758258,0.002081920000000001,1.023766210045662,"['Cheese', 'Pasta']",['Sugar'],2,1
"Cookies, Milk",Soda,0.0292,0.29317269076305225,1.0668584088902922,0.0018299200000000022,1.025993181818182,"['Cookies', 'Milk']",['Soda'],2,1
Cake,Eggs,0.0244,0.24110671936758896,1.0668438910070308,0.0015288000000000003,1.01990625,['Cake'],['Eggs'],1,1
"Jam, Water",Baby Wipes,0.0232,0.22656249999999997,1.0666784369114877,0.0014502399999999985,1.0183111111111112,"['Jam', 'Water']",['Baby Wipes'],2,1
"Soda, Eggs",Bread,0.0232,0.3694267515923567,1.0664744560980275,0.0014460800000000024,1.0365171717171717,"['Soda', 'Eggs']",['Bread'],2,1
Coffee,"Bread, Butter",0.072,0.2870813397129186,1.0664239959618076,0.004484639999999984,1.0250818791946308,['Coffee'],"['Bread', 'Butter']",1,2
"Bread, Butter",Coffee,0.072,0.2674591381872214,1.0664239959618076,0.004484639999999984,1.0227415821501014,"['Bread', 'Butter']",['Coffee'],2,1
"Tea, Water",Cheese,0.028,0.29045643153526973,1.0662864593805792,0.0017406400000000016,1.0254479532163745,"['Tea', 'Water']",['Cheese'],2,1
"Coffee, Sugar, Water",Bread,0.026,0.36931818181818177,1.0661610329624185,0.0016134399999999972,1.0363387387387386,"['Coffee', 'Sugar', 'Water']",['Bread'],3,1
"Jam, Milk",Pasta,0.0224,0.2178988326848249,1.0660412557965993,0.0013876799999999988,1.0172597014925373,"['Jam', 'Milk']",['Pasta'],2,1
"Soda, Pasta, Tomato Sauce",Water,0.02,0.4310344827586207,1.0658617278897644,0.001235840000000002,1.0468121212121213,"['Soda', 'Pasta', 'Tomato Sauce']",['Water'],3,1
"Cheese, Tomato Sauce",Milk,0.0576,0.4390243902439024,1.0655931802036467,0.003545599999999996,1.0481739130434784,"['Cheese', 'Tomato Sauce']",['Milk'],2,1
"Sugar, Water",Tomato Sauce,0.0276,0.26848249027237353,1.0654067074300537,0.0016943999999999987,1.022531914893617,"['Sugar', 'Water']",['Tomato Sauce'],2,1
"Beer, Butter",Milk,0.0244,0.4388489208633094,1.0651672836488093,0.0014928000000000025,1.047846153846154,"['Beer', 'Butter']",['Milk'],2,1
"Milk, Jam, Bread",Tomato Sauce,0.0204,0.26842105263157895,1.0651629072681705,0.0012480000000000026,1.0224460431654676,"['Milk', 'Jam', 'Bread']",['Tomato Sauce'],3,1
Eggs,"Bread, Butter",0.0648,0.2867256637168141,1.0651027626924745,0.0039607999999999935,1.0245707196029776,['Eggs'],"['Bread', 'Butter']",1,2
"Bread, Butter",Eggs,0.0648,0.24071322436849926,1.0651027626924745,0.0039607999999999935,1.0193776908023484,"['Bread', 'Butter']",['Eggs'],2,1
"Eggs, Water",Yogurt,0.0216,0.22406639004149378,1.0649543252922709,0.0013174399999999996,1.017612834224599,"['Eggs', 'Water']",['Yogurt'],2,1
"Cheese, Pasta, Tomato Sauce",Eggs,0.0284,0.24067796610169495,1.064946752662367,0.001732000000000001,1.0193303571428571,"['Cheese', 'Pasta', 'Tomato Sauce']",['Eggs'],3,1
"Water, Tomato Sauce",Tea,0.0248,0.24701195219123503,1.0647066904794613,0.0015071999999999967,1.019936507936508,"['Water', 'Tomato Sauce']",['Tea'],2,1
Juice,Jam,0.0296,0.2690909090909091,1.0644418872266972,0.0017919999999999985,1.0222885572139302,['Juice'],['Jam'],1,1
"Cheese, Butter",Tea,0.0224,0.24669603524229072,1.0633449794926324,0.001334399999999996,1.0195087719298244,"['Cheese', 'Butter']",['Tea'],2,1
"Jam, Butter",Eggs,0.0444,0.24025974025974028,1.0630961958395588,0.002635200000000004,1.0187692307692309,"['Jam', 'Butter']",['Eggs'],2,1
"Cheese, Coffee",Butter,0.0256,0.3575418994413408,1.0628475013119525,0.0015137600000000029,1.0329078260869566,"['Cheese', 'Coffee']",['Butter'],2,1
"Coffee, Water",Cheese,0.0272,0.28936170212765955,1.0622676289561659,0.0015943999999999993,1.0238682634730538,"['Coffee', 'Water']",['Cheese'],2,1
"Cheese, Tea",Water,0.028,0.42944785276073627,1.0619383104864892,0.0016331200000000053,1.0439010752688174,"['Cheese', 'Tea']",['Water'],2,1
Baby Wipes,Cookies,0.054,0.2542372881355932,1.0610905180951302,0.003108959999999994,1.0196272727272726,['Baby Wipes'],['Cookies'],1,1
Cookies,Baby Wipes,0.054,0.22537562604340566,1.0610905180951302,0.003108959999999994,1.0167508620689654,['Cookies'],['Baby Wipes'],1,1
"Coffee, Milk",Tomato Sauce,0.0508,0.2673684210526316,1.0609857978279031,0.002919999999999999,1.020977011494253,"['Coffee', 'Milk']",['Tomato Sauce'],2,1
Tomato Sauce,"Coffee, Milk",0.0508,0.20158730158730157,1.060985797827903,0.002919999999999999,1.0145129224652087,['Tomato Sauce'],"['Coffee', 'Milk']",1,2
Eggs,Tea,0.0556,0.24601769911504423,1.0604211168751907,0.0031679999999999903,1.0185915492957747,['Eggs'],['Tea'],1,1
Tea,Eggs,0.0556,0.23965517241379308,1.0604211168751907,0.0031679999999999903,1.0179591836734694,['Tea'],['Eggs'],1,1
"Beer, Milk",Butter,0.0244,0.35672514619883045,1.0604195784745258,0.001390240000000001,1.0315963636363636,"['Beer', 'Milk']",['Butter'],2,1
"Soda, Eggs",Butter,0.0224,0.356687898089172,1.0603088528215578,0.0012740800000000038,1.0315366336633662,"['Soda', 'Eggs']",['Butter'],2,1
"Yogurt, Soda",Bread,0.0204,0.36690647482014394,1.0591988303121938,0.0011401600000000046,1.0323909090909091,"['Yogurt', 'Soda']",['Bread'],2,1
Eggs,Cheese,0.0652,0.2884955752212389,1.0590880147622574,0.0036375999999999978,1.0226218905472637,['Eggs'],['Cheese'],1,1
Cheese,Eggs,0.0652,0.2393538913362702,1.0590880147622574,0.0036375999999999978,1.0175559845559845,['Cheese'],['Eggs'],1,1
"Cheese, Wine",Tea,0.0284,0.24567474048442908,1.0589428469156426,0.0015808000000000003,1.0181284403669726,"['Cheese', 'Wine']",['Tea'],2,1
"Yogurt, Water",Jam,0.0228,0.26760563380281693,1.058566589409877,0.001261439999999999,1.0202153846153847,"['Yogurt', 'Water']",['Jam'],2,1
"Jam, Water",Yogurt,0.0228,0.22265625,1.05825213878327,0.001255039999999999,1.0157668341708543,"['Jam', 'Water']",['Yogurt'],2,1
"Soda, Milk",Tea,0.0272,0.24548736462093862,1.058135192331632,0.0014944,1.0178755980861243,"['Soda', 'Milk']",['Tea'],2,1
"Jam, Bread",Eggs,0.044,0.23913043478260868,1.0580992689495958,0.0024159999999999945,1.0172571428571429,"['Jam', 'Bread']",['Eggs'],2,1
"Milk, Baby Wipes",Tea,0.0216,0.24545454545454548,1.0579937304075235,0.001184000000000001,1.0178313253012048,"['Milk', 'Baby Wipes']",['Tea'],2,1
"Beer, Diapers, Baby Wipes",Water,0.0296,0.4277456647398844,1.057729141295461,0.0016155200000000022,1.0407959595959597,"['Beer', 'Diapers', 'Baby Wipes']",['Water'],3,1
"Water, Baby Wipes",Bread,0.034,0.3663793103448276,1.05767699291232,0.001854080000000008,1.0315319727891157,"['Water', 'Baby Wipes']",['Bread'],2,1
"Cheese, Tomato Sauce",Coffee,0.0348,0.26524390243902435,1.0575913175399694,0.0018950399999999937,1.019658091286307,"['Cheese', 'Tomato Sauce']",['Coffee'],2,1
"Coffee, Milk",Bread,0.0696,0.3663157894736842,1.0574936185729913,0.0037839999999999957,1.0314285714285714,"['Coffee', 'Milk']",['Bread'],2,1
Bread,"Coffee, Milk",0.0696,0.20092378752886836,1.0574936185729913,0.0037839999999999957,1.013670520231214,['Bread'],"['Coffee', 'Milk']",1,2
"Cheese, Coffee, Milk",Bread,0.0208,0.3661971830985915,1.0571512214162573,0.0011244799999999971,1.0312355555555555,"['Cheese', 'Coffee', 'Milk']",['Bread'],3,1
"Sugar, Milk, Butter",Water,0.0224,0.42748091603053434,1.0570744708964748,0.0012094399999999991,1.0403146666666667,"['Sugar', 'Milk', 'Butter']",['Water'],3,1
"Jam, Milk",Cheese,0.0296,0.2879377431906615,1.057040173240314,0.001597280000000003,1.0218207650273226,"['Jam', 'Milk']",['Cheese'],2,1
Shampoo,"Bread, Butter",0.0272,0.2845188284518828,1.0569050091080343,0.0014644799999999972,1.0214105263157893,['Shampoo'],"['Bread', 'Butter']",1,2
"Water, Baby Wipes",Milk,0.0404,0.4353448275862069,1.056662202879143,0.002166400000000006,1.0413435114503817,"['Water', 'Baby Wipes']",['Milk'],2,1
"Coffee, Sugar, Milk",Cheese,0.0396,0.2877906976744186,1.0565003585698187,0.0021177600000000033,1.0216097959183674,"['Coffee', 'Sugar', 'Milk']",['Cheese'],3,1
"Cookies, Butter",Milk,0.0336,0.4352331606217616,1.0563911665576737,0.0017935999999999994,1.0411376146788993,"['Cookies', 'Butter']",['Milk'],2,1
Eggs,Cookies,0.0572,0.25309734513274335,1.0563328260965916,0.0030503999999999948,1.0180710900473933,['Eggs'],['Cookies'],1,1
Cookies,Eggs,0.0572,0.2387312186978297,1.0563328260965916,0.0030503999999999948,1.0167236842105263,['Cookies'],['Eggs'],1,1
"Milk, Butter",Pasta,0.0304,0.21590909090909088,1.0563067069916383,0.001620479999999997,1.014678260869565,"['Milk', 'Butter']",['Pasta'],2,1
"Cheese, Pasta",Tea,0.0296,0.24503311258278146,1.0561772094085407,0.0015744,1.0172631578947369,"['Cheese', 'Pasta']",['Tea'],2,1
"Cookies, Butter",Soda,0.0224,0.29015544041450775,1.0558786041284853,0.0011854399999999994,1.021632116788321,"['Cookies', 'Butter']",['Soda'],2,1
"Soda, Bread",Sugar,0.026,0.2719665271966527,1.0557706801112294,0.0013734399999999966,1.0197333333333332,"['Soda', 'Bread']",['Sugar'],2,1
"Water, Bread",Eggs,0.0312,0.2385321100917431,1.055451814565235,0.001639199999999997,1.0164578313253012,"['Water', 'Bread']",['Eggs'],2,1
"Coffee, Cookies",Bread,0.0228,0.3653846153846154,1.0548054716645943,0.0011846400000000042,1.0299151515151515,"['Coffee', 'Cookies']",['Bread'],2,1
Eggs,Water,0.0964,0.4265486725663717,1.0547692199959735,0.005005599999999999,1.0386234567901234,['Eggs'],['Water'],1,1
Water,Eggs,0.0964,0.23837784371909002,1.0547692199959735,0.005005599999999999,1.016251948051948,['Water'],['Eggs'],1,1
"Coffee, Milk",Cookies,0.048,0.25263157894736843,1.054388893770319,0.002475999999999999,1.0174366197183098,"['Coffee', 'Milk']",['Cookies'],2,1
Cookies,"Coffee, Milk",0.048,0.2003338898163606,1.054388893770319,0.002475999999999999,1.0129227557411273,['Cookies'],"['Coffee', 'Milk']",1,2
Diapers,Cheese,0.0448,0.28717948717948716,1.0542565608644905,0.002305600000000005,1.0207338129496404,['Diapers'],['Cheese'],1,1
"Wine, Milk",Bread,0.026,0.3651685393258427,1.0541816955134027,0.0013363199999999985,1.0295646017699114,"['Wine', 'Milk']",['Bread'],2,1
"Sugar, Milk",Cheese,0.0464,0.2871287128712871,1.0540701647257238,0.0023801599999999992,1.0206611111111112,"['Sugar', 'Milk']",['Cheese'],2,1
"Water, Bread",Milk,0.0568,0.4342507645259939,1.0540067100145485,0.0029104000000000074,1.03932972972973,"['Water', 'Bread']",['Milk'],2,1
"Jam, Bread, Butter",Eggs,0.042,0.2380952380952381,1.053518752633797,0.0021335999999999994,1.015875,"['Jam', 'Bread', 'Butter']",['Eggs'],3,1
"Milk, Butter",Cheese,0.0404,0.2869318181818182,1.0533473501535175,0.0020460799999999987,1.0203792828685259,"['Milk', 'Butter']",['Cheese'],2,1
"Diapers, Water",Milk,0.0276,0.43396226415094336,1.053306466385785,0.0013968000000000001,1.0388,"['Diapers', 'Water']",['Milk'],2,1
Diapers,Coffee,0.0412,0.2641025641025641,1.0530405267247371,0.0020751999999999993,1.0180766550522646,['Diapers'],['Coffee'],1,1
"Diapers, Baby Wipes",Yogurt,0.028,0.22151898734177214,1.052846898012225,0.0014054399999999974,1.0142829268292681,"['Diapers', 'Baby Wipes']",['Yogurt'],2,1
"Pasta, Tomato Sauce",Tea,0.0424,0.24423963133640553,1.0527570316224375,0.002124799999999996,1.0161951219512195,"['Pasta', 'Tomato Sauce']",['Tea'],2,1
Soap,Sugar,0.0256,0.2711864406779661,1.0527423939362037,0.001282560000000002,1.0186418604651162,['Soap'],['Sugar'],1,1
"Coffee, Bread",Cookies,0.0228,0.252212389380531,1.0526393546766735,0.0011401600000000012,1.016866272189349,"['Coffee', 'Bread']",['Cookies'],2,1
"Cheese, Baby Wipes",Water,0.024,0.425531914893617,1.052254982427342,0.001191840000000003,1.036785185185185,"['Cheese', 'Baby Wipes']",['Water'],2,1
"Cheese, Pasta, Tomato Sauce",Tea,0.0288,0.2440677966101695,1.0520163646990064,0.0014239999999999982,1.0159641255605383,"['Cheese', 'Pasta', 'Tomato Sauce']",['Tea'],3,1
"Tomato Sauce, Milk",Jam,0.0284,0.26591760299625467,1.0518892523586023,0.0014009599999999962,1.017869387755102,"['Tomato Sauce', 'Milk']",['Jam'],2,1
"Yogurt, Tomato Sauce",Water,0.0216,0.4251968503937008,1.0514264351970841,0.001056480000000002,1.0361808219178084,"['Yogurt', 'Tomato Sauce']",['Water'],2,1
"Cheese, Water",Soda,0.032,0.2888086642599278,1.0509776719793589,0.0015521600000000038,1.019697461928934,"['Cheese', 'Water']",['Soda'],2,1
Croissant,Eggs,0.0356,0.23733333333333334,1.0501474926253687,0.0017000000000000001,1.01486013986014,['Croissant'],['Eggs'],1,1
"Soda, Sugar","Bread, Butter",0.0208,0.2826086956521739,1.0498094192131273,0.000986879999999999,1.018690909090909,"['Soda', 'Sugar']","['Bread', 'Butter']",2,2
"Milk, Baby Wipes",Bread,0.032,0.36363636363636365,1.0497585555322277,0.0015168000000000022,1.0270857142857142,"['Milk', 'Baby Wipes']",['Bread'],2,1
Cake,Bread,0.0368,0.36363636363636365,1.0497585555322277,0.0017443200000000006,1.0270857142857142,['Cake'],['Bread'],1,1
"Sugar, Baby Wipes",Water,0.0236,0.4244604316546763,1.0496054195219493,0.0011153600000000027,1.034855,"['Sugar', 'Baby Wipes']",['Water'],2,1
"Tomato Sauce, Milk",Soda,0.0308,0.2883895131086142,1.049452376668902,0.0014513600000000022,1.0190968421052633,"['Tomato Sauce', 'Milk']",['Soda'],2,1
"Sugar, Cookies",Butter,0.024,0.3529411764705882,1.0491711547877176,0.0011247999999999987,1.0255636363636362,"['Sugar', 'Cookies']",['Butter'],2,1
Beer,Water,0.0716,0.42417061611374407,1.048888763881662,0.003337279999999998,1.0343341563786008,['Beer'],['Water'],1,1
"Sugar, Milk",Baby Wipes,0.036,0.22277227722772278,1.0488336969290148,0.001676159999999996,1.0133452229299362,"['Sugar', 'Milk']",['Baby Wipes'],2,1
"Tomato Sauce, Bread",Milk,0.038,0.4318181818181818,1.0481023830538394,0.0017440000000000025,1.0348800000000002,"['Tomato Sauce', 'Bread']",['Milk'],2,1
Coffee,Cheese,0.0716,0.2854864433811802,1.0480412752613077,0.0032820799999999928,1.0183151785714284,['Coffee'],['Cheese'],1,1
Cheese,Coffee,0.0716,0.26284875183553597,1.0480412752613075,0.0032820799999999928,1.0163450199203188,['Cheese'],['Coffee'],1,1
"Diapers, Baby Wipes",Soda,0.0364,0.2879746835443038,1.047942807657583,0.0016652799999999982,1.0185031111111111,"['Diapers', 'Baby Wipes']",['Soda'],2,1
Cheese,Milk,0.1176,0.43171806167400884,1.047859372995167,0.0053712000000000065,1.034697674418605,['Cheese'],['Milk'],1,1
Milk,Cheese,0.1176,0.2854368932038835,1.047859372995167,0.0053712000000000065,1.0182445652173915,['Milk'],['Cheese'],1,1
"Eggs, Milk","Bread, Butter",0.0264,0.28205128205128205,1.0477387891949557,0.00120288,1.0179,"['Eggs', 'Milk']","['Bread', 'Butter']",2,2
Soap,Coffee,0.0248,0.2627118644067797,1.0474954721163463,0.0011244799999999971,1.0161563218390803,['Soap'],['Coffee'],1,1
Eggs,Butter,0.0796,0.35221238938053095,1.0470047246745868,0.00357360000000001,1.0244098360655736,['Eggs'],['Butter'],1,1
Butter,Eggs,0.0796,0.23662306777645664,1.0470047246745868,0.00357360000000001,1.0139158878504675,['Butter'],['Eggs'],1,1
"Water, Bread, Butter",Tomato Sauce,0.0268,0.26377952755905515,1.0467441569803775,0.0011968000000000013,1.016,"['Water', 'Bread', 'Butter']",['Tomato Sauce'],3,1
"Cheese, Soda",Water,0.032,0.4232804232804233,1.0466874957478323,0.0014273600000000025,1.0327376146788991,"['Cheese', 'Soda']",['Water'],2,1
"Sugar, Bread",Soda,0.026,0.28761061946902655,1.046617974778117,0.0011580800000000023,1.0179826086956523,"['Sugar', 'Bread']",['Soda'],2,1
"Coffee, Baby Wipes",Water,0.022,0.4230769230769231,1.0461842806056456,0.0009712000000000019,1.0323733333333334,"['Coffee', 'Baby Wipes']",['Water'],2,1
"Coffee, Sugar",Tomato Sauce,0.0484,0.2636165577342048,1.0460974513262093,0.002132799999999997,1.015775147928994,"['Coffee', 'Sugar']",['Tomato Sauce'],2,1
Coffee,Yogurt,0.0552,0.2200956937799043,1.0460821947714083,0.0024316799999999916,1.0124319018404908,['Coffee'],['Yogurt'],1,1
Yogurt,Coffee,0.0552,0.26235741444866917,1.046082194771408,0.0024316799999999916,1.0156680412371133,['Yogurt'],['Coffee'],1,1
"Pasta, Tea",Milk,0.0212,0.43089430894308944,1.0458599731628384,0.0009296000000000026,1.0332000000000001,"['Pasta', 'Tea']",['Milk'],2,1
"Soda, Butter",Eggs,0.0224,0.23628691983122363,1.0455173443859451,0.000975199999999999,1.0134696132596686,"['Soda', 'Butter']",['Eggs'],2,1
Rice,Butter,0.0384,0.3516483516483516,1.0453280370046125,0.001665119999999999,1.0235186440677966,['Rice'],['Butter'],1,1
"Jam, Cookies",Milk,0.0248,0.4305555555555555,1.0450377562028048,0.0010688000000000017,1.0325853658536588,"['Jam', 'Cookies']",['Milk'],2,1
"Wine, Bread",Milk,0.026,0.4304635761589404,1.0448145052401465,0.0011152000000000002,1.032418604651163,"['Wine', 'Bread']",['Milk'],2,1
Cake,Cheese,0.0288,0.2845849802371542,1.0447319391966012,0.0012331200000000007,1.0170320441988951,['Cake'],['Cheese'],1,1
"Water, Bread",Sugar,0.0352,0.26911314984709483,1.0446939046859272,0.0015059200000000009,1.01575230125523,"['Water', 'Bread']",['Sugar'],2,1
Wine,Water,0.0752,0.42247191011235957,1.0446882050256172,0.0032168000000000058,1.0312918287937742,['Wine'],['Water'],1,1
"Milk, Bread",Tomato Sauce,0.038,0.2631578947368421,1.0442773600668336,0.0016112000000000001,1.0151428571428571,"['Milk', 'Bread']",['Tomato Sauce'],2,1
"Cheese, Wine",Water,0.0488,0.4221453287197232,1.0438806348163285,0.002051360000000009,1.0307089820359283,"['Cheese', 'Wine']",['Water'],2,1
Baby Wipes,Bread,0.0768,0.36158192090395475,1.0438277162354352,0.003224640000000001,1.0237805309734513,['Baby Wipes'],['Bread'],1,1
Bread,Baby Wipes,0.0768,0.22170900692840645,1.0438277162354352,0.003224640000000001,1.0119608308605341,['Bread'],['Baby Wipes'],1,1
Bagel,Soda,0.0304,0.28679245283018867,1.0436406580428992,0.0012712000000000036,1.0168148148148148,['Bagel'],['Soda'],1,1
"Coffee, Water",Jam,0.0248,0.26382978723404255,1.043630487476434,0.0010367999999999974,1.0149826589595374,"['Coffee', 'Water']",['Jam'],2,1
"Milk, Bread",Pasta,0.0308,0.21329639889196678,1.0435244564186241,0.00128464,1.0113084507042254,"['Milk', 'Bread']",['Pasta'],2,1
"Sugar, Water, Milk",Bread,0.024,0.3614457831325301,1.043434708812154,0.0009990399999999997,1.0235622641509434,"['Sugar', 'Water', 'Milk']",['Bread'],3,1
"Water, Jam",Cookies,0.0256,0.25,1.0434056761268782,0.0010649600000000002,1.0138666666666667,"['Water', 'Jam']",['Cookies'],2,1
"Milk, Bread",Baby Wipes,0.032,0.22160664819944598,1.043345801315659,0.0013294400000000012,1.0118277580071173,"['Milk', 'Bread']",['Baby Wipes'],2,1
"Sugar, Milk",Bread,0.0584,0.36138613861386143,1.0432625248668055,0.002421760000000002,1.0234666666666667,"['Sugar', 'Milk']",['Bread'],2,1
"Soda, Water",Tomato Sauce,0.0268,0.2627450980392157,1.0426392779333955,0.0010960000000000032,1.0145744680851063,"['Soda', 'Water']",['Tomato Sauce'],2,1
Soap,Tomato Sauce,0.0248,0.2627118644067797,1.0425073984396018,0.0010112000000000003,1.014528735632184,['Soap'],['Tomato Sauce'],1,1
Rice,Tea,0.0264,0.24175824175824173,1.042061386888973,0.0010655999999999964,1.0128695652173914,['Rice'],['Tea'],1,1
"Coffee, Sugar, Milk",Eggs,0.0324,0.23546511627906974,1.0418810454826095,0.0013023999999999987,1.012380228136882,"['Coffee', 'Sugar', 'Milk']",['Eggs'],3,1
"Beer, Diapers","Bread, Butter",0.024,0.28037383177570097,1.0415075474580273,0.0009564800000000026,1.0155272727272728,"['Beer', 'Diapers']","['Bread', 'Butter']",2,2
"Milk, Bread, Butter",Cheese,0.032,0.28368794326241137,1.0414388519178097,0.001273280000000005,1.0157584158415842,"['Milk', 'Bread', 'Butter']",['Cheese'],3,1
"Tomato Sauce, Bread",Sugar,0.0236,0.2681818181818182,1.0410784867306606,0.0009312000000000001,1.0144596273291926,"['Tomato Sauce', 'Bread']",['Sugar'],2,1
"Diapers, Baby Wipes",Water,0.0532,0.420886075949367,1.040766755562233,0.0020838399999999965,1.0284677595628413,"['Diapers', 'Baby Wipes']",['Water'],2,1
"Sugar, Water","Bread, Butter",0.0288,0.2801556420233463,1.0406970357479433,0.0011262400000000006,1.0152194594594595,"['Sugar', 'Water']","['Bread', 'Butter']",2,2
Coffee,Bread,0.0904,0.3604465709728867,1.0405501471503658,0.003522879999999992,1.0219630922693266,['Coffee'],['Bread'],1,1
Bread,Coffee,0.0904,0.26096997690531176,1.0405501471503658,0.003522879999999992,1.01376125,['Bread'],['Coffee'],1,1
"Tea, Baby Wipes",Milk,0.0216,0.4285714285714286,1.040221914008322,0.0008352000000000012,1.0290000000000001,"['Tea', 'Baby Wipes']",['Milk'],2,1
"Cheese, Jam, Butter",Milk,0.0216,0.4285714285714286,1.040221914008322,0.0008352000000000012,1.0290000000000001,"['Cheese', 'Jam', 'Butter']",['Milk'],3,1
"Pasta, Tomato Sauce, Bread",Milk,0.0252,0.4285714285714286,1.040221914008322,0.0009744000000000037,1.0290000000000001,"['Pasta', 'Tomato Sauce', 'Bread']",['Milk'],3,1
"Water, Butter",Baby Wipes,0.0296,0.2208955223880597,1.0399977513562133,0.0011383999999999977,1.010904214559387,"['Water', 'Butter']",['Baby Wipes'],2,1
"Beer, Diapers",Water,0.036,0.4205607476635514,1.039962284034499,0.0013833600000000001,1.027890322580645,"['Beer', 'Diapers']",['Water'],2,1
Sugar,Soda,0.0736,0.2857142857142857,1.039717196922437,0.002811519999999998,1.01528,['Sugar'],['Soda'],1,1
Soda,Sugar,0.0736,0.2678311499272198,1.039717196922437,0.002811519999999998,1.0139737574552683,['Soda'],['Sugar'],1,1
Shampoo,Sugar,0.0256,0.26778242677824265,1.0395280542633643,0.000973439999999999,1.0139062857142858,['Shampoo'],['Sugar'],1,1
Bagel,Cookies,0.0264,0.2490566037735849,1.0394682962169655,0.0010024000000000005,1.0125929648241205,['Bagel'],['Cookies'],1,1
Soap,Jam,0.0248,0.2627118644067797,1.039208324393907,0.0009356799999999978,1.0134436781609195,['Soap'],['Jam'],1,1
"Eggs, Water",Cookies,0.024,0.24896265560165975,1.0390761919935716,0.0009025600000000002,1.0124662983425414,"['Eggs', 'Water']",['Cookies'],2,1
"Jam, Milk, Butter",Tomato Sauce,0.02,0.2617801047120419,1.0388099393334995,0.0007472,1.0132482269503544,"['Jam', 'Milk', 'Butter']",['Tomato Sauce'],3,1
"Cheese, Milk",Eggs,0.0276,0.23469387755102042,1.0384684847390284,0.0010223999999999997,1.01136,"['Cheese', 'Milk']",['Eggs'],2,1
"Tea, Cookies",Sugar,0.0428,0.26749999999999996,1.0384316770186335,0.0015839999999999951,1.0135153583617746,"['Tea', 'Cookies']",['Sugar'],2,1
"Eggs, Sugar",Bread,0.02,0.3597122302158274,1.0384302257962685,0.0007401600000000036,1.020791011235955,"['Eggs', 'Sugar']",['Bread'],2,1
Cookies,Coffee,0.0624,0.26043405676126874,1.0384133044707684,0.0023083199999999887,1.0130266365688487,['Cookies'],['Coffee'],1,1
Coffee,Cookies,0.0624,0.24880382775119614,1.0384133044707684,0.0023083199999999887,1.012252229299363,['Coffee'],['Cookies'],1,1
"Cheese, Bread, Butter",Milk,0.032,0.42780748663101603,1.0383676859976119,0.0011824000000000001,1.027626168224299,"['Cheese', 'Bread', 'Butter']",['Milk'],3,1
"Soda, Milk",Eggs,0.026,0.23465703971119134,1.0383054854477494,0.0009592000000000003,1.011311320754717,"['Soda', 'Milk']",['Eggs'],2,1
"Beer, Diapers, Baby Wipes",Milk,0.0296,0.4277456647398844,1.038217632863797,0.001089600000000003,1.0275151515151517,"['Beer', 'Diapers', 'Baby Wipes']",['Milk'],3,1
"Jam, Milk, Butter",Cheese,0.0216,0.28272251308900526,1.0378946882856288,0.0007886400000000036,1.0143912408759124,"['Jam', 'Milk', 'Butter']",['Cheese'],3,1
"Coffee, Sugar",Bread,0.066,0.35947712418300654,1.0377515132303885,0.0024009600000000075,1.0204163265306123,"['Coffee', 'Sugar']",['Bread'],2,1
"Eggs, Cookies",Water,0.024,0.4195804195804196,1.0375381295262602,0.0008683200000000023,1.02615421686747,"['Eggs', 'Cookies']",['Water'],2,1
Pasta,Tea,0.0492,0.2407045009784736,1.0375194007692827,0.0017792000000000016,1.0114639175257734,['Pasta'],['Tea'],1,1
Tea,Pasta,0.0492,0.21206896551724136,1.0375194007692825,0.0017792000000000016,1.0097330415754924,['Tea'],['Pasta'],1,1
"Tea, Cookies, Butter",Milk,0.0212,0.4274193548387097,1.0374256185405575,0.000764800000000003,1.026929577464789,"['Tea', 'Cookies', 'Butter']",['Milk'],3,1
"Eggs, Water",Milk,0.0412,0.42738589211618255,1.037344398340249,0.001483200000000004,1.0268695652173916,"['Eggs', 'Water']",['Milk'],2,1
"Cheese, Cookies",Water,0.026,0.4193548387096774,1.03698031332759,0.0009271999999999996,1.0257555555555555,"['Cheese', 'Cookies']",['Water'],2,1
"Soda, Pasta",Water,0.0228,0.4191176470588236,1.0363937860010475,0.0008006400000000018,1.0253367088607597,"['Soda', 'Pasta']",['Water'],2,1
"Cheese, Wine",Yogurt,0.0252,0.2179930795847751,1.0360887812964596,0.0008777600000000017,1.0097097345132744,"['Cheese', 'Wine']",['Yogurt'],2,1
"Sugar, Bread",Tomato Sauce,0.0236,0.2610619469026549,1.035960106756567,0.0008191999999999991,1.0122634730538924,"['Sugar', 'Bread']",['Tomato Sauce'],2,1
"Eggs, Milk",Yogurt,0.0204,0.21794871794871795,1.0358779370186215,0.0007065600000000019,1.0096524590163933,"['Eggs', 'Milk']",['Yogurt'],2,1
"Sugar, Cookies",Bread,0.0244,0.3588235294117647,1.0358646922972423,0.0008447999999999997,1.0193761467889908,"['Sugar', 'Cookies']",['Bread'],2,1
"Milk, Bread, Butter",Eggs,0.0264,0.23404255319148937,1.035586518546413,0.0009072000000000004,1.0105,"['Milk', 'Bread', 'Butter']",['Eggs'],3,1
"Cookies, Tomato Sauce",Milk,0.0244,0.4265734265734266,1.0353723945956956,0.0008336000000000038,1.0254146341463417,"['Cookies', 'Tomato Sauce']",['Milk'],2,1
Tomato Sauce,Sugar,0.0672,0.26666666666666666,1.0351966873706004,0.0022847999999999896,1.0123636363636361,['Tomato Sauce'],['Sugar'],1,1
Sugar,Tomato Sauce,0.0672,0.2608695652173913,1.0351966873706004,0.0022847999999999896,1.012,['Sugar'],['Tomato Sauce'],1,1
"Tomato Sauce, Baby Wipes",Milk,0.022,0.4263565891472868,1.0348460901633176,0.0007407999999999998,1.0250270270270272,"['Tomato Sauce', 'Baby Wipes']",['Milk'],2,1
"Diapers, Baby Wipes",Coffee,0.0328,0.25949367088607594,1.0346637595138592,0.0010988799999999965,1.011740170940171,"['Diapers', 'Baby Wipes']",['Coffee'],2,1
"Jam, Bread",Baby Wipes,0.0404,0.21956521739130433,1.0337345451568,0.0013183999999999974,1.0091810584958216,"['Jam', 'Bread']",['Baby Wipes'],2,1
Coffee,Butter,0.0872,0.3476874003189792,1.0335535086771084,0.002830879999999994,1.0173036674816625,['Coffee'],['Butter'],1,1
Butter,Coffee,0.0872,0.2592152199762188,1.0335535086771084,0.002830879999999994,1.011359871589085,['Butter'],['Coffee'],1,1
Tea,Tomato Sauce,0.0604,0.2603448275862069,1.0331143951833608,0.0019360000000000002,1.0112820512820513,['Tea'],['Tomato Sauce'],1,1
Tomato Sauce,Tea,0.0604,0.2396825396825397,1.0331143951833608,0.0019360000000000002,1.0101043841336117,['Tomato Sauce'],['Tea'],1,1
"Sugar, Water",Eggs,0.024,0.23346303501945526,1.033022278847147,0.0007671999999999991,1.0097360406091371,"['Sugar', 'Water']",['Eggs'],2,1
"Jam, Milk",Eggs,0.024,0.23346303501945526,1.033022278847147,0.0007671999999999991,1.0097360406091371,"['Jam', 'Milk']",['Eggs'],2,1
"Beer, Baby Wipes",Milk,0.032,0.425531914893617,1.032844453625284,0.0010176000000000004,1.0235555555555556,"['Beer', 'Baby Wipes']",['Milk'],2,1
"Coffee, Milk",Jam,0.0496,0.26105263157894737,1.0326449033977347,0.001567999999999993,1.0111680911680911,"['Coffee', 'Milk']",['Jam'],2,1
"Coffee, Milk",Butter,0.066,0.3473684210526316,1.0326052944489643,0.0020840000000000025,1.0168064516129032,"['Coffee', 'Milk']",['Butter'],2,1
"Cookies, Milk",Cheese,0.028,0.28112449799196787,1.0320282598824078,0.0008689600000000054,1.012136312849162,"['Cookies', 'Milk']",['Cheese'],2,1
"Pasta, Water",Soda,0.0228,0.2835820895522388,1.0319581133633144,0.0007060800000000013,1.0122583333333333,"['Pasta', 'Water']",['Soda'],2,1
"Cheese, Tomato Sauce",Soda,0.0372,0.28353658536585363,1.0317925231654064,0.0011462399999999928,1.0121940425531915,"['Cheese', 'Tomato Sauce']",['Soda'],2,1
Tea,Cheese,0.0652,0.28103448275862064,1.0316978074839231,0.0020031999999999966,1.012009592326139,['Tea'],['Cheese'],1,1
Cheese,Tea,0.0652,0.2393538913362702,1.0316978074839231,0.0020031999999999966,1.0096679536679536,['Cheese'],['Tea'],1,1
Coffee,Tomato Sauce,0.0652,0.2599681020733652,1.031619452672084,0.0019983999999999835,1.0107672413793103,['Coffee'],['Tomato Sauce'],1,1
Tomato Sauce,Coffee,0.0652,0.2587301587301587,1.031619452672084,0.0019983999999999835,1.0106980728051391,['Tomato Sauce'],['Coffee'],1,1
"Soda, Water",Cookies,0.0252,0.24705882352941178,1.0311303152312679,0.0007608000000000024,1.00990625,"['Soda', 'Water']",['Cookies'],2,1
"Tea, Bread, Butter",Milk,0.0248,0.4246575342465753,1.0307221705013965,0.0007391999999999989,1.022,"['Tea', 'Bread', 'Butter']",['Milk'],3,1
"Tea, Milk",Cheese,0.0256,0.2807017543859649,1.0304763376870958,0.0007571200000000035,1.0115414634146342,"['Tea', 'Milk']",['Cheese'],2,1
"Soda, Coffee",Butter,0.0244,0.3465909090909091,1.0302940222678632,0.0007174400000000032,1.0155965217391305,"['Soda', 'Coffee']",['Butter'],2,1
"Tomato Sauce, Butter",Sugar,0.0224,0.2654028436018957,1.030290541932825,0.000658559999999999,1.0106219354838708,"['Tomato Sauce', 'Butter']",['Sugar'],2,1
"Cheese, Bread",Milk,0.0404,0.4243697478991596,1.0300236599494166,0.0011776000000000009,1.0214890510948906,"['Cheese', 'Bread']",['Milk'],2,1
"Cheese, Tomato Sauce",Sugar,0.0348,0.26524390243902435,1.0296735343129828,0.0010028799999999977,1.0104033195020745,"['Cheese', 'Tomato Sauce']",['Sugar'],2,1
"Sugar, Bread, Butter",Water,0.0288,0.4161849710982659,1.0291418672063946,0.0008155200000000001,1.0201861386138615,"['Sugar', 'Bread', 'Butter']",['Water'],3,1
Diapers,Bread,0.0556,0.35641025641025637,1.0288979688517794,0.0015615999999999963,1.0155537848605576,['Diapers'],['Bread'],1,1
Tomato Sauce,Milk,0.1068,0.42380952380952386,1.0286638927415628,0.0029760000000000064,1.0204958677685954,['Tomato Sauce'],['Milk'],1,1
Milk,Tomato Sauce,0.1068,0.2592233009708738,1.0286638927415628,0.0029760000000000064,1.0097509829619922,['Milk'],['Tomato Sauce'],1,1
Coffee,Jam,0.0652,0.2599681020733652,1.0283548341509698,0.0017977599999999816,1.0096862068965515,['Coffee'],['Jam'],1,1
Jam,Coffee,0.0652,0.2579113924050632,1.0283548341509696,0.0017977599999999816,1.0095829424307035,['Jam'],['Coffee'],1,1
"Diapers, Water",Butter,0.022,0.34591194968553457,1.0282757125015891,0.0006049599999999981,1.0145423076923075,"['Diapers', 'Water']",['Butter'],2,1
"Pasta, Water, Tomato Sauce",Soda,0.02,0.2824858757062147,1.0279689800080594,0.0005441600000000019,1.0107118110236222,"['Pasta', 'Water', 'Tomato Sauce']",['Soda'],3,1
"Water, Bread, Butter",Eggs,0.0236,0.23228346456692914,1.0278029405616333,0.0006384000000000008,1.0081846153846155,"['Water', 'Bread', 'Butter']",['Eggs'],3,1
Tea,Water,0.0964,0.41551724137931034,1.0274907056857328,0.0025792000000000037,1.0190206489675517,['Tea'],['Water'],1,1
Water,Tea,0.0964,0.23837784371909002,1.0274907056857328,0.0025792000000000037,1.008374025974026,['Water'],['Tea'],1,1
"Cheese, Eggs",Milk,0.0276,0.4233128834355829,1.0274584549407353,0.0007376000000000049,1.0196170212765958,"['Cheese', 'Eggs']",['Milk'],2,1
"Tomato Sauce, Milk",Bread,0.038,0.35580524344569286,1.0271513956284437,0.001004479999999995,1.0146,"['Tomato Sauce', 'Milk']",['Bread'],2,1
"Milk, Bread",Cheese,0.0404,0.27977839335180055,1.0270866128920726,0.0010654400000000008,1.0102446153846154,"['Milk', 'Bread']",['Cheese'],2,1
"Tea, Milk",Tomato Sauce,0.0236,0.2587719298245614,1.0268727373990532,0.0006175999999999994,1.0091360946745562,"['Tea', 'Milk']",['Tomato Sauce'],2,1
Cake,Milk,0.0428,0.42292490118577075,1.0265167504508999,0.0011055999999999983,1.0189315068493152,['Cake'],['Milk'],1,1
"Cookies, Bread",Soda,0.022,0.28205128205128205,1.0263874892695855,0.0005655999999999994,1.0101,"['Cookies', 'Bread']",['Soda'],2,1
"Cheese, Jam",Milk,0.0296,0.4228571428571428,1.0263522884882108,0.0007600000000000003,1.0188118811881188,"['Cheese', 'Jam']",['Milk'],2,1
"Soda, Butter",Coffee,0.0244,0.25738396624472576,1.026251859030007,0.0006241600000000021,1.0088659090909091,"['Soda', 'Butter']",['Coffee'],2,1
"Cheese, Wine",Eggs,0.0268,0.2318339100346021,1.0258137612150535,0.0006744000000000021,1.0075945945945946,"['Cheese', 'Wine']",['Eggs'],2,1
"Yogurt, Milk",Eggs,0.0204,0.23181818181818184,1.0257441673370877,0.000512000000000002,1.0075739644970414,"['Yogurt', 'Milk']",['Eggs'],2,1
"Coffee, Sugar",Baby Wipes,0.04,0.21786492374727667,1.025729396173619,0.0010033599999999948,1.0069871866295266,"['Coffee', 'Sugar']",['Baby Wipes'],2,1
"Yogurt, Sugar",Bread,0.0216,0.35526315789473684,1.0255864835298407,0.000538880000000002,1.01374693877551,"['Yogurt', 'Sugar']",['Bread'],2,1
Butter,Soda,0.0948,0.281807372175981,1.0254998987481114,0.0023572800000000033,1.0097569536423843,['Butter'],['Soda'],1,1
Soda,Butter,0.0948,0.3449781659388646,1.0254998987481112,0.0023572800000000033,1.013096,['Soda'],['Butter'],1,1
"Cheese, Tomato Sauce",Eggs,0.0304,0.23170731707317072,1.025253615368012,0.0007487999999999974,1.0074285714285713,"['Cheese', 'Tomato Sauce']",['Eggs'],2,1
"Cheese, Tomato Sauce",Tea,0.0312,0.23780487804878045,1.0250210260723294,0.0007615999999999942,1.007616,"['Cheese', 'Tomato Sauce']",['Tea'],2,1
"Cookies, Butter",Water,0.032,0.41450777202072536,1.0249944906546127,0.000780320000000001,1.0172637168141592,"['Cookies', 'Butter']",['Water'],2,1
Soda,Jam,0.0712,0.25909752547307136,1.0249110975991746,0.001730559999999992,1.008499803536346,['Soda'],['Jam'],1,1
Jam,Soda,0.0712,0.2816455696202531,1.0249110975991744,0.001730559999999992,1.0095295154185022,['Jam'],['Soda'],1,1
Beer,Yogurt,0.0364,0.2156398104265403,1.0249040419512372,0.00088448,1.0066803625377643,['Beer'],['Yogurt'],1,1
"Eggs, Butter",Soda,0.0224,0.2814070351758794,1.0240430683256165,0.0005259199999999992,1.0091944055944058,"['Eggs', 'Butter']",['Soda'],2,1
"Tea, Cookies",Baby Wipes,0.0348,0.21749999999999997,1.024011299435028,0.0008159999999999973,1.006517571884984,"['Tea', 'Cookies']",['Baby Wipes'],2,1
Cookies,Water,0.0992,0.4140233722871452,1.0237966673767191,0.002305760000000004,1.016422792022792,['Cookies'],['Water'],1,1
Water,Cookies,0.0992,0.24530168150346193,1.0237966673767191,0.002305760000000004,1.0075549148099605,['Water'],['Cookies'],1,1
"Yogurt, Eggs",Milk,0.0204,0.42148760330578516,1.0230281633635563,0.00045920000000000336,1.0164000000000002,"['Yogurt', 'Eggs']",['Milk'],2,1
Baby Wipes,Tea,0.0504,0.23728813559322035,1.0227936879018118,0.0011231999999999978,1.0069333333333335,['Baby Wipes'],['Tea'],1,1
Tea,Baby Wipes,0.0504,0.21724137931034482,1.0227936879018118,0.0011231999999999978,1.0061850220264317,['Tea'],['Baby Wipes'],1,1
Pasta,Baby Wipes,0.0444,0.21722113502935422,1.0226983758444173,0.000985440000000004,1.006159,['Pasta'],['Baby Wipes'],1,1
Baby Wipes,Pasta,0.0444,0.2090395480225989,1.0226983758444173,0.000985440000000004,1.0058657142857141,['Baby Wipes'],['Pasta'],1,1
"Water, Tomato Sauce",Yogurt,0.0216,0.2151394422310757,1.02252586611728,0.0004758400000000017,1.006038578680203,"['Water', 'Tomato Sauce']",['Yogurt'],2,1
Wine,Cookies,0.0436,0.2449438202247191,1.0223030894186942,0.0009511999999999993,1.007077380952381,['Wine'],['Cookies'],1,1
"Cookies, Milk",Pasta,0.0208,0.20883534136546186,1.021699321748835,0.0004417599999999994,1.0056060913705585,"['Cookies', 'Milk']",['Pasta'],2,1
Coffee,Soda,0.0704,0.2807017543859649,1.0214765443448504,0.0014801599999999943,1.0082048780487805,['Coffee'],['Soda'],1,1
Soda,Coffee,0.0704,0.2561863173216885,1.0214765443448504,0.0014801599999999943,1.0072414872798434,['Soda'],['Coffee'],1,1
"Cheese, Tea",Butter,0.0224,0.34355828220858897,1.0212790790980648,0.0004667200000000038,1.0109046728971962,"['Cheese', 'Tea']",['Butter'],2,1
"Cheese, Milk",Butter,0.0404,0.3435374149659864,1.0212170480558453,0.0008393600000000043,1.0108725388601036,"['Cheese', 'Milk']",['Butter'],2,1
"Baby Wipes, Butter",Milk,0.0276,0.42073170731707316,1.0211934643618281,0.0005727999999999983,1.0150736842105264,"['Baby Wipes', 'Butter']",['Milk'],2,1
Beer,"Bread, Butter",0.0464,0.2748815165876777,1.0211051879185649,0.0009590399999999943,1.007835294117647,['Beer'],"['Bread', 'Butter']",1,2
"Tea, Water",Tomato Sauce,0.0248,0.2572614107883817,1.02087861423961,0.0005071999999999993,1.0070837988826815,"['Tea', 'Water']",['Tomato Sauce'],2,1
"Water, Cookies",Jam,0.0256,0.2580645161290323,1.0208248264597797,0.0005222400000000002,1.007095652173913,"['Water', 'Cookies']",['Jam'],2,1
"Sugar, Milk","Bread, Butter",0.0444,0.2747524752475248,1.0206258367292897,0.0008972800000000072,1.0076559726962457,"['Sugar', 'Milk']","['Bread', 'Butter']",2,2
"Eggs, Water",Cheese,0.0268,0.27800829875518673,1.0205884682642685,0.000540640000000002,1.007767816091954,"['Eggs', 'Water']",['Cheese'],2,1
"Eggs, Bread",Tomato Sauce,0.0216,0.2571428571428571,1.020408163265306,0.00043199999999999836,1.0069230769230768,"['Eggs', 'Bread']",['Tomato Sauce'],2,1
Soap,Butter,0.0324,0.3432203389830508,1.0202744916261917,0.0006438399999999997,1.0103845161290321,['Soap'],['Butter'],1,1
"Tea, Jam",Milk,0.0232,0.42028985507246375,1.0201210074574363,0.000457599999999999,1.0143000000000002,"['Tea', 'Jam']",['Milk'],2,1
Tomato Sauce,"Bread, Butter",0.0692,0.27460317460317457,1.0200712280950022,0.0013616000000000045,1.007448577680525,['Tomato Sauce'],"['Bread', 'Butter']",1,2
"Bread, Butter",Tomato Sauce,0.0692,0.25705794947994054,1.0200712280950022,0.0013616000000000045,1.006808,"['Bread', 'Butter']",['Tomato Sauce'],2,1
"Bread, Butter",Cheese,0.0748,0.27786032689450224,1.020045252916675,0.0014699200000000134,1.007561316872428,"['Bread', 'Butter']",['Cheese'],2,1
Cheese,"Bread, Butter",0.0748,0.2745961820851689,1.020045252916675,0.0014699200000000134,1.0074388663967613,['Cheese'],"['Bread', 'Butter']",1,2
"Tea, Cookies",Water,0.066,0.41250000000000003,1.0200296735905046,0.0012960000000000055,1.0137872340425533,"['Tea', 'Cookies']",['Water'],2,1
"Cheese, Wine",Soda,0.0324,0.28027681660899656,1.0199301914446746,0.0006331200000000009,1.0076096153846157,"['Cheese', 'Wine']",['Soda'],2,1
"Soda, Sugar",Bread,0.026,0.3532608695652174,1.0198062054423136,0.0005049599999999987,1.0106084033613445,"['Soda', 'Sugar']",['Bread'],2,1
"Cheese, Water",Baby Wipes,0.024,0.21660649819494587,1.0198046054375982,0.00046608000000000066,1.005369585253456,"['Cheese', 'Water']",['Baby Wipes'],2,1
"Coffee, Sugar, Milk",Butter,0.0472,0.3430232558139535,1.0196886320272103,0.00091136,1.0100814159292033,"['Coffee', 'Sugar', 'Milk']",['Butter'],3,1
"Soda, Tea",Butter,0.024,0.3428571428571428,1.0191948360794971,0.000452000000000001,1.0098260869565214,"['Soda', 'Tea']",['Butter'],2,1
"Cheese, Water, Tomato Sauce",Milk,0.022,0.4198473282442748,1.0190469132142592,0.00041120000000000045,1.0135263157894736,"['Cheese', 'Water', 'Tomato Sauce']",['Milk'],3,1
"Tomato Sauce, Bread",Tea,0.0208,0.23636363636363636,1.018808777429467,0.0003839999999999989,1.0057142857142858,"['Tomato Sauce', 'Bread']",['Tea'],2,1
"Tea, Bread",Cheese,0.0212,0.2774869109947644,1.0186744162803394,0.0003886400000000026,1.007040579710145,"['Tea', 'Bread']",['Cheese'],2,1
"Eggs, Jam",Milk,0.024,0.4195804195804196,1.0183990766515039,0.00043360000000000273,1.0130602409638556,"['Eggs', 'Jam']",['Milk'],2,1
"Coffee, Butter",Soda,0.0244,0.27981651376146793,1.018255144692387,0.0004374400000000042,1.0069656050955416,"['Coffee', 'Butter']",['Soda'],2,1
"Coffee, Bread",Eggs,0.0208,0.23008849557522124,1.0180906883859346,0.0003696000000000012,1.0053103448275862,"['Coffee', 'Bread']",['Eggs'],2,1
Yogurt,Eggs,0.0484,0.2300380228136882,1.017867357582691,0.000849599999999999,1.0052444444444446,['Yogurt'],['Eggs'],1,1
Eggs,Yogurt,0.0484,0.2141592920353982,1.017867357582691,0.000849599999999999,1.0047837837837836,['Eggs'],['Yogurt'],1,1
Soap,Soda,0.0264,0.2796610169491526,1.0176892902079788,0.0004588800000000018,1.0067482352941177,['Soap'],['Soda'],1,1
Rice,Baby Wipes,0.0236,0.2161172161172161,1.0175010175010173,0.0004059199999999971,1.0047420560747664,['Rice'],['Baby Wipes'],1,1
"Bread, Baby Wipes, Butter",Milk,0.0228,0.4191176470588236,1.0172758423757855,0.0003872000000000042,1.0122531645569623,"['Bread', 'Baby Wipes', 'Butter']",['Milk'],3,1
"Eggs, Bread",Milk,0.0352,0.41904761904761906,1.0171058714748036,0.0005920000000000022,1.0121311475409838,"['Eggs', 'Bread']",['Milk'],2,1
"Water, Butter",Eggs,0.0308,0.2298507462686567,1.0170387003037906,0.0005159999999999991,1.0050000000000001,"['Water', 'Butter']",['Eggs'],2,1
"Bread, Butter",Milk,0.1128,0.41901931649331353,1.0170371759546446,0.0018896000000000052,1.0120818414322252,"['Bread', 'Butter']",['Milk'],2,1
Milk,"Bread, Butter",0.1128,0.2737864077669903,1.0170371759546446,0.0018896000000000052,1.0063155080213904,['Milk'],"['Bread', 'Butter']",1,2
"Eggs, Butter",Tomato Sauce,0.0204,0.2562814070351759,1.0169897104570471,0.00034079999999999874,1.0057567567567567,"['Eggs', 'Butter']",['Tomato Sauce'],2,1
"Beer, Diapers",Jam,0.022,0.2570093457943925,1.0166508931740208,0.0003603199999999973,1.0056654088050314,"['Beer', 'Diapers']",['Jam'],2,1
Wine,Tomato Sauce,0.0456,0.2561797752808989,1.016586409844837,0.0007440000000000016,1.005619335347432,['Wine'],['Tomato Sauce'],1,1
Jam,Cheese,0.07,0.27689873417721517,1.0165151768620235,0.0011372800000000044,1.0062214442013129,['Jam'],['Cheese'],1,1
Cheese,Jam,0.07,0.2569750367107196,1.0165151768620235,0.0011372800000000044,1.0056189723320157,['Cheese'],['Jam'],1,1
"Cheese, Eggs",Water,0.0268,0.41104294478527614,1.0164266686084968,0.0004331200000000056,1.0112791666666667,"['Cheese', 'Eggs']",['Water'],2,1
"Milk, Sugar, Bread",Water,0.024,0.410958904109589,1.0162188528921587,0.00038304000000000116,1.0111348837209302,"['Milk', 'Sugar', 'Bread']",['Water'],3,1
Baby Wipes,Sugar,0.0556,0.26177024482109224,1.0161888385911966,0.0008857599999999993,1.0056489795918366,['Baby Wipes'],['Sugar'],1,1
Sugar,Baby Wipes,0.0556,0.21583850931677018,1.0161888385911966,0.0008857599999999993,1.0043849504950495,['Sugar'],['Baby Wipes'],1,1
"Sugar, Milk",Water,0.0664,0.4108910891089109,1.0160511600121438,0.0010489600000000016,1.0110184873949581,"['Sugar', 'Milk']",['Water'],2,1
Butter,Milk,0.1408,0.4185493460166469,1.0158964709141916,0.0022032000000000163,1.011263803680982,['Butter'],['Milk'],1,1
Milk,Butter,0.1408,0.34174757281553403,1.0158964709141916,0.0022032000000000163,1.0081238938053099,['Milk'],['Butter'],1,1
"Sugar, Tomato Sauce",Water,0.0276,0.41071428571428575,1.0156139607178185,0.00042432000000000233,1.0107151515151518,"['Sugar', 'Tomato Sauce']",['Water'],2,1
"Soda, Butter",Sugar,0.0248,0.2616033755274262,1.0155410540660954,0.00037952000000000125,1.0054217142857143,"['Soda', 'Butter']",['Sugar'],2,1
Water,Milk,0.1692,0.41839762611275966,1.0155282187202905,0.0025872000000000117,1.0110000000000001,['Water'],['Milk'],1,1
Milk,Water,0.1692,0.41067961165048544,1.0155282187202905,0.0025872000000000117,1.01065568369028,['Milk'],['Water'],1,1
"Coffee, Milk",Eggs,0.0436,0.2294736842105263,1.015370284117373,0.0006600000000000009,1.0045081967213114,"['Coffee', 'Milk']",['Eggs'],2,1
"Tea, Tomato Sauce",Water,0.0248,0.4105960264900662,1.0153215294017464,0.0003742399999999979,1.0105123595505618,"['Tea', 'Tomato Sauce']",['Water'],2,1
"Jam, Tomato Sauce",Water,0.0248,0.4105960264900662,1.0153215294017464,0.0003742399999999979,1.0105123595505618,"['Jam', 'Tomato Sauce']",['Water'],2,1
Yogurt,Milk,0.088,0.4182509505703422,1.0151722101221898,0.0013152000000000025,1.0107450980392159,['Yogurt'],['Milk'],1,1
Milk,Yogurt,0.088,0.21359223300970873,1.0151722101221898,0.0013152000000000025,1.0040592592592592,['Milk'],['Yogurt'],1,1
Juice,Coffee,0.028,0.2545454545454546,1.0149340292880964,0.00041199999999999917,1.0050243902439024,['Juice'],['Coffee'],1,1
"Milk, Bread",Tea,0.034,0.23545706371191139,1.014901136689273,0.0004991999999999983,1.0045217391304349,"['Milk', 'Bread']",['Tea'],2,1
"Cheese, Jam, Bread",Milk,0.0204,0.4180327868852459,1.0146426866146747,0.0002944000000000002,1.0103661971830988,"['Cheese', 'Jam', 'Bread']",['Milk'],3,1
Shampoo,Bread,0.0336,0.3514644351464435,1.0146201938407722,0.00048415999999999737,1.0078090322580644,['Shampoo'],['Bread'],1,1
"Coffee, Sugar, Butter",Water,0.0256,0.4102564102564103,1.014481726647899,0.00036544000000000507,1.0099304347826088,"['Coffee', 'Sugar', 'Butter']",['Water'],3,1
"Pasta, Milk",Water,0.0384,0.4102564102564102,1.0144817266478987,0.0005481599999999989,1.0099304347826086,"['Pasta', 'Milk']",['Water'],2,1
"Cookies, Milk","Bread, Butter",0.0272,0.27309236947791166,1.0144590248065068,0.00038768000000000136,1.0053546961325968,"['Cookies', 'Milk']","['Bread', 'Butter']",2,2
Diapers,Jam,0.04,0.25641025641025644,1.0142810775722169,0.0005631999999999998,1.004855172413793,['Diapers'],['Jam'],1,1
"Eggs, Milk",Jam,0.024,0.2564102564102564,1.0142810775722166,0.0003379199999999985,1.004855172413793,"['Eggs', 'Milk']",['Jam'],2,1
"Jam, Bread, Butter",Baby Wipes,0.038,0.21541950113378683,1.0142161070328946,0.0005326400000000009,1.0038485549132947,"['Jam', 'Bread', 'Butter']",['Baby Wipes'],3,1
"Soda, Bread",Yogurt,0.0204,0.21338912133891214,1.0142068504701147,0.0002857599999999995,1.0037999999999998,"['Soda', 'Bread']",['Yogurt'],2,1
Shampoo,Yogurt,0.0204,0.21338912133891214,1.0142068504701147,0.0002857599999999995,1.0037999999999998,['Shampoo'],['Yogurt'],1,1
"Coffee, Eggs",Water,0.0228,0.4100719424460432,1.0140255747923919,0.0003153600000000041,1.0096146341463417,"['Coffee', 'Eggs']",['Water'],2,1
"Diapers, Baby Wipes",Milk,0.0528,0.4177215189873417,1.013887182008111,0.0007232000000000002,1.0098260869565219,"['Diapers', 'Baby Wipes']",['Milk'],2,1
"Sugar, Tomato Sauce",Bread,0.0236,0.3511904761904762,1.013829319256571,0.0003219200000000033,1.0073834862385322,"['Sugar', 'Tomato Sauce']",['Bread'],2,1
"Coffee, Water",Tomato Sauce,0.024,0.2553191489361702,1.0131712259371832,0.0003119999999999998,1.0044571428571427,"['Coffee', 'Water']",['Tomato Sauce'],2,1
Sugar,Bread,0.0904,0.35093167701863354,1.0130822084833533,0.0011673600000000062,1.006981818181818,['Sugar'],['Bread'],1,1
Bread,Sugar,0.0904,0.26096997690531176,1.013082208483353,0.0011673600000000062,1.00456,['Bread'],['Sugar'],1,1
"Water, Bread, Butter",Milk,0.0424,0.4173228346456693,1.0129195015671586,0.000540800000000001,1.0091351351351354,"['Water', 'Bread', 'Butter']",['Milk'],3,1
Olive Oil,Water,0.0344,0.4095238095238095,1.0126701521360275,0.00043039999999999745,1.0086774193548387,['Olive Oil'],['Water'],1,1
Beer,Jam,0.0432,0.2559241706161137,1.012358269842222,0.0005273599999999976,1.0041987261146497,['Beer'],['Jam'],1,1
"Milk, Croissant",Water,0.0244,0.40939597315436244,1.0123540384628151,0.0002977600000000011,1.008459090909091,"['Milk', 'Croissant']",['Water'],2,1
"Coffee, Sugar",Eggs,0.042,0.22875816993464052,1.0122042917461969,0.0005063999999999971,1.0035762711864407,"['Coffee', 'Sugar']",['Eggs'],2,1
Yogurt,Cheese,0.058,0.27566539923954375,1.0119875155636702,0.0006870400000000068,1.0045081364829396,['Yogurt'],['Cheese'],1,1
Cheese,Yogurt,0.058,0.2129221732745962,1.0119875155636702,0.0006870400000000068,1.0032044776119402,['Cheese'],['Yogurt'],1,1
"Coffee, Water",Butter,0.032,0.3404255319148936,1.0119665039087207,0.00037840000000000096,1.0061032258064517,"['Coffee', 'Water']",['Butter'],2,1
Bread,Milk,0.1444,0.4168591224018476,1.0117939864122514,0.0016832000000000236,1.008332673267327,['Bread'],['Milk'],1,1
Milk,Bread,0.1444,0.3504854368932039,1.0117939864122514,0.0016832000000000236,1.0062899850523168,['Milk'],['Bread'],1,1
"Cheese, Pasta, Tomato Sauce",Soda,0.0328,0.2779661016949153,1.0115214763279305,0.00037360000000000865,1.0043849765258217,"['Cheese', 'Pasta', 'Tomato Sauce']",['Soda'],3,1
"Bread, Baby Wipes",Milk,0.032,0.4166666666666667,1.011326860841424,0.00035840000000000177,1.0080000000000002,"['Bread', 'Baby Wipes']",['Milk'],2,1
"Coffee, Milk",Soda,0.0528,0.27789473684210525,1.011261778901402,0.0005879999999999982,1.0042857142857142,"['Coffee', 'Milk']",['Soda'],2,1
Eggs,Soda,0.0628,0.2778761061946902,1.0111939817856268,0.000695199999999993,1.0042598039215687,['Eggs'],['Soda'],1,1
Soda,Eggs,0.0628,0.22852983988355166,1.0111939817856268,0.000695199999999993,1.0032792452830188,['Soda'],['Eggs'],1,1
"Bread, Butter",Soda,0.0748,0.27786032689450224,1.0111365607514637,0.0008238400000000062,1.0042378600823045,"['Bread', 'Butter']",['Soda'],2,1
Soda,"Bread, Butter",0.0748,0.27219796215429404,1.0111365607514637,0.0008238400000000062,1.0041192,['Soda'],"['Bread', 'Butter']",1,2
Soap,Cheese,0.026,0.2754237288135593,1.0111003260409668,0.0002854400000000014,1.0041730994152047,['Soap'],['Cheese'],1,1
"Yogurt, Water",Coffee,0.0216,0.2535211267605634,1.0108497877215445,0.00023184000000000052,1.0036452830188678,"['Yogurt', 'Water']",['Coffee'],2,1
"Eggs, Milk",Soda,0.026,0.27777777777777773,1.0108361636745915,0.00027871999999999966,1.004123076923077,"['Eggs', 'Milk']",['Soda'],2,1
"Cheese, Milk","Bread, Butter",0.032,0.272108843537415,1.0108055109116456,0.00034208000000000155,1.003996261682243,"['Cheese', 'Milk']","['Bread', 'Butter']",2,2
"Sugar, Butter",Water,0.034,0.4086538461538462,1.0105189074031806,0.00035392000000000756,1.0071934959349595,"['Sugar', 'Butter']",['Water'],2,1
"Coffee, Sugar",Butter,0.0624,0.3398692810457516,1.010312963869654,0.0006369599999999989,1.0052554455445541,"['Coffee', 'Sugar']",['Butter'],2,1
"Tea, Milk","Bread, Butter",0.0248,0.27192982456140347,1.0101405072860457,0.00024895999999999946,1.0037493975903613,"['Tea', 'Milk']","['Bread', 'Butter']",2,2
Cheese,Soda,0.0756,0.27753303964757714,1.0099455591250988,0.0007444800000000057,1.0037829268292684,['Cheese'],['Soda'],1,1
Soda,Cheese,0.0756,0.2751091703056769,1.0099455591250988,0.0007444800000000057,1.0037373493975905,['Soda'],['Cheese'],1,1
"Tea, Cookies, Milk",Butter,0.0212,0.33974358974358976,1.0099393274185189,0.000208640000000003,1.005064077669903,"['Tea', 'Cookies', 'Milk']",['Butter'],3,1
"Tea, Milk",Eggs,0.0208,0.22807017543859648,1.0091600683123738,0.00018879999999999938,1.0026818181818182,"['Tea', 'Milk']",['Eggs'],2,1
"Jam, Water, Bread",Milk,0.0296,0.4157303370786517,1.0090542162103198,0.0002656000000000047,1.0063846153846157,"['Jam', 'Water', 'Bread']",['Milk'],3,1
Cookies,Milk,0.0996,0.4156928213689482,1.0089631586624956,0.0008847999999999911,1.0063199999999999,['Cookies'],['Milk'],1,1
Milk,Cookies,0.0996,0.24174757281553397,1.0089631586624956,0.0008847999999999911,1.002832266325224,['Milk'],['Cookies'],1,1
Cheese,Bread,0.0952,0.3494860499265786,1.0089089201113701,0.0008406400000000175,1.0047440180586908,['Cheese'],['Bread'],1,1
Bread,Cheese,0.0952,0.2748267898383372,1.0089089201113701,0.0008406400000000175,1.0033464968152868,['Bread'],['Cheese'],1,1
"Pasta, Sugar, Tomato Sauce",Water,0.0204,0.40800000000000003,1.0089020771513355,0.0001799999999999996,1.0060810810810812,"['Pasta', 'Sugar', 'Tomato Sauce']",['Water'],3,1
"Tea, Cookies",Jam,0.0408,0.255,1.0087025316455696,0.00035199999999999815,1.0029530201342283,"['Tea', 'Cookies']",['Jam'],2,1
"Cookies, Milk",Bread,0.0348,0.3493975903614458,1.008653551851749,0.00029856000000000327,1.0046074074074074,"['Cookies', 'Milk']",['Bread'],2,1
"Yogurt, Sugar",Water,0.0248,0.40789473684210525,1.0086417824977876,0.000212480000000001,1.0059022222222223,"['Yogurt', 'Sugar']",['Water'],2,1
"Pasta, Tomato Sauce",Water,0.0708,0.4078341013824885,1.0084918431812278,0.0005961599999999984,1.0057992217898832,"['Pasta', 'Tomato Sauce']",['Water'],2,1
"Soda, Water",Jam,0.026,0.2549019607843137,1.0083147182923802,0.00021439999999999654,1.0028210526315788,"['Soda', 'Water']",['Jam'],2,1
Diapers,Water,0.0636,0.40769230769230774,1.0081412158563496,0.0005136000000000029,1.0055584415584418,['Diapers'],['Water'],1,1
Tomato Sauce,Bread,0.088,0.3492063492063492,1.0081014699952344,0.0007071999999999912,1.0043121951219511,['Tomato Sauce'],['Bread'],1,1
Bread,Tomato Sauce,0.088,0.25404157043879905,1.0081014699952342,0.0007071999999999912,1.0027368421052631,['Bread'],['Tomato Sauce'],1,1
"Coffee, Sugar",Cheese,0.0504,0.2745098039215686,1.0077452420028217,0.00038736000000000326,1.002908108108108,"['Coffee', 'Sugar']",['Cheese'],2,1
Diapers,Soda,0.0432,0.27692307692307694,1.007725898555593,0.0003312000000000037,1.0029361702127662,['Diapers'],['Soda'],1,1
"Cheese, Water",Milk,0.046,0.4151624548736462,1.0076758613438015,0.0003504000000000007,1.0054074074074075,"['Cheese', 'Water']",['Milk'],2,1
"Sugar, Milk",Eggs,0.0368,0.22772277227722773,1.0076228861824235,0.0002783999999999981,1.0022307692307693,"['Sugar', 'Milk']",['Eggs'],2,1
"Pasta, Tomato Sauce",Yogurt,0.0368,0.2119815668202765,1.007516952567854,0.0002745600000000001,1.0020070175438596,"['Pasta', 'Tomato Sauce']",['Yogurt'],2,1
Shampoo,Butter,0.0324,0.33891213389121333,1.0074676988442728,0.0002401599999999962,1.0037999999999998,['Shampoo'],['Butter'],1,1
Diapers,Tomato Sauce,0.0396,0.2538461538461539,1.0073260073260075,0.00028800000000000353,1.0024742268041238,['Diapers'],['Tomato Sauce'],1,1
"Water, Butter",Tomato Sauce,0.034,0.2537313432835821,1.0068704098554846,0.00023200000000000304,1.00232,"['Water', 'Butter']",['Tomato Sauce'],2,1
"Jam, Milk",Cookies,0.0248,0.2412451361867704,1.0068661777411119,0.0001691199999999983,1.002168205128205,"['Jam', 'Milk']",['Cookies'],2,1
"Water, Tomato Sauce",Butter,0.034,0.33864541832669326,1.0066748463932618,0.00022544000000000036,1.0033951807228916,"['Water', 'Tomato Sauce']",['Butter'],2,1
"Milk, Bread, Butter",Cookies,0.0272,0.24113475177304963,1.0064054748457831,0.00017311999999999883,1.0020224299065421,"['Milk', 'Bread', 'Butter']",['Cookies'],3,1
"Tea, Milk",Jam,0.0232,0.25438596491228066,1.006273595380857,0.0001446399999999945,1.0021270588235291,"['Tea', 'Milk']",['Jam'],2,1
"Soda, Baby Wipes",Water,0.0236,0.4068965517241379,1.0061734711279375,0.00014480000000000048,1.0042093023255814,"['Soda', 'Baby Wipes']",['Water'],2,1
"Yogurt, Water",Tomato Sauce,0.0216,0.2535211267605634,1.0060362173038229,0.00012960000000000055,1.0020377358490566,"['Yogurt', 'Water']",['Tomato Sauce'],2,1
"Milk, Bread",Cookies,0.0348,0.24099722991689748,1.0058315105045805,0.00020175999999999528,1.0018408759124087,"['Milk', 'Bread']",['Cookies'],2,1
Cheese,Water,0.1108,0.4067547723935389,1.0058228793114217,0.000641440000000007,1.0039693069306932,['Cheese'],['Water'],1,1
Water,Cheese,0.1108,0.27398615232443124,1.0058228793114217,0.000641440000000007,1.0021847411444142,['Water'],['Cheese'],1,1
Baby Wipes,Milk,0.088,0.41431261770244815,1.0056131497632237,0.0004911999999999972,1.0039485530546624,['Baby Wipes'],['Milk'],1,1
Milk,Baby Wipes,0.088,0.21359223300970873,1.0056131497632237,0.0004911999999999972,1.001516049382716,['Milk'],['Baby Wipes'],1,1
Eggs,Milk,0.0936,0.41415929203539825,1.0052410000859182,0.0004880000000000023,1.0036858006042297,['Eggs'],['Milk'],1,1
Milk,Eggs,0.0936,0.2271844660194175,1.005241000085918,0.0004880000000000023,1.001532663316583,['Milk'],['Eggs'],1,1
"Jam, Sugar",Water,0.0252,0.4064516129032258,1.0050732267636642,0.00012720000000000092,1.0034565217391305,"['Jam', 'Sugar']",['Water'],2,1
"Eggs, Bread",Soda,0.0232,0.27619047619047615,1.0050599570250225,0.00011679999999999677,1.001921052631579,"['Eggs', 'Bread']",['Soda'],2,1
"Soda, Eggs",Milk,0.026,0.4140127388535032,1.0048852884793769,0.0001264000000000022,1.0034347826086958,"['Soda', 'Eggs']",['Milk'],2,1
"Diapers, Baby Wipes",Tomato Sauce,0.032,0.2531645569620253,1.0046212577858147,0.0001472000000000001,1.0015593220338983,"['Diapers', 'Baby Wipes']",['Tomato Sauce'],2,1
Soda,Bread,0.0956,0.3478893740902475,1.0042995787824698,0.00040928000000001186,1.0022839285714287,['Soda'],['Bread'],1,1
Bread,Soda,0.0956,0.2759815242494227,1.0042995787824698,0.00040928000000001186,1.001631897926635,['Bread'],['Soda'],1,1
"Coffee, Sugar, Bread, Butter",Water,0.0216,0.406015037593985,1.0039936636844338,8.592000000000322e-05,1.0027189873417723,"['Coffee', 'Sugar', 'Bread', 'Butter']",['Water'],4,1
"Jam, Butter",Milk,0.0764,0.4134199134199134,1.0034463917959064,0.00026240000000000985,1.0024206642066422,"['Jam', 'Butter']",['Milk'],2,1
"Sugar, Water, Milk",Butter,0.0224,0.3373493975903614,1.0028222282709913,6.304000000000032e-05,1.0014327272727273,"['Sugar', 'Water', 'Milk']",['Butter'],3,1
"Cookies, Milk",Butter,0.0336,0.3373493975903614,1.0028222282709913,9.456000000000048e-05,1.0014327272727273,"['Cookies', 'Milk']",['Butter'],2,1
"Jam, Bread",Milk,0.076,0.41304347826086957,1.0025327142254117,0.00019199999999999773,1.001777777777778,"['Jam', 'Bread']",['Milk'],2,1
"Pasta, Sugar",Water,0.024,0.4054054054054054,1.0024861656909134,5.9520000000000406e-05,1.001690909090909,"['Pasta', 'Sugar']",['Water'],2,1
"Coffee, Water, Milk",Butter,0.024,0.33707865168539325,1.0020173950219777,4.8320000000001e-05,1.0010237288135593,"['Coffee', 'Water', 'Milk']",['Butter'],3,1
"Pasta, Tomato Sauce, Milk",Water,0.0316,0.4051282051282052,1.0018007050648001,5.680000000000268e-05,1.0012241379310347,"['Pasta', 'Tomato Sauce', 'Milk']",['Water'],3,1
Juice,Cookies,0.0264,0.24,1.001669449081803,4.39999999999989e-05,1.0005263157894737,['Juice'],['Cookies'],1,1
"Soda, Sugar",Butter,0.0248,0.33695652173913043,1.0016543452411726,4.095999999999961e-05,1.000839344262295,"['Soda', 'Sugar']",['Butter'],2,1
Jam,Water,0.1024,0.4050632911392405,1.0016401858042545,0.00016768000000000338,1.001114893617021,['Jam'],['Water'],1,1
Water,Jam,0.1024,0.2532146389713156,1.0016401858042545,0.00016768000000000338,1.0005552317880795,['Water'],['Jam'],1,1
Olive Oil,Tomato Sauce,0.0212,0.2523809523809524,1.00151171579743,3.199999999999731e-05,1.0005095541401274,['Olive Oil'],['Tomato Sauce'],1,1
Yogurt,Water,0.0852,0.40494296577946765,1.001342645349821,0.00011424000000000156,1.0009124600638977,['Yogurt'],['Water'],1,1
Water,Yogurt,0.0852,0.21068249258160238,1.001342645349821,0.00011424000000000156,1.0003578947368421,['Water'],['Yogurt'],1,1
"Jam, Butter",Cheese,0.0504,0.27272727272727276,1.0012014417300763,6.048000000000858e-05,1.00045,"['Jam', 'Butter']",['Cheese'],2,1
Jam,Eggs,0.0572,0.2262658227848101,1.0011762070124341,6.719999999999643e-05,1.0003435582822087,['Jam'],['Eggs'],1,1
Eggs,Jam,0.0572,0.25309734513274335,1.001176207012434,6.719999999999643e-05,1.0003981042654029,['Eggs'],['Jam'],1,1
"Soda, Bread",Coffee,0.024,0.2510460251046025,1.0009809613421152,2.3519999999995628e-05,1.0003284916201116,"['Soda', 'Bread']",['Coffee'],2,1
Shampoo,Coffee,0.024,0.2510460251046025,1.0009809613421152,2.3519999999995628e-05,1.0003284916201116,['Shampoo'],['Coffee'],1,1
"Coffee, Sugar, Milk",Jam,0.0348,0.25290697674418605,1.0004231675007358,1.4719999999995848e-05,1.0001431906614786,"['Coffee', 'Sugar', 'Milk']",['Jam'],3,1
"Tea, Butter",Milk,0.03,0.41208791208791207,1.0002133788541556,6.4000000000001556e-06,1.0001495327102805,"['Tea', 'Butter']",['Milk'],2,1
Bagel,Jam,0.0268,0.2528301886792453,1.00011941724385,3.199999999998343e-06,1.0000404040404038,['Bagel'],['Jam'],1,1
